cohort_definition_id,subject_id,cohort_start_date,cohort_end_date
5,500001,2021-07-16,2026-09-01
5,500002,2019-12-06,2026-09-01
5,500003,2020-11-24,2026-09-01
5,500004,2022-10-12,2026-09-01
5,500005,2022-01-31,2026-09-01
5,500006,2020-08-21,2026-09-01
5,500007,2022-11-10,2026-09-01
5,500008,2022-12-30,2026-09-01
5,500009,2019-07-17,2026-09-01
5,500010,2021-05-17,2026-09-01
5,500011,2019-10-07,2026-09-01
5,500012,2019-11-26,2026-09-01
5,500013,2019-08-31,2026-09-01
5,500014,2021-10-23,2026-09-01
5,500015,2021-10-06,2026-09-01
5,500016,2019-04-26,2026-09-01
5,500017,2021-02-05,2026-09-01
5,500018,2020-12-11,2026-09-01
5,500019,2019-09-18,2026-09-01
5,500020,2022-06-01,2026-09-01
5,500021,2021-04-19,2026-09-01
5,500022,2019-08-13,2026-09-01
5,500023,2020-09-10,2026-09-01
5,500024,2022-04-14,2026-09-01
5,500025,2022-12-06,2026-09-01
5,500026,2019-02-13,2026-09-01
5,500027,2021-07-14,2026-09-01
5,500028,2022-11-14,2026-09-01
5,500029,2021-09-30,2026-09-01
5,500030,2022-05-20,2026-09-01
5,500031,2021-10-20,2026-09-01
NOT_A_NUMBER,500032,2020-03-11,2026-09-01
5,500033,2020-06-19,2026-09-01
5,500034,2019-02-28,2026-09-01
5,500035,2021-02-21,2026-09-01
5,500036,2019-11-23,2026-09-01
5,500037,2020-09-08,2026-09-01
5,500038,2019-12-09,2026-09-01
5,500039,2022-06-02,2026-09-01
5,500040,2022-12-25,2025-04-25
5,500041,2021-11-17,2026-09-01
5,500042,2019-04-26,2026-09-01
5,500043,2019-11-27,2026-09-01
5,500044,2019-07-08,2026-09-01
5,500045,2022-09-04,2026-09-01
5,500046,2020-03-06,2026-09-01
5,500047,2019-10-28,2026-09-01
5,500048,2022-11-18,2026-09-01
5,500049,2020-02-12,2026-09-01
5,500050,2019-08-14,2026-09-01
5,500051,2020-10-24,2026-09-01
5,500052,2020-01-18,2026-09-01
5,500053,2021-06-08,2026-09-01
5,500054,2019-09-16,2026-09-01
5,500055,2021-09-18,2026-09-01
5,500056,2020-11-06,2026-07-31
5,500057,2022-02-19,2026-09-01
5,500058,2020-02-26,2026-09-01
5,500059,2021-09-26,2026-09-01
5,500060,2019-01-27,2026-09-01
5,500061,2019-03-19,2026-09-01
NOT_A_NUMBER,500062,2020-10-31,2026-09-01
5,500063,2021-01-08,2026-09-01
5,500064,2020-07-13,2026-09-01
5,500065,2020-05-29,2026-09-01
5,500066,2021-08-16,2026-09-01
5,500067,2020-12-28,2026-09-01
5,500068,2021-04-09,2026-09-01
5,500069,2020-07-03,2026-09-01
5,500070,2022-10-19,2026-09-01
5,500071,2022-02-23,2026-09-01
5,500072,2019-07-25,2026-09-01
5,500073,2021-07-29,2026-09-01
5,500074,2019-05-31,2026-09-01
5,500075,2020-12-19,2026-09-01
5,500076,2019-03-22,2026-09-01
5,500077,2019-09-26,2026-09-01
5,500078,2019-07-13,2026-09-01
5,500079,2021-05-22,2026-09-01
5,500080,2021-10-01,2026-09-01
NOT_A_NUMBER,500081,2019-10-27,2026-09-01
5,500082,2019-10-20,2026-09-01
5,500083,2020-12-13,2026-09-01
5,500084,2021-02-26,2026-09-01
5,500085,2020-06-22,2026-09-01
5,500086,2020-11-17,2026-09-01
5,500087,2022-12-03,2026-09-01
5,500088,2019-12-25,2026-09-01
5,500089,2019-09-14,2026-09-01
5,500090,2020-07-03,2026-09-01
5,500091,2021-11-01,2026-09-01
5,500092,2020-06-25,2026-09-01
5,500093,2022-01-08,2026-09-01
5,500094,2019-12-06,2026-09-01
5,500095,2020-05-22,2026-09-01
5,500096,2022-01-20,2026-01-21
5,500097,2021-03-14,2026-09-01
5,500098,2022-06-13,2026-09-01
5,500099,2022-09-26,2026-09-01
5,500100,2019-01-03,2026-09-01
