condition_occurrence_id,person_id,condition_concept_id,condition_start_date,condition_end_date,condition_type_concept_id,condition_status_concept_id,visit_occurrence_id,condition_source_value
500001,500001,201826,2021-07-16,,32817,,500001,E11.9
500002,500001,433736,2021-07-16,,32817,,500001,E66.9
500003,500002,201826,2019-12-06,,32817,,500018,E11.9
500004,500002,432867,2019-12-06,,32817,,500018,E78.5
500005,500002,24609,2023-08-17,,32817,,500033,E16.2
500006,500003,201826,2020-11-24,,32817,,500040,E11.9
500007,500003,432867,2020-11-24,,32817,,500040,E78.5
500008,500004,201826,2022-10-12,,32817,,500057,E11.9
500009,500004,320128,2022-10-12,,32817,,500057,I10
500010,500004,432867,2022-10-12,,32817,,500057,E78.5
500011,500005,201826,2022-01-31,,32817,,500073,E11.9
500012,500005,320128,2022-01-31,,32817,,500073,I10
500013,500005,433736,2022-01-31,,32817,,500073,E66.9
500014,500006,201826,2020-08-21,,32817,,500092,E11.9
500015,500006,320128,2020-08-21,,32817,,500092,I10
500016,500006,432867,2020-08-21,,32817,,500092,E78.5
500017,500007,201826,2022-11-10,,32817,,500105,E11.9
500018,500007,320128,2022-11-10,,32817,,500105,I10
500019,500007,432867,2022-11-10,,32817,,500105,E78.5
500020,500008,201826,2022-12-30,,32817,,500121,E11.9
500021,500008,320128,2022-12-30,,32817,,500121,I10
500022,500008,433736,2022-12-30,,32817,,500121,E66.9
500023,500008,24609,2025-07-11,,32817,,500132,E16.2
500024,500009,201826,2019-07-17,,32817,,500135,E11.9
500025,500009,320128,2019-07-17,,32817,,500135,I10
500026,500009,433736,2019-07-17,,32817,,500135,E66.9
500027,500010,201826,2021-05-17,,32817,,500152,E11.9
500028,500010,320128,2021-05-17,,32817,,500152,I10
500029,500010,433736,2021-05-17,,32817,,500152,E66.9
500030,500011,201826,2019-10-07,,32817,,500165,E11.9
500031,500011,320128,2019-10-07,,32817,,500165,I10
500032,500011,432867,2019-10-07,,32817,,500165,E78.5
500033,500011,24609,2020-11-06,,32817,,500170,E16.2
500034,500012,201826,2019-11-26,,32817,,500179,E11.9
500035,500013,201826,2019-08-31,,32817,,500204,E11.9
500036,500014,201826,2021-10-23,,32817,,500217,E11.9
500037,500014,320128,2021-10-23,,32817,,500217,I10
500038,500014,432867,2021-10-23,,32817,,500217,E78.5
500039,500014,433736,2021-10-23,,32817,,500217,E66.9
500040,500015,201826,2021-10-06,,32817,,500234,E11.9
500041,500015,432867,2021-10-06,,32817,,500234,E78.5
500042,500016,201826,2019-04-26,,32817,,500254,E11.9
500043,500016,432867,2019-04-26,,32817,,500254,E78.5
500044,500016,433736,2019-04-26,,32817,,500254,E66.9
500045,500017,201826,2021-02-05,,32817,,500275,E11.9
500046,500018,201826,2020-12-11,,32817,,500288,E11.9
500047,500019,201826,2019-09-18,,32817,,500301,E11.9
500048,500019,320128,2019-09-18,,32817,,500301,I10
500049,500019,432867,2019-09-18,,32817,,500301,E78.5
500050,500019,433736,2019-09-18,,32817,,500301,E66.9
500051,500020,201826,2022-06-01,,32817,,500318,E11.9
500052,500020,320128,2022-06-01,,32817,,500318,I10
500053,500020,432867,2022-06-01,,32817,,500318,E78.5
500054,500021,201826,2021-04-19,,32817,,500331,E11.9
500055,500021,433736,2021-04-19,,32817,,500331,E66.9
500056,500022,201826,2019-08-13,,32817,,500352,E11.9
500057,500022,320128,2019-08-13,,32817,,500352,I10
500058,500022,432867,2019-08-13,,32817,,500352,E78.5
500059,500023,201826,2020-09-10,,32817,,500377,E11.9
500060,500023,320128,2020-09-10,,32817,,500377,I10
500061,500023,24609,2021-02-16,,32817,,500379,E16.2
500062,500024,201826,2022-04-14,,32817,,500399,E11.9
500063,500024,320128,2022-04-14,,32817,,500399,I10
500064,500024,433736,2022-04-14,,32817,,500399,E66.9
500065,500024,24609,2022-09-01,,32817,,500401,E16.2
500066,500025,201826,2022-12-06,,32817,,500413,E11.9
500067,500025,320128,2022-12-06,,32817,,500413,I10
500068,500025,432867,2022-12-06,,32817,,500413,E78.5
500069,500025,433736,2022-12-06,,32817,,500413,E66.9
500070,500025,24609,2026-03-12,,32817,,500427,E16.2
500071,500026,201826,2019-02-13,,32817,,500430,E11.9
500072,500026,320128,2019-02-13,,32817,,500430,I10
500073,500027,201826,2021-07-14,,32817,,500447,E11.9
500074,500027,432867,2021-07-14,,32817,,500447,E78.5
500075,500028,201826,2022-11-14,,32817,,500460,E11.9
500076,500028,432867,2022-11-14,,32817,,500460,E78.5
500077,500029,201826,2021-09-30,,32817,,500476,E11.9
500078,500029,320128,2021-09-30,,32817,,500476,I10
500079,500029,432867,2021-09-30,,32817,,500476,E78.5
500080,500030,201826,2022-05-20,,32817,,500489,E11.9
500081,500030,320128,2022-05-20,,32817,,500489,I10
500082,500030,433736,2022-05-20,,32817,,500489,E66.9
500083,500031,201826,2021-10-20,,32817,,500502,E11.9
500084,500031,320128,2021-10-20,,32817,,500502,I10
500085,500031,432867,2021-10-20,,32817,,500502,E78.5
500086,500031,433736,2021-10-20,,32817,,500502,E66.9
500087,500031,24609,2022-11-18,,32817,,500507,E16.2
500088,500031,24609,2025-03-02,,32817,,500517,E16.2
500089,500032,201826,2020-03-11,,32817,,500524,E11.9
500090,500032,432867,2020-03-11,,32817,,500524,E78.5
500091,500032,433736,2020-03-11,,32817,,500524,E66.9
500092,500033,201826,2020-06-19,,32817,,500541,E11.9
500093,500033,320128,2020-06-19,,32817,,500541,I10
500094,500034,201826,2019-02-28,,32817,,500554,E11.9
500095,500034,320128,2019-02-28,,32817,,500554,I10
500096,500034,432867,2019-02-28,,32817,,500554,E78.5
500097,500035,201826,2021-02-21,,32817,,500571,E11.9
500098,500036,201826,2019-11-23,,32817,,500594,E11.9
500099,500036,320128,2019-11-23,,32817,,500594,I10
500100,500036,432867,2019-11-23,,32817,,500594,E78.5
500101,500036,24609,2022-11-01,,32817,,500606,E16.2
500102,500037,201826,2020-09-08,,32817,,500612,E11.9
500103,500037,432867,2020-09-08,,32817,,500612,E78.5
500104,500037,433736,2020-09-08,,32817,,500612,E66.9
500105,500038,201826,2019-12-09,,32817,,500633,E11.9
500106,500038,432867,2019-12-09,,32817,,500633,E78.5
500107,500038,433736,2019-12-09,,32817,,500633,E66.9
500108,500039,201826,2022-06-02,,32817,,500658,E11.9
500109,500039,432867,2022-06-02,,32817,,500658,E78.5
500110,500040,201826,2022-12-25,,32817,,500675,E11.9
500111,500040,432867,2022-12-25,,32817,,500675,E78.5
500112,500040,433736,2022-12-25,,32817,,500675,E66.9
500113,500041,201826,2021-11-17,,32817,,500685,E11.9
500114,500041,320128,2021-11-17,,32817,,500685,I10
500115,500041,432867,2021-11-17,,32817,,500685,E78.5
500116,500041,433736,2021-11-17,,32817,,500685,E66.9
500117,500042,201826,2019-04-26,,32817,,500705,E11.9
500118,500042,432867,2019-04-26,,32817,,500705,E78.5
500119,500042,24609,2021-02-24,,32817,,500713,E16.2
500120,500043,201826,2019-11-27,,32817,,500719,E11.9
500121,500043,432867,2019-11-27,,32817,,500719,E78.5
500122,500043,24609,2020-05-16,,32817,,500721,E16.2
500123,500043,24609,2021-09-03,,32817,,500728,E16.2
500124,500044,201826,2019-07-08,,32817,,500742,E11.9
500125,500044,320128,2019-07-08,,32817,,500742,I10
500126,500044,432867,2019-07-08,,32817,,500742,E78.5
500127,500044,433736,2019-07-08,,32817,,500742,E66.9
500128,500045,201826,2022-09-04,,32817,,500767,E11.9
500129,500045,432867,2022-09-04,,32817,,500767,E78.5
500130,500045,433736,2022-09-04,,32817,,500767,E66.9
500131,500046,201826,2020-03-06,,32817,,500780,E11.9
500132,500046,432867,2020-03-06,,32817,,500780,E78.5
500133,500047,201826,2019-10-28,,32817,,500801,E11.9
500134,500047,432867,2019-10-28,,32817,,500801,E78.5
500135,500048,201826,2022-11-18,,32817,,500814,E11.9
500136,500048,433736,2022-11-18,,32817,,500814,E66.9
500137,500049,201826,2020-02-12,,32817,,500830,E11.9
500138,500049,320128,2020-02-12,,32817,,500830,I10
500139,500049,432867,2020-02-12,,32817,,500830,E78.5
500140,500049,433736,2020-02-12,,32817,,500830,E66.9
500141,500050,201826,2019-08-14,,32817,,500855,E11.9
500142,500050,320128,2019-08-14,,32817,,500855,I10
500143,500050,432867,2019-08-14,,32817,,500855,E78.5
500144,500051,201826,2020-10-24,,32817,,500868,E11.9
500145,500051,320128,2020-10-24,,32817,,500868,I10
500146,500051,24609,2025-05-11,,32817,,500887,E16.2
500147,500052,201826,2020-01-18,,32817,,500890,E11.9
500148,500052,433736,2020-01-18,,32817,,500890,E66.9
500149,500053,201826,2021-06-08,,32817,,500915,E11.9
500150,500053,320128,2021-06-08,,32817,,500915,I10
500151,500053,433736,2021-06-08,,32817,,500915,E66.9
500152,500054,201826,2019-09-16,,32817,,500937,E11.9
500153,500054,24609,2021-07-14,,32817,,500945,E16.2
500154,500054,24609,2023-07-19,,32817,,500954,E16.2
500155,500055,201826,2021-09-18,,32817,,500956,E11.9
500156,500055,320128,2021-09-18,,32817,,500956,I10
500157,500055,432867,2021-09-18,,32817,,500956,E78.5
500158,500056,201826,2020-11-06,,32817,,500969,E11.9
500159,500056,432867,2020-11-06,,32817,,500969,E78.5
500160,500056,433736,2020-11-06,,32817,,500969,E66.9
500161,500057,201826,2022-02-19,,32817,,500990,E11.9
500162,500057,320128,2022-02-19,,32817,,500990,I10
500163,500057,432867,2022-02-19,,32817,,500990,E78.5
500164,500058,201826,2020-02-26,,32817,,501007,E11.9
500165,500058,432867,2020-02-26,,32817,,501007,E78.5
500166,500059,201826,2021-09-26,,32817,,501020,E11.9
500167,500059,320128,2021-09-26,,32817,,501020,I10
500168,500059,24609,2022-10-24,,32817,,501025,E16.2
500169,500060,201826,2019-01-27,,32817,,501038,E11.9
500170,500060,320128,2019-01-27,,32817,,501038,I10
500171,500061,201826,2019-03-19,,32817,,501063,E11.9
500172,500061,320128,2019-03-19,,32817,,501063,I10
500173,500062,201826,2020-10-31,,32817,,501084,E11.9
500174,500062,432867,2020-10-31,,32817,,501084,E78.5
500175,500063,201826,2021-01-08,,32817,,501105,E11.9
500176,500064,201826,2020-07-13,,32817,,501122,E11.9
500177,500064,320128,2020-07-13,,32817,,501122,I10
500178,500064,432867,2020-07-13,,32817,,501122,E78.5
500179,500065,201826,2020-05-29,,32817,,501147,E11.9
500180,500065,432867,2020-05-29,,32817,,501147,E78.5
500181,500066,201826,2021-08-16,,32817,,501164,E11.9
500182,500066,320128,2021-08-16,,32817,,501164,I10
500183,500067,201826,2020-12-28,,32817,,501177,E11.9
500184,500067,320128,2020-12-28,,32817,,501177,I10
500185,500068,201826,2021-04-09,,32817,,501200,E11.9
500186,500069,201826,2020-07-03,,32817,,501213,E11.9
500187,500069,320128,2020-07-03,,32817,,501213,I10
500188,500069,433736,2020-07-03,,32817,,501213,E66.9
500189,500070,201826,2022-10-19,,32817,,501226,E11.9
500190,500070,432867,2022-10-19,,32817,,501226,E78.5
500191,500071,201826,2022-02-23,,32817,,501242,E11.9
500192,500071,320128,2022-02-23,,32817,,501242,I10
500193,500072,201826,2019-07-25,,32817,,501259,E11.9
500194,500072,320128,2019-07-25,,32817,,501259,I10
500195,500072,432867,2019-07-25,,32817,,501259,E78.5
500196,500073,201826,2021-07-29,,32817,,501280,E11.9
500197,500073,320128,2021-07-29,,32817,,501280,I10
500198,500073,432867,2021-07-29,,32817,,501280,E78.5
500199,500074,201826,2019-05-31,,32817,,501297,E11.9
500200,500075,201826,2020-12-19,,32817,,501314,E11.9
500201,500075,432867,2020-12-19,,32817,,501314,E78.5
500202,500075,24609,2022-11-02,,32817,,501322,E16.2
500203,500076,201826,2019-03-22,,32817,,501328,E11.9
500204,500076,320128,2019-03-22,,32817,,501328,I10
500205,500077,201826,2019-09-26,,32817,,501341,E11.9
500206,500077,320128,2019-09-26,,32817,,501341,I10
500207,500078,201826,2019-07-13,,32817,,501358,E11.9
500208,500078,320128,2019-07-13,,32817,,501358,I10
500209,500078,432867,2019-07-13,,32817,,501358,E78.5
500210,500078,433736,2019-07-13,,32817,,501358,E66.9
500211,500079,201826,2021-05-22,,32817,,501375,E11.9
500212,500079,432867,2021-05-22,,32817,,501375,E78.5
500213,500080,201826,2021-10-01,,32817,,501388,E11.9
500214,500080,24609,2024-02-24,,32817,,501398,E16.2
500215,500081,201826,2019-10-27,,32817,,501409,E11.9
500216,500081,320128,2019-10-27,,32817,,501409,I10
500217,500082,201826,2019-10-20,,32817,,501426,E11.9
500218,500082,320128,2019-10-20,,32817,,501426,I10
500219,500083,201826,2020-12-13,,32817,,501451,E11.9
500220,500083,432867,2020-12-13,,32817,,501451,E78.5
500221,500083,24609,2023-10-25,,32817,,501463,E16.2
500222,500084,201826,2021-02-26,,32817,,501469,E11.9
500223,500084,432867,2021-02-26,,32817,,501469,E78.5
500224,500084,433736,2021-02-26,,32817,,501469,E66.9
500225,500085,201826,2020-06-22,,32817,,501482,E11.9
500226,500085,320128,2020-06-22,,32817,,501482,I10
500227,500085,432867,2020-06-22,,32817,,501482,E78.5
500228,500086,201826,2020-11-17,,32817,,501503,E11.9
500229,500086,432867,2020-11-17,,32817,,501503,E78.5
500230,500087,201826,2022-12-03,,32817,,501524,E11.9
500231,500088,201826,2019-12-25,,32817,,501537,E11.9
500232,500088,432867,2019-12-25,,32817,,501537,E78.5
500233,500089,201826,2019-09-14,,32817,,501554,E11.9
500234,500089,24609,2020-01-12,,32817,,501556,E16.2
500235,500090,201826,2020-07-03,,32817,,501580,E11.9
500236,500090,432867,2020-07-03,,32817,,501580,E78.5
500237,500091,201826,2021-11-01,,32817,,501597,E11.9
500238,500091,320128,2021-11-01,,32817,,501597,I10
500239,500091,432867,2021-11-01,,32817,,501597,E78.5
500240,500092,201826,2020-06-25,,32817,,501617,E11.9
500241,500092,432867,2020-06-25,,32817,,501617,E78.5
500242,500093,201826,2022-01-08,,32817,,501630,E11.9
500243,500093,320128,2022-01-08,,32817,,501630,I10
500244,500094,201826,2019-12-06,,32817,,501643,E11.9
500245,500094,432867,2019-12-06,,32817,,501643,E78.5
500246,500095,201826,2020-05-22,,32817,,501660,E11.9
500247,500096,201826,2022-01-20,,32817,,501673,E11.9
500248,500096,433736,2022-01-20,,32817,,501673,E66.9
500249,500097,201826,2021-03-14,,32817,,501690,E11.9
500250,500097,320128,2021-03-14,,32817,,501690,I10
500251,500098,201826,2022-06-13,,32817,,501707,E11.9
500252,500098,320128,2022-06-13,,32817,,501707,I10
500253,500098,432867,2022-06-13,,32817,,501707,E78.5
500254,500098,24609,2023-11-05,,32817,,501713,E16.2
500255,500099,201826,2022-09-26,,32817,,501725,E11.9
500256,500099,432867,2022-09-26,,32817,,501725,E78.5
500257,500099,433736,2022-09-26,,32817,,501725,E66.9
500258,500099,24609,2024-12-08,,32817,,501734,E16.2
500259,500100,201826,2019-01-03,,32817,,501742,E11.9
500260,500100,432867,2019-01-03,,32817,,501742,E78.5
500261,500100,433736,2019-01-03,,32817,,501742,E66.9
