episode_id,person_id,episode_concept_id,episode_start_date,episode_end_date,episode_parent_id,episode_number,episode_object_concept_id,episode_type_concept_id,episode_source_value
500001,500001,10000000004,2021-07-16,,,,201826,32817,
500002,500002,10000000004,2019-12-06,,,,201826,32817,
500003,500003,10000000004,2020-11-24,,,,201826,32817,
NOT_A_NUMBER,500004,10000000004,2022-10-12,,,,201826,32817,
500005,500005,10000000004,2022-01-31,,,,201826,32817,
500006,500006,10000000004,2020-08-21,,,,201826,32817,
500007,500007,10000000004,2022-11-10,,,,201826,32817,
500008,500008,10000000004,2022-12-30,,,,201826,32817,
500009,500009,10000000004,2019-07-17,,,,201826,32817,
500010,500010,10000000004,2021-05-17,,,,201826,32817,
500011,500011,10000000004,2019-10-07,,,,201826,32817,
500012,500012,10000000004,2019-11-26,,,,201826,32817,
500013,500013,10000000004,2019-08-31,,,,201826,32817,
500014,500014,10000000004,2021-10-23,,,,201826,32817,
500015,500015,10000000004,2021-10-06,,,,201826,32817,
500016,500016,10000000004,2019-04-26,,,,201826,32817,
500017,500017,10000000004,2021-02-05,,,,201826,32817,
500018,500018,10000000004,2020-12-11,,,,201826,32817,
500019,500019,10000000004,2019-09-18,,,,201826,32817,
500020,500020,10000000004,2022-06-01,,,,201826,32817,
500021,500021,10000000004,2021-04-19,,,,201826,32817,
NOT_A_NUMBER,500022,10000000004,2019-08-13,,,,201826,32817,
500023,500023,10000000004,2020-09-10,,,,201826,32817,
500024,500024,10000000004,2022-04-14,,,,201826,32817,
500025,500025,10000000004,2022-12-06,,,,201826,32817,
500026,500026,10000000004,2019-02-13,,,,201826,32817,
NOT_A_NUMBER,500027,10000000004,2021-07-14,,,,201826,32817,
500028,500028,10000000004,2022-11-14,,,,201826,32817,
500029,500029,10000000004,2021-09-30,,,,201826,32817,
500030,500030,10000000004,2022-05-20,,,,201826,32817,
500031,500031,10000000004,2021-10-20,,,,201826,32817,
500032,500032,10000000004,2020-03-11,,,,201826,32817,
500033,500033,10000000004,2020-06-19,,,,201826,32817,
500034,500034,10000000004,2019-02-28,,,,201826,32817,
500035,500035,10000000004,2021-02-21,,,,201826,32817,
500036,500036,10000000004,2019-11-23,,,,201826,32817,
500037,500037,10000000004,2020-09-08,,,,201826,32817,
500038,500038,10000000004,2019-12-09,,,,201826,32817,
500039,500039,10000000004,2022-06-02,,,,201826,32817,
500040,500040,10000000004,2022-12-25,,,,201826,32817,
500041,500041,10000000004,2021-11-17,,,,201826,32817,
500042,500042,10000000004,2019-04-26,,,,201826,32817,
500043,500043,10000000004,2019-11-27,,,,201826,32817,
500044,500044,10000000004,2019-07-08,,,,201826,32817,
500045,500045,10000000004,2022-09-04,,,,201826,32817,
500046,500046,10000000004,2020-03-06,,,,201826,32817,
500047,500047,10000000004,2019-10-28,,,,201826,32817,
500048,500048,10000000004,2022-11-18,,,,201826,32817,
500049,500049,10000000004,2020-02-12,,,,201826,32817,
500050,500050,10000000004,2019-08-14,,,,201826,32817,
500051,500051,10000000004,2020-10-24,,,,201826,32817,
500052,500052,10000000004,2020-01-18,,,,201826,32817,
500053,500053,10000000004,2021-06-08,,,,201826,32817,
500054,500054,10000000004,2019-09-16,,,,201826,32817,
500055,500055,10000000004,2021-09-18,,,,201826,32817,
500056,500056,10000000004,2020-11-06,,,,201826,32817,
500057,500057,10000000004,2022-02-19,,,,201826,32817,
500058,500058,10000000004,2020-02-26,,,,201826,32817,
500059,500059,10000000004,2021-09-26,,,,201826,32817,
500060,500060,10000000004,2019-01-27,,,,201826,32817,
500061,500061,10000000004,2019-03-19,,,,201826,32817,
500062,500062,10000000004,2020-10-31,,,,201826,32817,
500063,500063,10000000004,2021-01-08,,,,201826,32817,
500064,500064,10000000004,2020-07-13,,,,201826,32817,
500065,500065,10000000004,2020-05-29,,,,201826,32817,
500066,500066,10000000004,2021-08-16,,,,201826,32817,
500067,500067,10000000004,2020-12-28,,,,201826,32817,
500068,500068,10000000004,2021-04-09,,,,201826,32817,
500069,500069,10000000004,2020-07-03,,,,201826,32817,
500070,500070,10000000004,2022-10-19,,,,201826,32817,
500071,500071,10000000004,2022-02-23,,,,201826,32817,
500072,500072,10000000004,2019-07-25,,,,201826,32817,
500073,500073,10000000004,2021-07-29,,,,201826,32817,
500074,500074,10000000004,2019-05-31,,,,201826,32817,
500075,500075,10000000004,2020-12-19,,,,201826,32817,
500076,500076,10000000004,2019-03-22,,,,201826,32817,
500077,500077,10000000004,2019-09-26,,,,201826,32817,
500078,500078,10000000004,2019-07-13,,,,201826,32817,
500079,500079,10000000004,2021-05-22,,,,201826,32817,
500080,500080,10000000004,2021-10-01,,,,201826,32817,
500081,500081,10000000004,2019-10-27,,,,201826,32817,
500082,500082,10000000004,2019-10-20,,,,201826,32817,
500083,500083,10000000004,2020-12-13,,,,201826,32817,
500084,500084,10000000004,2021-02-26,,,,201826,32817,
500085,500085,10000000004,2020-06-22,,,,201826,32817,
500086,500086,10000000004,2020-11-17,,,,201826,32817,
500087,500087,10000000004,2022-12-03,,,,201826,32817,
500088,500088,10000000004,2019-12-25,,,,201826,32817,
500089,500089,10000000004,2019-09-14,,,,201826,32817,
500090,500090,10000000004,2020-07-03,,,,201826,32817,
500091,500091,10000000004,2021-11-01,,,,201826,32817,
500092,500092,10000000004,2020-06-25,,,,201826,32817,
500093,500093,10000000004,2022-01-08,,,,201826,32817,
500094,500094,10000000004,2019-12-06,,,,201826,32817,
500095,500095,10000000004,2020-05-22,,,,201826,32817,
500096,500096,10000000004,2022-01-20,,,,201826,32817,
500097,500097,10000000004,2021-03-14,,,,201826,32817,
500098,500098,10000000004,2022-06-13,,,,201826,32817,
500099,500099,10000000004,2022-09-26,,,,201826,32817,
500100,500100,10000000004,2019-01-03,,,,201826,32817,
