procedure_occurrence_id,visit_occurrence_id,person_id,procedure_concept_id,procedure_source_value,procedure_date,procedure_type_concept_id
600001,600001,600001,4306780,,2022-07-04,32817
600002,600001,600001,4305790,,2022-07-05,32817
600003,600001,600001,4023083,,2022-07-06,32817
600004,600010,600001,4305790,,2022-08-25,32817
600005,600011,600001,4305790,,2022-11-23,32817
600006,600012,600001,4207701,,2023-03-06,32817
600007,600013,600001,4207701,,2023-06-24,32817
600008,600014,600001,4207701,,2023-10-27,32817
600009,600015,600001,4207701,,2024-01-30,32817
600010,600016,600001,4207701,,2024-05-26,32817
600011,600017,600001,4305790,,2024-07-14,32817
600012,600022,600001,4305790,,2024-10-03,32817
600013,600023,600001,4207701,,2024-12-25,32817
600014,600024,600001,4207701,,2025-05-10,32817
600015,600025,600001,4207701,,2025-11-11,32817
600016,600026,600001,4207701,,2026-04-01,32817
600017,600027,600002,4306780,,2022-10-08,32817
600018,600027,600002,4305790,,2022-10-09,32817
600019,600027,600002,4023083,,2022-10-10,32817
600020,600035,600002,4305790,,2022-12-10,32817
600021,600036,600002,4305790,,2023-03-17,32817
600022,600042,600002,4207701,,2024-03-04,32817
600023,600043,600002,4207701,,2024-07-07,32817
600024,600044,600002,4305790,,2024-08-03,32817
600025,600048,600002,4305790,,2024-10-24,32817
600026,600050,600003,4306780,,2024-04-27,32817
600027,600050,600003,4305790,,2024-04-28,32817
600028,600050,600003,4023083,,2024-04-29,32817
600029,600058,600003,4305790,,2024-07-01,32817
600030,600059,600003,4181206,,2024-10-11,32817
600031,600060,600003,4305790,,2024-12-09,32817
600032,600061,600003,4207701,,2025-03-11,32817
600033,600062,600003,4207701,,2025-08-18,32817
600034,600063,600003,4207701,,2026-02-05,32817
600035,600064,600003,4207701,,2026-05-17,32817
600036,600065,600004,4306780,,2022-10-25,32817
600037,600065,600004,4305790,,2022-10-26,32817
600038,600065,600004,4023083,,2022-10-27,32817
600039,600072,600004,4305790,,2022-12-24,32817
600040,600073,600004,4181206,,2023-02-10,32817
600041,600074,600004,4305790,,2023-04-09,32817
600042,600075,600004,4207701,,2023-06-30,32817
600043,600076,600004,4207701,,2023-10-08,32817
600044,600077,600004,4207701,,2024-01-26,32817
600045,600078,600004,4207701,,2024-07-07,32817
600046,600079,600004,4207701,,2025-01-06,32817
600047,600080,600004,4207701,,2025-05-29,32817
600048,600081,600004,4207701,,2025-10-31,32817
600049,600082,600004,4207701,,2026-02-01,32817
600050,600083,600004,4207701,,2026-07-14,32817
600051,600084,600005,4306780,,2020-09-09,32817
600052,600084,600005,4305790,,2020-09-10,32817
600053,600084,600005,4023083,,2020-09-11,32817
600054,600093,600005,4305790,,2020-11-08,32817
600055,600094,600005,4305790,,2021-02-19,32817
600056,600095,600005,4207701,,2021-06-11,32817
600057,600096,600005,4207701,,2021-10-19,32817
600058,600097,600005,4305790,,2021-12-20,32817
600059,600101,600005,4305790,,2022-03-14,32817
600060,600103,600006,4306780,,2020-02-12,32817
600061,600103,600006,4305790,,2020-02-13,32817
600062,600103,600006,4023083,,2020-02-14,32817
600063,600112,600006,4305790,,2020-04-09,32817
600064,600113,600006,4305790,,2020-07-10,32817
600065,600114,600006,4207701,,2020-10-09,32817
600066,600115,600006,4207701,,2021-03-05,32817
600067,600116,600006,4207701,,2021-07-01,32817
600068,600117,600006,4207701,,2021-11-24,32817
600069,600118,600006,4207701,,2022-03-21,32817
600070,600119,600006,4207701,,2022-07-18,32817
600071,600120,600006,4305790,,2022-10-23,32817
600072,600125,600006,4305790,,2023-01-13,32817
600073,600127,600007,4306780,,2019-05-13,32817
600074,600127,600007,4305790,,2019-05-14,32817
600075,600127,600007,4023083,,2019-05-15,32817
600076,600137,600007,4305790,,2019-07-06,32817
600077,600138,600007,4305790,,2019-10-09,32817
600078,600139,600007,4207701,,2020-01-10,32817
600079,600140,600007,4207701,,2020-07-02,32817
600080,600141,600007,4207701,,2020-11-30,32817
600081,600142,600007,4207701,,2021-04-06,32817
600082,600143,600007,4207701,,2021-08-03,32817
600083,600144,600007,4207701,,2021-12-17,32817
600084,600145,600007,4207701,,2022-04-20,32817
600085,600146,600007,4207701,,2022-09-19,32817
600086,600147,600007,4207701,,2023-01-03,32817
600087,600148,600007,4207701,,2023-06-27,32817
600088,600149,600007,4207701,,2023-10-25,32817
600089,600150,600007,4207701,,2024-02-03,32817
600090,600151,600008,4306780,,2022-07-06,32817
600091,600151,600008,4305790,,2022-07-07,32817
600092,600151,600008,4023083,,2022-07-08,32817
600093,600155,600008,4305790,,2022-08-29,32817
600094,600160,600008,4305790,,2022-11-08,32817
600095,600161,600008,4283893,,2022-11-29,32817
600096,600162,600008,4030027,,2022-12-11,32817
600097,600163,600008,4305790,,2023-03-18,32817
600098,600164,600008,4207701,,2023-06-15,32817
600099,600165,600008,4207701,,2023-10-17,32817
600100,600166,600008,4207701,,2024-03-09,32817
600101,600167,600008,4207701,,2024-08-14,32817
600102,600168,600008,4207701,,2024-12-19,32817
600103,600169,600008,4207701,,2025-03-29,32817
600104,600170,600008,4207701,,2025-06-26,32817
600105,600171,600008,4207701,,2025-11-28,32817
600106,600172,600008,4207701,,2026-04-06,32817
600107,600173,600008,4207701,,2026-08-02,32817
600108,600174,600009,4306780,,2024-08-13,32817
600109,600174,600009,4305790,,2024-08-14,32817
600110,600174,600009,4023083,,2024-08-15,32817
600111,600182,600009,4305790,,2024-10-10,32817
600112,600183,600009,4305790,,2025-01-11,32817
600113,600184,600009,4207701,,2025-04-13,32817
600114,600185,600009,4207701,,2025-07-12,32817
600115,600186,600009,4207701,,2025-12-27,32817
600116,600187,600009,4207701,,2026-04-21,32817
600117,600188,600010,4306780,,2021-12-22,32817
600118,600188,600010,4305790,,2021-12-23,32817
600119,600188,600010,4023083,,2021-12-24,32817
600120,600198,600010,4305790,,2022-02-25,32817
600121,600199,600010,4305790,,2022-06-07,32817
600122,600207,600010,4207701,,2023-10-24,32817
600123,600208,600010,4207701,,2024-02-12,32817
600124,600209,600010,4207701,,2024-05-25,32817
600125,600210,600010,4207701,,2024-11-03,32817
600126,600211,600010,4207701,,2025-04-27,32817
600127,600212,600010,4207701,,2025-09-04,32817
600128,600213,600010,4207701,,2025-12-04,32817
600129,600214,600010,4207701,,2026-03-14,32817
600130,600215,600010,4207701,,2026-07-04,32817
600131,600216,600011,4306780,,2022-10-06,32817
600132,600216,600011,4305790,,2022-10-07,32817
600133,600216,600011,4023083,,2022-10-08,32817
600134,600234,600011,4305790,,2022-11-19,32817
600135,600235,600011,4305790,,2023-04-24,32817
600136,600236,600011,4207701,,2023-08-21,32817
600137,600237,600011,4305790,,2023-11-22,32817
600138,600245,600011,4305790,,2024-02-19,32817
600139,600246,600011,4283893,,2024-03-11,32817
600140,600247,600011,4030027,,2024-03-25,32817
600141,600248,600011,4305790,,2024-07-07,32817
600142,600249,600011,4207701,,2024-10-25,32817
600143,600250,600011,4207701,,2025-04-27,32817
600144,600251,600011,4207701,,2025-08-27,32817
600145,600252,600011,4207701,,2026-01-03,32817
600146,600253,600011,4207701,,2026-04-15,32817
600147,600254,600012,4306780,,2019-06-17,32817
600148,600254,600012,4305790,,2019-06-18,32817
600149,600254,600012,4023083,,2019-06-19,32817
600150,600263,600012,4305790,,2019-08-09,32817
600151,600264,600012,4305790,,2019-11-15,32817
600152,600265,600012,4207701,,2020-03-05,32817
600153,600266,600012,4207701,,2020-06-06,32817
600154,600267,600012,4207701,,2020-10-08,32817
600155,600268,600012,4207701,,2021-02-20,32817
600156,600269,600012,4207701,,2021-08-04,32817
600157,600270,600012,4207701,,2022-01-24,32817
600158,600271,600012,4207701,,2022-07-11,32817
600159,600272,600012,4207701,,2022-11-29,32817
600160,600273,600012,4207701,,2023-05-23,32817
600161,600274,600012,4207701,,2023-10-16,32817
600162,600275,600012,4207701,,2024-01-24,32817
600163,600276,600012,4207701,,2024-06-11,32817
600164,600277,600013,4306780,,2023-11-13,32817
600165,600277,600013,4305790,,2023-11-14,32817
600166,600277,600013,4023083,,2023-11-15,32817
600167,600278,600013,4207701,,2024-02-26,32817
600168,600279,600013,4207701,,2024-08-12,32817
600169,600280,600013,4207701,,2024-11-24,32817
600170,600281,600013,4207701,,2025-03-03,32817
600171,600282,600013,4207701,,2025-07-07,32817
600172,600283,600013,4207701,,2025-11-05,32817
600173,600284,600013,4207701,,2026-04-27,32817
600174,600285,600014,4306780,,2023-08-27,32817
600175,600285,600014,4305790,,2023-08-28,32817
600176,600285,600014,4023083,,2023-08-29,32817
600177,600288,600014,4305790,,2023-10-23,32817
600178,600293,600014,4305790,,2024-01-12,32817
600179,600294,600014,4283893,,2024-02-03,32817
600180,600295,600014,4030027,,2024-02-15,32817
600181,600296,600014,4305790,,2024-05-21,32817
600182,600297,600014,4207701,,2024-09-07,32817
600183,600298,600014,4207701,,2025-02-04,32817
600184,600299,600014,4207701,,2025-07-07,32817
600185,600300,600014,4207701,,2025-10-20,32817
600186,600301,600014,4207701,,2026-01-31,32817
600187,600302,600014,4207701,,2026-07-29,32817
600188,600303,600015,4306780,,2023-12-17,32817
600189,600303,600015,4305790,,2023-12-18,32817
600190,600303,600015,4023083,,2023-12-19,32817
600191,600314,600015,4305790,,2024-01-24,32817
600192,600315,600015,4305790,,2024-04-26,32817
600193,600316,600015,4207701,,2024-08-05,32817
600194,600317,600015,4207701,,2025-02-02,32817
600195,600318,600015,4207701,,2025-07-20,32817
600196,600319,600015,4207701,,2025-12-02,32817
600197,600320,600015,4207701,,2026-03-31,32817
600198,600321,600016,4306780,,2024-01-01,32817
600199,600321,600016,4305790,,2024-01-02,32817
600200,600321,600016,4023083,,2024-01-03,32817
600201,600328,600016,4305790,,2024-02-23,32817
600202,600329,600016,4305790,,2024-05-26,32817
600203,600330,600016,4207701,,2024-09-17,32817
600204,600331,600016,4207701,,2025-01-05,32817
600205,600332,600016,4207701,,2025-05-04,32817
600206,600333,600016,4207701,,2025-10-29,32817
600207,600334,600016,4207701,,2026-01-27,32817
600208,600335,600016,4207701,,2026-06-23,32817
600209,600336,600017,4306780,,2019-03-21,32817
600210,600336,600017,4305790,,2019-03-22,32817
600211,600336,600017,4023083,,2019-03-23,32817
600212,600344,600017,4305790,,2019-05-23,32817
600213,600345,600017,4305790,,2019-09-01,32817
600214,600356,600017,4207701,,2021-02-17,32817
600215,600357,600017,4207701,,2021-08-02,32817
600216,600358,600017,4207701,,2021-11-12,32817
600217,600359,600017,4207701,,2022-03-22,32817
600218,600360,600017,4207701,,2022-08-05,32817
600219,600361,600017,4207701,,2023-01-01,32817
600220,600362,600017,4207701,,2023-04-29,32817
600221,600363,600017,4207701,,2023-08-28,32817
600222,600364,600017,4207701,,2024-01-08,32817
600223,600365,600017,4207701,,2024-04-18,32817
600224,600366,600017,4207701,,2024-08-07,32817
600225,600367,600017,4207701,,2024-12-18,32817
600226,600368,600018,4306780,,2019-05-09,32817
600227,600368,600018,4305790,,2019-05-10,32817
600228,600368,600018,4023083,,2019-05-11,32817
600229,600373,600018,4305790,,2019-07-03,32817
600230,600374,600018,4181206,,2019-08-20,32817
600231,600375,600018,4305790,,2019-10-19,32817
600232,600376,600018,4207701,,2020-02-04,32817
600233,600377,600018,4207701,,2020-05-14,32817
600234,600378,600018,4207701,,2020-11-02,32817
600235,600379,600018,4207701,,2021-03-25,32817
600236,600380,600018,4207701,,2021-08-28,32817
600237,600381,600018,4207701,,2022-01-01,32817
600238,600382,600018,4207701,,2022-04-17,32817
600239,600383,600018,4207701,,2022-09-13,32817
600240,600384,600018,4207701,,2023-01-07,32817
600241,600385,600018,4207701,,2023-06-12,32817
600242,600386,600018,4207701,,2023-10-07,32817
600243,600387,600018,4207701,,2024-04-06,32817
600244,600388,600019,4306780,,2020-08-25,32817
600245,600388,600019,4305790,,2020-08-26,32817
600246,600388,600019,4023083,,2020-08-27,32817
600247,600400,600019,4305790,,2020-10-07,32817
600248,600401,600019,4181206,,2021-01-19,32817
600249,600402,600019,4305790,,2021-03-14,32817
600250,600403,600019,4207701,,2021-06-19,32817
600251,600404,600019,4207701,,2021-11-21,32817
600252,600405,600019,4207701,,2022-04-16,32817
600253,600406,600019,4207701,,2022-09-26,32817
600254,600407,600019,4207701,,2023-02-01,32817
600255,600408,600019,4207701,,2023-07-24,32817
600256,600409,600019,4207701,,2024-01-04,32817
600257,600410,600019,4207701,,2024-05-05,32817
600258,600411,600019,4207701,,2024-09-13,32817
600259,600412,600019,4207701,,2025-02-25,32817
600260,600413,600019,4207701,,2025-05-30,32817
600261,600414,600019,4207701,,2025-11-02,32817
600262,600415,600020,4306780,,2024-05-09,32817
600263,600415,600020,4305790,,2024-05-10,32817
600264,600415,600020,4023083,,2024-05-11,32817
600265,600427,600020,4305790,,2024-07-05,32817
600266,600428,600020,4305790,,2024-10-08,32817
600267,600429,600020,4207701,,2025-01-02,32817
600268,600430,600020,4207701,,2025-05-31,32817
600269,600431,600020,4207701,,2025-11-21,32817
600270,600432,600020,4207701,,2026-05-03,32817
600271,600433,600021,4306780,,2022-12-06,32817
600272,600433,600021,4305790,,2022-12-07,32817
600273,600433,600021,4023083,,2022-12-08,32817
600274,600443,600021,4305790,,2023-02-02,32817
600275,600444,600021,4305790,,2023-05-06,32817
600276,600445,600021,4207701,,2023-07-26,32817
600277,600446,600021,4207701,,2023-11-13,32817
600278,600447,600021,4207701,,2024-03-13,32817
600279,600448,600021,4207701,,2024-08-15,32817
600280,600449,600021,4207701,,2025-01-02,32817
600281,600450,600021,4207701,,2025-05-23,32817
600282,600451,600021,4207701,,2025-11-15,32817
600283,600452,600021,4207701,,2026-05-16,32817
600284,600453,600022,4306780,,2021-12-25,32817
600285,600453,600022,4305790,,2021-12-26,32817
600286,600453,600022,4023083,,2021-12-27,32817
600287,600468,600022,4305790,,2022-02-07,32817
600288,600469,600022,4305790,,2022-05-16,32817
600289,600470,600022,4207701,,2022-08-12,32817
600290,600471,600022,4207701,,2022-12-27,32817
600291,600472,600022,4207701,,2023-05-27,32817
600292,600473,600022,4305790,,2023-08-26,32817
600293,600480,600022,4305790,,2023-12-04,32817
600294,600482,600023,4306780,,2022-06-08,32817
600295,600482,600023,4305790,,2022-06-09,32817
600296,600482,600023,4023083,,2022-06-10,32817
600297,600490,600023,4305790,,2022-08-01,32817
600298,600491,600023,4305790,,2022-10-30,32817
600299,600492,600023,4207701,,2023-02-15,32817
600300,600493,600023,4207701,,2023-07-27,32817
600301,600494,600023,4207701,,2023-12-22,32817
600302,600495,600023,4207701,,2024-06-24,32817
600303,600496,600023,4305790,,2024-11-26,32817
600304,600501,600023,4305790,,2025-02-20,32817
600305,600503,600024,4306780,,2019-11-15,32817
600306,600503,600024,4305790,,2019-11-16,32817
600307,600503,600024,4023083,,2019-11-17,32817
600308,600506,600024,4305790,,2020-01-03,32817
600309,600510,600024,4305790,,2020-03-27,32817
600310,600512,600025,4306780,,2019-07-27,32817
600311,600512,600025,4305790,,2019-07-28,32817
600312,600512,600025,4023083,,2019-07-29,32817
600313,600519,600025,4305790,,2019-09-20,32817
600314,600520,600025,4305790,,2019-11-14,32817
600315,600521,600025,4207701,,2020-03-04,32817
600316,600522,600025,4207701,,2020-06-23,32817
600317,600523,600025,4207701,,2020-10-28,32817
600318,600524,600025,4207701,,2021-04-22,32817
600319,600525,600025,4207701,,2021-09-22,32817
600320,600526,600025,4207701,,2022-02-25,32817
600321,600527,600025,4207701,,2022-07-18,32817
600322,600528,600025,4207701,,2022-11-10,32817
600323,600529,600025,4207701,,2023-02-24,32817
600324,600530,600025,4207701,,2023-06-18,32817
600325,600531,600025,4207701,,2023-10-24,32817
600326,600532,600025,4207701,,2024-02-14,32817
600327,600533,600026,4306780,,2019-10-31,32817
600328,600533,600026,4305790,,2019-11-01,32817
600329,600533,600026,4023083,,2019-11-02,32817
600330,600542,600026,4305790,,2019-12-29,32817
600331,600543,600026,4305790,,2020-04-04,32817
600332,600544,600026,4207701,,2020-07-08,32817
600333,600545,600026,4207701,,2020-11-25,32817
600334,600546,600026,4207701,,2021-03-06,32817
600335,600547,600026,4207701,,2021-07-01,32817
600336,600548,600026,4207701,,2021-12-14,32817
600337,600549,600026,4207701,,2022-03-31,32817
600338,600550,600026,4207701,,2022-07-11,32817
600339,600551,600026,4207701,,2022-10-08,32817
600340,600552,600026,4207701,,2023-03-03,32817
600341,600553,600026,4207701,,2023-06-12,32817
600342,600554,600026,4207701,,2023-09-05,32817
600343,600555,600026,4207701,,2023-12-28,32817
600344,600556,600027,4306780,,2021-02-07,32817
600345,600556,600027,4305790,,2021-02-08,32817
600346,600556,600027,4023083,,2021-02-09,32817
600347,600574,600027,4305790,,2021-03-18,32817
600348,600575,600027,4305790,,2021-08-27,32817
600349,600576,600027,4207701,,2021-12-04,32817
600350,600577,600027,4207701,,2022-04-20,32817
600351,600578,600027,4207701,,2022-09-21,32817
600352,600579,600027,4207701,,2023-02-11,32817
600353,600580,600027,4207701,,2023-06-13,32817
600354,600581,600027,4207701,,2023-11-26,32817
600355,600582,600027,4207701,,2024-05-27,32817
600356,600583,600027,4207701,,2024-11-02,32817
600357,600584,600027,4207701,,2025-01-29,32817
600358,600585,600027,4207701,,2025-06-27,32817
600359,600586,600027,4207701,,2025-09-23,32817
600360,600587,600027,4207701,,2026-03-15,32817
600361,600588,600028,4306780,,2021-12-25,32817
600362,600588,600028,4305790,,2021-12-26,32817
600363,600588,600028,4023083,,2021-12-27,32817
600364,600596,600028,4305790,,2022-03-01,32817
600365,600597,600028,4305790,,2022-06-02,32817
600366,600598,600028,4207701,,2022-09-05,32817
600367,600599,600028,4207701,,2022-12-12,32817
600368,600600,600028,4207701,,2023-03-08,32817
600369,600601,600028,4207701,,2023-08-17,32817
600370,600602,600028,4207701,,2023-11-24,32817
600371,600603,600028,4207701,,2024-04-01,32817
600372,600604,600028,4207701,,2024-06-29,32817
600373,600605,600028,4207701,,2024-09-27,32817
600374,600606,600028,4207701,,2025-02-12,32817
600375,600607,600028,4207701,,2025-07-29,32817
600376,600608,600028,4207701,,2025-11-29,32817
600377,600609,600028,4207701,,2026-05-21,32817
600378,600610,600029,4306780,,2019-11-09,32817
600379,600610,600029,4305790,,2019-11-10,32817
600380,600610,600029,4023083,,2019-11-11,32817
600381,600620,600029,4305790,,2020-01-04,32817
600382,600621,600029,4305790,,2020-04-03,32817
600383,600622,600029,4207701,,2020-06-22,32817
600384,600623,600029,4305790,,2020-08-21,32817
600385,600628,600029,4305790,,2020-11-11,32817
600386,600629,600029,4283893,,2020-12-05,32817
600387,600630,600029,4030027,,2020-12-17,32817
600388,600631,600029,4305790,,2021-04-05,32817
600389,600632,600029,4207701,,2021-07-30,32817
600390,600633,600029,4207701,,2021-12-16,32817
600391,600634,600029,4207701,,2022-05-29,32817
600392,600635,600029,4207701,,2022-09-05,32817
600393,600636,600029,4207701,,2023-01-12,32817
600394,600637,600029,4207701,,2023-04-11,32817
600395,600638,600029,4207701,,2023-08-10,32817
600396,600639,600029,4207701,,2024-01-13,32817
600397,600640,600029,4207701,,2024-06-17,32817
600398,600641,600029,4207701,,2024-11-14,32817
600399,600642,600029,4207701,,2025-03-26,32817
600400,600643,600029,4207701,,2025-08-03,32817
600401,600644,600030,4306780,,2020-07-11,32817
600402,600644,600030,4305790,,2020-07-12,32817
600403,600644,600030,4023083,,2020-07-13,32817
600404,600645,600030,4207701,,2020-11-04,32817
600405,600646,600030,4207701,,2021-02-06,32817
600406,600647,600030,4207701,,2021-07-20,32817
600407,600648,600030,4207701,,2022-01-08,32817
600408,600649,600030,4207701,,2022-04-04,32817
600409,600650,600030,4207701,,2022-08-19,32817
600410,600651,600030,4207701,,2023-01-16,32817
600411,600652,600030,4207701,,2023-06-06,32817
600412,600653,600030,4207701,,2023-11-06,32817
600413,600654,600030,4207701,,2024-03-10,32817
600414,600655,600030,4207701,,2024-06-12,32817
600415,600656,600030,4207701,,2024-12-03,32817
600416,600657,600031,4306780,,2019-11-11,32817
600417,600657,600031,4305790,,2019-11-12,32817
600418,600657,600031,4023083,,2019-11-13,32817
600419,600671,600031,4305790,,2020-01-02,32817
600420,600672,600031,4305790,,2020-04-06,32817
600421,600673,600031,4207701,,2020-08-03,32817
600422,600674,600031,4207701,,2021-01-07,32817
600423,600675,600031,4207701,,2021-04-17,32817
600424,600676,600031,4207701,,2021-09-28,32817
600425,600677,600031,4207701,,2022-01-14,32817
600426,600678,600031,4207701,,2022-05-29,32817
600427,600679,600031,4207701,,2022-10-29,32817
600428,600680,600031,4207701,,2023-02-04,32817
600429,600681,600031,4207701,,2023-08-03,32817
600430,600682,600031,4207701,,2023-11-08,32817
600431,600683,600031,4207701,,2024-05-10,32817
600432,600684,600031,4207701,,2024-10-21,32817
600433,600685,600032,4306780,,2022-10-04,32817
600434,600685,600032,4305790,,2022-10-05,32817
600435,600685,600032,4023083,,2022-10-06,32817
600436,600692,600032,4305790,,2022-11-27,32817
600437,600693,600032,4305790,,2023-01-25,32817
600438,600694,600032,4207701,,2023-05-04,32817
600439,600695,600032,4207701,,2023-09-26,32817
600440,600696,600032,4207701,,2024-01-22,32817
600441,600697,600032,4207701,,2024-05-15,32817
600442,600698,600032,4305790,,2024-09-02,32817
600443,600704,600032,4305790,,2024-12-04,32817
600444,600705,600032,4283893,,2024-12-28,32817
600445,600706,600032,4030027,,2025-01-07,32817
600446,600707,600032,4305790,,2025-04-07,32817
600447,600708,600032,4207701,,2025-07-08,32817
600448,600709,600032,4207701,,2025-11-23,32817
600449,600710,600032,4207701,,2026-04-09,32817
600450,600711,600033,4306780,,2020-05-05,32817
600451,600711,600033,4305790,,2020-05-06,32817
600452,600711,600033,4023083,,2020-05-07,32817
600453,600718,600033,4305790,,2020-07-02,32817
600454,600719,600033,4305790,,2020-10-12,32817
600455,600720,600033,4207701,,2021-01-26,32817
600456,600721,600033,4207701,,2021-07-12,32817
600457,600722,600033,4305790,,2021-09-15,32817
600458,600727,600033,4305790,,2021-12-04,32817
600459,600728,600033,4283893,,2021-12-24,32817
600460,600729,600033,4030027,,2022-01-11,32817
600461,600730,600033,4305790,,2022-04-18,32817
600462,600731,600033,4207701,,2022-07-23,32817
600463,600732,600033,4207701,,2023-01-24,32817
600464,600733,600033,4207701,,2023-05-06,32817
600465,600734,600033,4207701,,2023-08-12,32817
600466,600735,600033,4207701,,2024-01-06,32817
600467,600736,600033,4207701,,2024-05-23,32817
600468,600737,600033,4207701,,2024-10-17,32817
600469,600738,600033,4207701,,2025-04-07,32817
600470,600739,600033,4207701,,2025-10-08,32817
600471,600740,600033,4207701,,2026-02-04,32817
600472,600741,600033,4207701,,2026-05-11,32817
600473,600742,600034,4306780,,2023-05-08,32817
600474,600742,600034,4305790,,2023-05-09,32817
600475,600742,600034,4023083,,2023-05-10,32817
600476,600751,600034,4305790,,2023-07-06,32817
600477,600752,600034,4305790,,2023-10-07,32817
600478,600753,600034,4207701,,2024-01-04,32817
600479,600754,600034,4305790,,2024-03-30,32817
600480,600760,600034,4305790,,2024-06-24,32817
600481,600761,600034,4207701,,2024-09-30,32817
600482,600762,600034,4207701,,2025-02-03,32817
600483,600763,600034,4207701,,2025-08-04,32817
600484,600764,600034,4207701,,2025-11-27,32817
600485,600765,600034,4207701,,2026-04-13,32817
600486,600766,600034,4207701,,2026-08-03,32817
600487,600767,600035,4306780,,2021-08-10,32817
600488,600767,600035,4305790,,2021-08-11,32817
600489,600767,600035,4023083,,2021-08-12,32817
600490,600778,600035,4305790,,2021-10-12,32817
600491,600779,600035,4305790,,2022-01-10,32817
600492,600780,600035,4207701,,2022-04-10,32817
600493,600781,600035,4207701,,2022-08-25,32817
600494,600782,600035,4207701,,2022-12-25,32817
600495,600783,600035,4207701,,2023-03-29,32817
600496,600784,600035,4207701,,2023-09-25,32817
600497,600785,600035,4207701,,2024-03-18,32817
600498,600786,600035,4207701,,2024-07-03,32817
600499,600787,600035,4207701,,2024-12-24,32817
600500,600788,600035,4207701,,2025-06-19,32817
600501,600789,600035,4207701,,2025-10-14,32817
600502,600790,600035,4207701,,2026-03-23,32817
600503,600791,600035,4207701,,2026-06-29,32817
600504,600792,600036,4306780,,2022-07-03,32817
600505,600792,600036,4305790,,2022-07-04,32817
600506,600792,600036,4023083,,2022-07-05,32817
600507,600800,600036,4305790,,2022-08-26,32817
600508,600801,600036,4305790,,2022-12-07,32817
600509,600802,600036,4207701,,2023-03-21,32817
600510,600803,600036,4207701,,2023-09-09,32817
600511,600804,600036,4207701,,2024-02-11,32817
600512,600805,600036,4207701,,2024-08-13,32817
600513,600806,600036,4207701,,2025-01-16,32817
600514,600807,600036,4207701,,2025-04-29,32817
600515,600808,600036,4207701,,2025-08-03,32817
600516,600809,600036,4207701,,2026-01-16,32817
600517,600810,600036,4207701,,2026-05-01,32817
600518,600811,600037,4306780,,2023-07-20,32817
600519,600811,600037,4305790,,2023-07-21,32817
600520,600811,600037,4023083,,2023-07-22,32817
600521,600817,600037,4305790,,2023-09-18,32817
600522,600818,600037,4305790,,2023-11-06,32817
600523,600819,600037,4207701,,2024-02-20,32817
600524,600820,600037,4207701,,2024-06-06,32817
600525,600821,600037,4207701,,2024-10-30,32817
600526,600822,600037,4207701,,2025-02-25,32817
600527,600823,600037,4207701,,2025-08-23,32817
600528,600824,600037,4207701,,2026-02-01,32817
600529,600825,600037,4207701,,2026-07-14,32817
600530,600826,600038,4306780,,2019-12-26,32817
600531,600826,600038,4305790,,2019-12-27,32817
600532,600826,600038,4023083,,2019-12-28,32817
600533,600835,600038,4305790,,2020-02-18,32817
600534,600836,600038,4305790,,2020-05-18,32817
600535,600837,600038,4207701,,2020-08-22,32817
600536,600838,600038,4207701,,2021-02-23,32817
600537,600839,600038,4207701,,2021-07-07,32817
600538,600840,600038,4207701,,2021-12-01,32817
600539,600841,600038,4207701,,2022-04-18,32817
600540,600842,600038,4207701,,2022-07-28,32817
600541,600843,600038,4207701,,2022-12-31,32817
600542,600844,600038,4207701,,2023-04-20,32817
600543,600845,600038,4207701,,2023-10-17,32817
600544,600846,600038,4207701,,2024-02-26,32817
600545,600847,600038,4207701,,2024-06-15,32817
600546,600848,600038,4207701,,2024-11-26,32817
600547,600849,600039,4306780,,2024-07-05,32817
600548,600849,600039,4305790,,2024-07-06,32817
600549,600849,600039,4023083,,2024-07-07,32817
600550,600856,600039,4305790,,2024-08-31,32817
600551,600857,600039,4305790,,2024-11-29,32817
600552,600858,600039,4207701,,2025-03-20,32817
600553,600859,600039,4207701,,2025-07-08,32817
600554,600860,600039,4207701,,2025-11-20,32817
600555,600861,600039,4207701,,2026-05-18,32817
600556,600862,600040,4306780,,2024-03-31,32817
600557,600862,600040,4305790,,2024-04-01,32817
600558,600862,600040,4023083,,2024-04-02,32817
600559,600868,600040,4305790,,2024-05-30,32817
600560,600869,600040,4305790,,2024-07-21,32817
600561,600870,600040,4207701,,2024-11-05,32817
600562,600871,600040,4207701,,2025-04-28,32817
600563,600872,600040,4207701,,2025-08-05,32817
600564,600873,600040,4207701,,2025-12-26,32817
600565,600874,600040,4207701,,2026-03-26,32817
600566,600875,600041,4306780,,2021-10-14,32817
600567,600875,600041,4305790,,2021-10-15,32817
600568,600875,600041,4023083,,2021-10-16,32817
600569,600892,600041,4305790,,2021-12-04,32817
600570,600893,600041,4305790,,2022-05-06,32817
600571,600894,600041,4207701,,2022-08-25,32817
600572,600895,600041,4207701,,2023-01-15,32817
600573,600896,600041,4207701,,2023-05-18,32817
600574,600897,600041,4207701,,2023-09-23,32817
600575,600898,600041,4207701,,2024-01-24,32817
600576,600899,600041,4207701,,2024-05-12,32817
600577,600900,600041,4207701,,2024-10-27,32817
600578,600901,600041,4207701,,2025-04-12,32817
600579,600902,600041,4207701,,2025-10-04,32817
600580,600903,600041,4207701,,2026-04-02,32817
600581,600904,600041,4207701,,2026-07-27,32817
600582,600905,600042,4306780,,2024-11-30,32817
600583,600905,600042,4305790,,2024-12-01,32817
600584,600905,600042,4023083,,2024-12-02,32817
600585,600914,600042,4305790,,2025-02-03,32817
600586,600915,600042,4305790,,2025-05-09,32817
600587,600916,600042,4207701,,2025-08-11,32817
600588,600917,600042,4207701,,2025-12-12,32817
600589,600918,600042,4207701,,2026-05-20,32817
600590,600919,600043,4306780,,2021-12-07,32817
600591,600919,600043,4305790,,2021-12-08,32817
600592,600919,600043,4023083,,2021-12-09,32817
600593,600925,600043,4305790,,2022-02-09,32817
600594,600926,600043,4181206,,2022-04-08,32817
600595,600927,600043,4305790,,2022-05-26,32817
600596,600928,600043,4207701,,2022-09-23,32817
600597,600929,600043,4207701,,2023-03-27,32817
600598,600930,600043,4207701,,2023-08-18,32817
600599,600931,600043,4207701,,2023-12-27,32817
600600,600932,600043,4207701,,2024-04-28,32817
600601,600933,600043,4207701,,2024-10-13,32817
600602,600934,600043,4207701,,2025-04-15,32817
600603,600935,600043,4207701,,2025-07-18,32817
600604,600936,600043,4207701,,2025-11-15,32817
600605,600937,600043,4207701,,2026-04-29,32817
600606,600938,600044,4306780,,2019-10-03,32817
600607,600938,600044,4305790,,2019-10-04,32817
600608,600938,600044,4023083,,2019-10-05,32817
600609,600946,600044,4305790,,2019-12-01,32817
600610,600947,600044,4181206,,2020-01-19,32817
600611,600948,600044,4305790,,2020-03-16,32817
600612,600949,600044,4207701,,2020-06-18,32817
600613,600950,600044,4207701,,2020-12-13,32817
600614,600951,600044,4207701,,2021-03-25,32817
600615,600952,600044,4207701,,2021-08-08,32817
600616,600953,600044,4207701,,2022-02-09,32817
600617,600954,600044,4207701,,2022-07-18,32817
600618,600955,600044,4207701,,2022-11-03,32817
600619,600956,600044,4207701,,2023-04-11,32817
600620,600957,600044,4207701,,2023-08-24,32817
600621,600958,600044,4207701,,2024-02-15,32817
600622,600959,600044,4207701,,2024-08-18,32817
600623,600960,600044,4207701,,2024-12-03,32817
600624,600961,600045,4306780,,2022-12-02,32817
600625,600961,600045,4305790,,2022-12-03,32817
600626,600961,600045,4023083,,2022-12-04,32817
600627,600967,600045,4305790,,2023-01-25,32817
600628,600968,600045,4181206,,2023-03-24,32817
600629,600969,600045,4305790,,2023-05-10,32817
600630,600970,600045,4207701,,2023-08-13,32817
600631,600971,600045,4207701,,2024-01-23,32817
600632,600972,600045,4207701,,2024-05-28,32817
600633,600973,600045,4207701,,2024-10-10,32817
600634,600974,600045,4207701,,2025-02-09,32817
600635,600975,600045,4207701,,2025-07-30,32817
600636,600976,600045,4207701,,2025-12-24,32817
600637,600977,600045,4207701,,2026-04-10,32817
600638,600978,600046,4306780,,2022-06-04,32817
600639,600978,600046,4305790,,2022-06-05,32817
600640,600978,600046,4023083,,2022-06-06,32817
600641,600986,600046,4305790,,2022-08-01,32817
600642,600987,600046,4305790,,2022-11-08,32817
600643,600988,600046,4207701,,2023-02-07,32817
600644,600989,600046,4207701,,2023-06-11,32817
600645,600990,600046,4207701,,2023-11-04,32817
600646,600991,600046,4207701,,2024-02-28,32817
600647,600992,600046,4305790,,2024-03-23,32817
600648,600996,600046,4305790,,2024-06-13,32817
600649,600997,600046,4207701,,2024-09-11,32817
600650,600998,600046,4207701,,2024-12-26,32817
600651,600999,600046,4207701,,2025-04-17,32817
600652,601000,600046,4207701,,2025-07-12,32817
600653,601001,600046,4207701,,2025-11-05,32817
600654,601002,600046,4207701,,2026-03-29,32817
600655,601003,600047,4306780,,2020-08-01,32817
600656,601003,600047,4305790,,2020-08-02,32817
600657,601003,600047,4023083,,2020-08-03,32817
600658,601012,600047,4305790,,2020-09-30,32817
600659,601013,600047,4305790,,2021-01-11,32817
600660,601014,600047,4207701,,2021-05-01,32817
600661,601015,600047,4207701,,2021-10-31,32817
600662,601016,600047,4207701,,2022-04-12,32817
600663,601017,600047,4207701,,2022-10-05,32817
600664,601018,600047,4305790,,2022-12-20,32817
600665,601023,600047,4305790,,2023-03-13,32817
600666,601024,600047,4283893,,2023-04-09,32817
600667,601025,600047,4030027,,2023-04-21,32817
600668,601026,600047,4305790,,2023-08-02,32817
600669,601027,600047,4207701,,2023-11-21,32817
600670,601028,600047,4207701,,2024-05-05,32817
600671,601029,600047,4207701,,2024-09-21,32817
600672,601030,600047,4207701,,2025-02-05,32817
600673,601031,600047,4207701,,2025-06-01,32817
600674,601032,600047,4207701,,2025-11-20,32817
600675,601033,600047,4207701,,2026-03-19,32817
600676,601034,600048,4306780,,2022-12-27,32817
600677,601034,600048,4305790,,2022-12-28,32817
600678,601034,600048,4023083,,2022-12-29,32817
600679,601037,600048,4305790,,2023-02-10,32817
600680,601041,600048,4305790,,2023-05-02,32817
600681,601043,600049,4306780,,2023-07-28,32817
600682,601043,600049,4305790,,2023-07-29,32817
600683,601043,600049,4023083,,2023-07-30,32817
600684,601044,600049,4207701,,2023-11-29,32817
600685,601045,600049,4207701,,2024-05-14,32817
600686,601046,600049,4207701,,2024-10-11,32817
600687,601047,600049,4207701,,2025-04-02,32817
600688,601048,600049,4207701,,2025-09-15,32817
600689,601049,600049,4207701,,2026-02-27,32817
600690,601050,600049,4207701,,2026-06-06,32817
600691,601051,600050,4306780,,2019-02-13,32817
600692,601051,600050,4305790,,2019-02-14,32817
600693,601051,600050,4023083,,2019-02-15,32817
600694,601055,600050,4305790,,2019-04-04,32817
600695,601060,600050,4305790,,2019-06-27,32817
600696,601061,600050,4283893,,2019-07-04,32817
600697,601062,600050,4053096,,2019-08-02,32817
600698,601063,600050,4305790,,2019-09-01,32817
600699,601064,600050,4207701,,2019-12-23,32817
600700,601065,600050,4207701,,2020-06-10,32817
600701,601066,600050,4207701,,2020-10-28,32817
600702,601067,600050,4207701,,2021-04-20,32817
600703,601068,600050,4207701,,2021-08-20,32817
600704,601069,600050,4207701,,2021-11-23,32817
600705,601070,600050,4207701,,2022-03-12,32817
600706,601071,600050,4207701,,2022-08-05,32817
600707,601072,600050,4207701,,2023-01-30,32817
600708,601073,600050,4207701,,2023-06-27,32817
600709,601074,600050,4207701,,2023-11-18,32817
600710,601075,600050,4207701,,2024-04-02,32817
600711,601076,600051,4306780,,2020-05-24,32817
600712,601076,600051,4305790,,2020-05-25,32817
600713,601076,600051,4023083,,2020-05-26,32817
600714,601077,600051,4207701,,2020-08-17,32817
600715,601078,600051,4207701,,2021-02-10,32817
600716,601079,600051,4207701,,2021-05-21,32817
600717,601080,600051,4207701,,2021-08-31,32817
600718,601081,600051,4207701,,2021-11-30,32817
600719,601082,600051,4207701,,2022-05-18,32817
600720,601083,600051,4207701,,2022-09-26,32817
600721,601084,600051,4207701,,2023-03-22,32817
600722,601085,600051,4207701,,2023-09-22,32817
600723,601086,600051,4207701,,2024-03-05,32817
600724,601087,600051,4207701,,2024-07-16,32817
600725,601088,600051,4207701,,2024-11-09,32817
600726,601089,600052,4306780,,2023-08-23,32817
600727,601089,600052,4305790,,2023-08-24,32817
600728,601089,600052,4023083,,2023-08-25,32817
600729,601105,600052,4305790,,2023-10-09,32817
600730,601106,600052,4305790,,2024-03-11,32817
600731,601107,600052,4207701,,2024-07-07,32817
600732,601108,600052,4207701,,2024-10-25,32817
600733,601109,600052,4207701,,2025-01-18,32817
600734,601110,600052,4207701,,2025-05-06,32817
600735,601111,600052,4207701,,2025-08-22,32817
600736,601112,600052,4207701,,2025-12-12,32817
600737,601113,600052,4207701,,2026-03-25,32817
600738,601114,600052,4207701,,2026-07-15,32817
600739,601115,600053,4306780,,2021-07-29,32817
600740,601115,600053,4305790,,2021-07-30,32817
600741,601115,600053,4023083,,2021-07-31,32817
600742,601123,600053,4305790,,2021-09-28,32817
600743,601124,600053,4305790,,2022-01-03,32817
600744,601125,600053,4207701,,2022-03-25,32817
600745,601126,600053,4207701,,2022-09-17,32817
600746,601127,600053,4207701,,2023-02-21,32817
600747,601128,600053,4207701,,2023-08-08,32817
600748,601129,600053,4207701,,2023-12-20,32817
600749,601130,600053,4207701,,2024-06-21,32817
600750,601131,600053,4207701,,2024-12-13,32817
600751,601132,600053,4207701,,2025-04-16,32817
600752,601133,600053,4207701,,2025-10-18,32817
600753,601134,600053,4207701,,2026-04-21,32817
600754,601135,600054,4306780,,2024-02-14,32817
600755,601135,600054,4305790,,2024-02-15,32817
600756,601135,600054,4023083,,2024-02-16,32817
600757,601144,600054,4305790,,2024-04-09,32817
600758,601145,600054,4305790,,2024-07-15,32817
600759,601146,600054,4207701,,2024-10-07,32817
600760,601147,600054,4207701,,2025-02-11,32817
600761,601148,600054,4305790,,2025-05-29,32817
600762,601153,600054,4305790,,2025-08-28,32817
600763,601154,600054,4283893,,2025-09-11,32817
600764,601155,600054,4053096,,2025-10-12,32817
600765,601156,600054,4305790,,2025-11-11,32817
600766,601157,600054,4207701,,2026-02-05,32817
600767,601158,600054,4207701,,2026-05-05,32817
600768,601159,600055,4306780,,2022-02-24,32817
600769,601159,600055,4305790,,2022-02-25,32817
600770,601159,600055,4023083,,2022-02-26,32817
600771,601168,600055,4305790,,2022-04-26,32817
600772,601169,600055,4305790,,2022-08-04,32817
600773,601170,600055,4207701,,2022-11-05,32817
600774,601171,600055,4207701,,2023-01-30,32817
600775,601172,600055,4207701,,2023-05-15,32817
600776,601173,600055,4207701,,2023-09-14,32817
600777,601174,600055,4207701,,2023-12-11,32817
600778,601175,600055,4207701,,2024-06-05,32817
600779,601176,600055,4207701,,2024-11-19,32817
600780,601177,600055,4207701,,2025-04-25,32817
600781,601178,600055,4207701,,2025-09-23,32817
600782,601179,600055,4207701,,2026-03-15,32817
600783,601180,600055,4207701,,2026-07-11,32817
600784,601181,600056,4306780,,2024-01-03,32817
600785,601181,600056,4305790,,2024-01-04,32817
600786,601181,600056,4023083,,2024-01-05,32817
600787,601189,600056,4305790,,2024-02-23,32817
600788,601190,600056,4305790,,2024-05-31,32817
600789,601191,600056,4207701,,2024-09-19,32817
600790,601192,600056,4207701,,2025-03-06,32817
600791,601193,600056,4207701,,2025-08-16,32817
600792,601194,600056,4207701,,2026-02-05,32817
600793,601195,600056,4207701,,2026-06-27,32817
600794,601196,600057,4306780,,2023-03-25,32817
600795,601196,600057,4305790,,2023-03-26,32817
600796,601196,600057,4023083,,2023-03-27,32817
600797,601206,600057,4305790,,2023-05-28,32817
600798,601207,600057,4305790,,2023-09-07,32817
600799,601208,600057,4207701,,2023-12-26,32817
600800,601209,600057,4207701,,2024-04-27,32817
600801,601210,600057,4207701,,2024-10-25,32817
600802,601211,600057,4207701,,2025-01-25,32817
600803,601212,600057,4305790,,2025-03-12,32817
600804,601217,600057,4305790,,2025-05-29,32817
600805,601219,600058,4306780,,2020-06-27,32817
600806,601219,600058,4305790,,2020-06-28,32817
600807,601219,600058,4023083,,2020-06-29,32817
600808,601230,600058,4305790,,2020-08-23,32817
600809,601231,600058,4305790,,2020-11-25,32817
600810,601232,600058,4207701,,2021-03-25,32817
600811,601233,600058,4207701,,2021-06-21,32817
600812,601234,600058,4207701,,2021-09-30,32817
600813,601235,600058,4207701,,2022-03-12,32817
600814,601236,600058,4207701,,2022-06-20,32817
600815,601237,600058,4305790,,2022-08-25,32817
600816,601242,600058,4305790,,2022-11-10,32817
600817,601243,600058,4283893,,2022-11-23,32817
600818,601244,600058,4053096,,2022-12-22,32817
600819,601245,600058,4305790,,2023-01-21,32817
600820,601246,600058,4207701,,2023-04-19,32817
600821,601247,600058,4207701,,2023-10-21,32817
600822,601248,600058,4207701,,2024-01-23,32817
600823,601249,600058,4207701,,2024-06-19,32817
600824,601250,600058,4207701,,2024-12-02,32817
600825,601251,600058,4207701,,2025-04-01,32817
600826,601252,600058,4207701,,2025-06-25,32817
600827,601253,600058,4207701,,2025-11-10,32817
600828,601254,600058,4207701,,2026-04-22,32817
600829,601255,600059,4306780,,2021-02-07,32817
600830,601255,600059,4305790,,2021-02-08,32817
600831,601255,600059,4023083,,2021-02-09,32817
600832,601266,600059,4305790,,2021-04-09,32817
600833,601267,600059,4305790,,2021-07-13,32817
600834,601268,600059,4207701,,2021-11-08,32817
600835,601269,600059,4207701,,2022-05-04,32817
600836,601270,600059,4207701,,2022-10-20,32817
600837,601271,600059,4207701,,2023-02-12,32817
600838,601272,600059,4207701,,2023-08-02,32817
600839,601273,600059,4207701,,2023-12-19,32817
600840,601274,600059,4207701,,2024-06-07,32817
600841,601275,600059,4207701,,2024-09-02,32817
600842,601276,600059,4207701,,2024-12-12,32817
600843,601277,600059,4207701,,2025-05-18,32817
600844,601278,600059,4207701,,2025-10-19,32817
600845,601279,600059,4207701,,2026-03-03,32817
600846,601280,600060,4306780,,2021-11-02,32817
600847,601280,600060,4305790,,2021-11-03,32817
600848,601280,600060,4023083,,2021-11-04,32817
600849,601286,600060,4305790,,2021-12-23,32817
600850,601287,600060,4181206,,2022-02-15,32817
600851,601288,600060,4305790,,2022-04-14,32817
600852,601289,600060,4207701,,2022-08-07,32817
600853,601290,600060,4207701,,2022-11-14,32817
600854,601291,600060,4207701,,2023-03-01,32817
600855,601292,600060,4207701,,2023-07-19,32817
600856,601293,600060,4207701,,2023-11-11,32817
600857,601294,600060,4207701,,2024-03-30,32817
600858,601295,600060,4207701,,2024-09-17,32817
600859,601296,600060,4207701,,2025-01-13,32817
600860,601297,600060,4207701,,2025-06-10,32817
600861,601298,600060,4207701,,2025-10-02,32817
600862,601299,600060,4207701,,2026-02-11,32817
600863,601300,600060,4207701,,2026-07-06,32817
600864,601301,600061,4306780,,2022-12-09,32817
600865,601301,600061,4305790,,2022-12-10,32817
600866,601301,600061,4023083,,2022-12-11,32817
600867,601317,600061,4305790,,2023-01-16,32817
600868,601318,600061,4305790,,2023-06-25,32817
600869,601319,600061,4207701,,2023-10-23,32817
600870,601320,600061,4207701,,2024-02-11,32817
600871,601321,600061,4207701,,2024-06-06,32817
600872,601322,600061,4207701,,2024-11-03,32817
600873,601323,600061,4207701,,2025-04-20,32817
600874,601324,600061,4207701,,2025-10-19,32817
600875,601325,600061,4207701,,2026-04-10,32817
600876,601326,600061,4207701,,2026-08-11,32817
600877,601327,600062,4306780,,2023-10-25,32817
600878,601327,600062,4305790,,2023-10-26,32817
600879,601327,600062,4023083,,2023-10-27,32817
600880,601330,600062,4305790,,2023-12-23,32817
600881,601335,600062,4305790,,2024-03-01,32817
600882,601336,600062,4283893,,2024-03-30,32817
600883,601337,600062,4030027,,2024-04-13,32817
600884,601338,600062,4305790,,2024-07-26,32817
600885,601339,600062,4207701,,2024-11-16,32817
600886,601340,600062,4207701,,2025-04-30,32817
600887,601341,600062,4207701,,2025-08-30,32817
600888,601342,600062,4207701,,2026-03-02,32817
600889,601343,600062,4207701,,2026-08-03,32817
600890,601344,600063,4306780,,2019-10-20,32817
600891,601344,600063,4305790,,2019-10-21,32817
600892,601344,600063,4023083,,2019-10-22,32817
600893,601352,600063,4305790,,2019-12-20,32817
600894,601353,600063,4305790,,2020-03-18,32817
600895,601354,600063,4207701,,2020-07-10,32817
600896,601355,600063,4207701,,2020-10-08,32817
600897,601356,600063,4207701,,2021-01-30,32817
600898,601357,600063,4207701,,2021-06-26,32817
600899,601358,600063,4207701,,2021-09-24,32817
600900,601359,600063,4207701,,2022-01-02,32817
600901,601360,600063,4207701,,2022-04-15,32817
600902,601361,600063,4207701,,2022-10-06,32817
600903,601362,600063,4207701,,2023-01-08,32817
600904,601363,600063,4207701,,2023-05-11,32817
600905,601364,600063,4207701,,2023-08-29,32817
600906,601365,600063,4207701,,2024-01-06,32817
600907,601366,600064,4306780,,2020-10-26,32817
600908,601366,600064,4305790,,2020-10-27,32817
600909,601366,600064,4023083,,2020-10-28,32817
600910,601375,600064,4305790,,2020-12-31,32817
600911,601376,600064,4305790,,2021-04-09,32817
600912,601377,600064,4207701,,2021-07-12,32817
600913,601378,600064,4207701,,2021-11-06,32817
600914,601379,600064,4207701,,2022-05-10,32817
600915,601380,600064,4207701,,2022-09-05,32817
600916,601381,600064,4207701,,2022-12-30,32817
600917,601382,600064,4207701,,2023-05-05,32817
600918,601383,600064,4207701,,2023-08-26,32817
600919,601384,600064,4207701,,2023-12-22,32817
600920,601385,600064,4207701,,2024-03-22,32817
600921,601386,600064,4207701,,2024-07-14,32817
600922,601387,600064,4207701,,2024-10-11,32817
600923,601388,600064,4207701,,2025-02-09,32817
600924,601389,600065,4306780,,2024-10-03,32817
600925,601389,600065,4305790,,2024-10-04,32817
600926,601389,600065,4023083,,2024-10-05,32817
600927,601398,600065,4305790,,2024-12-04,32817
600928,601399,600065,4305790,,2025-03-13,32817
600929,601400,600065,4207701,,2025-06-14,32817
600930,601401,600065,4207701,,2025-09-22,32817
600931,601402,600065,4207701,,2026-02-22,32817
600932,601403,600065,4207701,,2026-07-06,32817
600933,601404,600066,4306780,,2023-09-12,32817
600934,601404,600066,4305790,,2023-09-13,32817
600935,601404,600066,4023083,,2023-09-14,32817
600936,601413,600066,4305790,,2023-11-06,32817
600937,601414,600066,4305790,,2024-02-17,32817
600938,601415,600066,4207701,,2024-05-14,32817
600939,601416,600066,4207701,,2024-08-27,32817
600940,601417,600066,4207701,,2024-12-19,32817
600941,601418,600066,4207701,,2025-06-18,32817
600942,601419,600066,4207701,,2025-12-08,32817
600943,601420,600066,4207701,,2026-04-18,32817
600944,601421,600067,4306780,,2021-12-25,32817
600945,601421,600067,4305790,,2021-12-26,32817
600946,601421,600067,4023083,,2021-12-27,32817
600947,601430,600067,4305790,,2022-02-14,32817
600948,601431,600067,4305790,,2022-05-18,32817
600949,601432,600067,4207701,,2022-08-14,32817
600950,601433,600067,4207701,,2022-11-12,32817
600951,601434,600067,4207701,,2023-04-03,32817
600952,601435,600067,4207701,,2023-07-11,32817
600953,601436,600067,4207701,,2023-10-18,32817
600954,601437,600067,4207701,,2024-01-29,32817
600955,601438,600067,4207701,,2024-05-04,32817
600956,601439,600067,4207701,,2024-10-13,32817
600957,601440,600067,4207701,,2025-03-04,32817
600958,601441,600067,4207701,,2025-08-03,32817
600959,601442,600067,4207701,,2026-01-24,32817
600960,601443,600067,4207701,,2026-07-21,32817
600961,601444,600068,4306780,,2023-10-05,32817
600962,601444,600068,4305790,,2023-10-06,32817
600963,601444,600068,4023083,,2023-10-07,32817
600964,601452,600068,4305790,,2023-12-06,32817
600965,601453,600068,4305790,,2024-03-04,32817
600966,601454,600068,4207701,,2024-06-01,32817
600967,601455,600068,4207701,,2024-10-22,32817
600968,601456,600068,4207701,,2025-02-28,32817
600969,601457,600068,4207701,,2025-08-01,32817
600970,601458,600068,4207701,,2026-01-10,32817
600971,601459,600068,4207701,,2026-06-06,32817
600972,601460,600069,4306780,,2020-06-28,32817
600973,601460,600069,4305790,,2020-06-29,32817
600974,601460,600069,4023083,,2020-06-30,32817
600975,601469,600069,4305790,,2020-08-28,32817
600976,601470,600069,4305790,,2020-11-28,32817
600977,601477,600069,4207701,,2021-11-27,32817
600978,601478,600069,4207701,,2022-04-22,32817
600979,601479,600069,4207701,,2022-08-02,32817
600980,601480,600069,4207701,,2022-11-14,32817
600981,601481,600069,4207701,,2023-03-07,32817
600982,601482,600069,4305790,,2023-03-30,32817
600983,601487,600069,4305790,,2023-06-10,32817
600984,601488,600069,4283893,,2023-07-10,32817
600985,601489,600069,4030027,,2023-07-28,32817
600986,601490,600069,4305790,,2023-11-12,32817
600987,601491,600069,4207701,,2024-02-17,32817
600988,601492,600069,4207701,,2024-07-20,32817
600989,601493,600069,4207701,,2025-01-03,32817
600990,601494,600069,4207701,,2025-06-17,32817
600991,601495,600069,4207701,,2025-12-19,32817
600992,601496,600069,4207701,,2026-06-16,32817
600993,601497,600070,4306780,,2022-09-09,32817
600994,601497,600070,4305790,,2022-09-10,32817
600995,601497,600070,4023083,,2022-09-11,32817
600996,601503,600070,4305790,,2022-11-13,32817
600997,601504,600070,4181206,,2023-01-06,32817
600998,601505,600070,4305790,,2023-02-27,32817
600999,601506,600070,4207701,,2023-06-20,32817
601000,601507,600070,4207701,,2023-10-10,32817
601001,601508,600070,4207701,,2024-04-01,32817
601002,601509,600070,4207701,,2024-09-29,32817
601003,601510,600070,4207701,,2025-02-27,32817
601004,601511,600070,4207701,,2025-06-22,32817
601005,601512,600070,4207701,,2025-09-27,32817
601006,601513,600070,4207701,,2025-12-25,32817
601007,601514,600070,4207701,,2026-06-12,32817
601008,601515,600071,4306780,,2020-09-29,32817
601009,601515,600071,4305790,,2020-09-30,32817
601010,601515,600071,4023083,,2020-10-01,32817
601011,601527,600071,4305790,,2020-11-21,32817
601012,601528,600071,4305790,,2021-03-01,32817
601013,601535,600071,4207701,,2022-05-05,32817
601014,601536,600071,4207701,,2022-08-24,32817
601015,601537,600071,4207701,,2022-11-20,32817
601016,601538,600071,4207701,,2023-05-06,32817
601017,601539,600071,4207701,,2023-10-22,32817
601018,601540,600071,4207701,,2024-04-19,32817
601019,601541,600071,4207701,,2024-08-18,32817
601020,601542,600071,4207701,,2024-12-06,32817
601021,601543,600071,4207701,,2025-03-07,32817
601022,601544,600071,4207701,,2025-07-11,32817
601023,601545,600071,4207701,,2025-12-29,32817
601024,601546,600071,4207701,,2026-05-18,32817
601025,601547,600072,4306780,,2023-01-12,32817
601026,601547,600072,4305790,,2023-01-13,32817
601027,601547,600072,4023083,,2023-01-14,32817
601028,601556,600072,4305790,,2023-03-09,32817
601029,601557,600072,4305790,,2023-06-14,32817
601030,601563,600072,4207701,,2024-06-10,32817
601031,601564,600072,4207701,,2024-09-20,32817
601032,601565,600072,4207701,,2024-12-28,32817
601033,601566,600072,4207701,,2025-05-01,32817
601034,601567,600072,4207701,,2025-08-29,32817
601035,601568,600072,4207701,,2026-01-15,32817
601036,601569,600072,4207701,,2026-04-20,32817
601037,601570,600072,4207701,,2026-07-23,32817
601038,601571,600073,4306780,,2024-10-18,32817
601039,601571,600073,4305790,,2024-10-19,32817
601040,601571,600073,4023083,,2024-10-20,32817
601041,601572,600073,4207701,,2025-01-27,32817
601042,601573,600073,4207701,,2025-07-25,32817
601043,601574,600073,4207701,,2026-01-16,32817
601044,601575,600073,4207701,,2026-06-21,32817
601045,601576,600074,4306780,,2020-05-05,32817
601046,601576,600074,4305790,,2020-05-06,32817
601047,601576,600074,4023083,,2020-05-07,32817
601048,601579,600074,4305790,,2020-07-02,32817
601049,601584,600074,4305790,,2020-10-02,32817
601050,601585,600074,4283893,,2020-10-10,32817
601051,601586,600074,4053096,,2020-11-13,32817
601052,601587,600074,4305790,,2020-12-13,32817
601053,601589,600075,4306780,,2019-01-20,32817
601054,601589,600075,4305790,,2019-01-21,32817
601055,601589,600075,4023083,,2019-01-22,32817
601056,601597,600075,4305790,,2019-03-14,32817
601057,601598,600075,4305790,,2019-06-14,32817
601058,601599,600075,4207701,,2019-09-19,32817
601059,601600,600075,4207701,,2019-12-14,32817
601060,601601,600075,4207701,,2020-05-31,32817
601061,601602,600075,4207701,,2020-11-27,32817
601062,601603,600075,4207701,,2021-03-16,32817
601063,601604,600075,4207701,,2021-09-06,32817
601064,601605,600075,4207701,,2021-12-10,32817
601065,601606,600075,4207701,,2022-06-03,32817
601066,601607,600075,4207701,,2022-09-07,32817
601067,601608,600075,4207701,,2023-01-08,32817
601068,601609,600075,4207701,,2023-04-27,32817
601069,601610,600075,4207701,,2023-09-24,32817
601070,601611,600076,4306780,,2019-05-21,32817
601071,601611,600076,4305790,,2019-05-22,32817
601072,601611,600076,4023083,,2019-05-23,32817
601073,601621,600076,4305790,,2019-07-25,32817
601074,601622,600076,4305790,,2019-10-25,32817
601075,601623,600076,4207701,,2020-02-11,32817
601076,601624,600076,4207701,,2020-07-03,32817
601077,601625,600076,4207701,,2020-10-04,32817
601078,601626,600076,4207701,,2021-01-03,32817
601079,601627,600076,4207701,,2021-06-22,32817
601080,601628,600076,4305790,,2021-12-12,32817
601081,601633,600076,4305790,,2022-02-25,32817
601082,601634,600076,4283893,,2022-03-27,32817
601083,601635,600076,4030027,,2022-04-13,32817
601084,601636,600076,4305790,,2022-07-28,32817
601085,601637,600076,4207701,,2022-11-11,32817
601086,601638,600076,4207701,,2023-04-12,32817
601087,601639,600076,4207701,,2023-10-13,32817
601088,601640,600076,4207701,,2024-02-17,32817
601089,601641,600076,4207701,,2024-05-23,32817
601090,601642,600076,4207701,,2024-10-27,32817
601091,601643,600076,4207701,,2025-03-01,32817
601092,601644,600076,4207701,,2025-06-05,32817
601093,601645,600076,4207701,,2025-12-06,32817
601094,601646,600076,4207701,,2026-04-01,32817
601095,601647,600076,4207701,,2026-07-11,32817
601096,601648,600077,4306780,,2022-07-30,32817
601097,601648,600077,4305790,,2022-07-31,32817
601098,601648,600077,4023083,,2022-08-01,32817
601099,601656,600077,4305790,,2022-09-21,32817
601100,601657,600077,4305790,,2023-01-01,32817
601101,601658,600077,4207701,,2023-03-30,32817
601102,601659,600077,4207701,,2023-08-28,32817
601103,601660,600077,4207701,,2023-11-23,32817
601104,601661,600077,4207701,,2024-03-10,32817
601105,601662,600077,4207701,,2024-08-08,32817
601106,601663,600077,4305790,,2025-01-18,32817
601107,601667,600077,4305790,,2025-04-08,32817
601108,601668,600077,4207701,,2025-06-28,32817
601109,601669,600077,4207701,,2025-11-04,32817
601110,601670,600077,4207701,,2026-04-01,32817
601111,601671,600077,4207701,,2026-07-23,32817
601112,601672,600078,4306780,,2019-06-29,32817
601113,601672,600078,4305790,,2019-06-30,32817
601114,601672,600078,4023083,,2019-07-01,32817
601115,601675,600078,4305790,,2019-08-21,32817
601116,601680,600078,4305790,,2019-10-28,32817
601117,601681,600078,4207701,,2020-01-19,32817
601118,601682,600078,4207701,,2020-06-09,32817
601119,601683,600078,4207701,,2020-11-27,32817
601120,601684,600078,4207701,,2021-05-28,32817
601121,601685,600078,4207701,,2021-11-22,32817
601122,601686,600078,4207701,,2022-03-26,32817
601123,601687,600078,4207701,,2022-09-14,32817
601124,601688,600078,4207701,,2023-02-22,32817
601125,601689,600078,4207701,,2023-05-23,32817
601126,601690,600078,4207701,,2023-09-18,32817
601127,601691,600078,4207701,,2024-02-16,32817
601128,601692,600078,4207701,,2024-07-04,32817
601129,601693,600079,4306780,,2021-12-09,32817
601130,601693,600079,4305790,,2021-12-10,32817
601131,601693,600079,4023083,,2021-12-11,32817
601132,601703,600079,4305790,,2022-01-31,32817
601133,601704,600079,4305790,,2022-05-13,32817
601134,601705,600079,4207701,,2022-08-15,32817
601135,601706,600079,4207701,,2022-12-29,32817
601136,601707,600079,4207701,,2023-06-02,32817
601137,601708,600079,4207701,,2023-10-13,32817
601138,601709,600079,4207701,,2024-04-03,32817
601139,601710,600079,4207701,,2024-08-12,32817
601140,601711,600079,4207701,,2024-11-15,32817
601141,601712,600079,4207701,,2025-04-11,32817
601142,601713,600079,4207701,,2025-07-16,32817
601143,601714,600079,4207701,,2025-11-07,32817
601144,601715,600079,4207701,,2026-04-07,32817
601145,601716,600079,4207701,,2026-08-11,32817
601146,601717,600080,4306780,,2019-01-18,32817
601147,601717,600080,4305790,,2019-01-19,32817
601148,601717,600080,4023083,,2019-01-20,32817
601149,601724,600080,4305790,,2019-03-22,32817
601150,601725,600080,4305790,,2019-07-02,32817
601151,601726,600080,4207701,,2019-09-22,32817
601152,601727,600080,4207701,,2020-03-09,32817
601153,601728,600080,4207701,,2020-06-15,32817
601154,601729,600080,4207701,,2020-10-23,32817
601155,601730,600080,4207701,,2021-02-28,32817
601156,601731,600080,4207701,,2021-08-01,32817
601157,601732,600080,4207701,,2021-11-15,32817
601158,601733,600080,4207701,,2022-05-05,32817
601159,601734,600080,4207701,,2022-08-26,32817
601160,601735,600080,4207701,,2022-12-15,32817
601161,601736,600080,4207701,,2023-05-21,32817
601162,601737,600080,4207701,,2023-09-20,32817
601163,601738,600081,4306780,,2022-06-18,32817
601164,601738,600081,4305790,,2022-06-19,32817
601165,601738,600081,4023083,,2022-06-20,32817
601166,601747,600081,4305790,,2022-08-09,32817
601167,601748,600081,4305790,,2022-11-17,32817
601168,601759,600081,4207701,,2024-05-07,32817
601169,601760,600081,4207701,,2024-09-24,32817
601170,601761,600081,4207701,,2025-03-24,32817
601171,601762,600081,4207701,,2025-07-02,32817
601172,601763,600081,4207701,,2025-09-28,32817
601173,601764,600081,4207701,,2026-03-12,32817
601174,601765,600081,4207701,,2026-06-10,32817
601175,601766,600082,4306780,,2021-08-11,32817
601176,601766,600082,4305790,,2021-08-12,32817
601177,601766,600082,4023083,,2021-08-13,32817
601178,601775,600082,4305790,,2021-10-05,32817
601179,601776,600082,4305790,,2022-01-14,32817
601180,601777,600082,4207701,,2022-04-10,32817
601181,601778,600082,4207701,,2022-08-23,32817
601182,601779,600082,4207701,,2023-01-10,32817
601183,601780,600082,4305790,,2023-05-16,32817
601184,601784,600082,4305790,,2023-08-11,32817
601185,601785,600082,4207701,,2023-11-20,32817
601186,601786,600082,4207701,,2024-02-23,32817
601187,601787,600082,4207701,,2024-06-06,32817
601188,601788,600082,4207701,,2024-10-13,32817
601189,601789,600082,4207701,,2025-01-19,32817
601190,601790,600082,4207701,,2025-07-11,32817
601191,601791,600082,4207701,,2025-11-14,32817
601192,601792,600082,4207701,,2026-02-22,32817
601193,601793,600082,4207701,,2026-07-25,32817
601194,601794,600083,4306780,,2021-01-28,32817
601195,601794,600083,4305790,,2021-01-29,32817
601196,601794,600083,4023083,,2021-01-30,32817
601197,601803,600083,4305790,,2021-03-26,32817
601198,601804,600083,4305790,,2021-07-07,32817
601199,601814,600083,4207701,,2022-11-07,32817
601200,601815,600083,4207701,,2023-02-10,32817
601201,601816,600083,4207701,,2023-07-15,32817
601202,601817,600083,4207701,,2023-12-14,32817
601203,601818,600083,4207701,,2024-06-10,32817
601204,601819,600083,4207701,,2024-10-02,32817
601205,601820,600083,4207701,,2025-01-26,32817
601206,601821,600083,4207701,,2025-06-11,32817
601207,601822,600083,4207701,,2025-09-06,32817
601208,601823,600083,4207701,,2026-03-04,32817
601209,601824,600084,4306780,,2020-01-25,32817
601210,601824,600084,4305790,,2020-01-26,32817
601211,601824,600084,4023083,,2020-01-27,32817
601212,601833,600084,4305790,,2020-03-23,32817
601213,601834,600084,4305790,,2020-07-03,32817
601214,601835,600084,4207701,,2020-10-23,32817
601215,601836,600084,4207701,,2021-02-07,32817
601216,601837,600084,4207701,,2021-08-06,32817
601217,601838,600084,4207701,,2022-01-08,32817
601218,601839,600084,4305790,,2022-02-12,32817
601219,601844,600084,4305790,,2022-04-23,32817
601220,601846,600085,4306780,,2024-02-08,32817
601221,601846,600085,4305790,,2024-02-09,32817
601222,601846,600085,4023083,,2024-02-10,32817
601223,601849,600085,4305790,,2024-03-19,32817
601224,601856,600085,4305790,,2024-06-20,32817
601225,601858,600086,4306780,,2019-04-25,32817
601226,601858,600086,4305790,,2019-04-26,32817
601227,601858,600086,4023083,,2019-04-27,32817
601228,601866,600086,4305790,,2019-06-18,32817
601229,601867,600086,4305790,,2019-09-19,32817
601230,601868,600086,4207701,,2020-01-09,32817
601231,601869,600086,4207701,,2020-04-19,32817
601232,601870,600086,4207701,,2020-09-23,32817
601233,601871,600086,4207701,,2021-01-02,32817
601234,601872,600086,4207701,,2021-04-18,32817
601235,601873,600086,4207701,,2021-09-05,32817
601236,601874,600086,4305790,,2022-01-12,32817
601237,601879,600086,4305790,,2022-04-13,32817
601238,601880,600086,4283893,,2022-05-03,32817
601239,601881,600086,4030027,,2022-05-18,32817
601240,601882,600086,4305790,,2022-09-04,32817
601241,601883,600086,4207701,,2022-12-23,32817
601242,601884,600086,4207701,,2023-03-26,32817
601243,601885,600086,4207701,,2023-07-28,32817
601244,601886,600086,4207701,,2023-11-17,32817
601245,601887,600086,4207701,,2024-02-17,32817
601246,601888,600086,4207701,,2024-07-10,32817
601247,601889,600086,4207701,,2024-12-16,32817
601248,601890,600086,4207701,,2025-03-17,32817
601249,601891,600086,4207701,,2025-07-26,32817
601250,601892,600086,4207701,,2025-12-12,32817
601251,601893,600086,4207701,,2026-05-15,32817
601252,601894,600087,4306780,,2022-08-31,32817
601253,601894,600087,4305790,,2022-09-01,32817
601254,601894,600087,4023083,,2022-09-02,32817
601255,601902,600087,4305790,,2022-11-03,32817
601256,601903,600087,4305790,,2023-02-11,32817
601257,601904,600087,4207701,,2023-06-10,32817
601258,601905,600087,4207701,,2023-09-03,32817
601259,601906,600087,4207701,,2023-11-27,32817
601260,601907,600087,4207701,,2024-04-07,32817
601261,601908,600087,4207701,,2024-07-24,32817
601262,601909,600087,4207701,,2025-01-01,32817
601263,601910,600087,4207701,,2025-06-09,32817
601264,601911,600087,4207701,,2025-11-25,32817
601265,601912,600087,4207701,,2026-04-21,32817
601266,601913,600088,4306780,,2020-09-10,32817
601267,601913,600088,4305790,,2020-09-11,32817
601268,601913,600088,4023083,,2020-09-12,32817
601269,601923,600088,4305790,,2020-11-12,32817
601270,601924,600088,4305790,,2021-02-14,32817
601271,601925,600088,4207701,,2021-05-23,32817
601272,601926,600088,4207701,,2021-08-31,32817
601273,601927,600088,4207701,,2022-02-24,32817
601274,601928,600088,4207701,,2022-08-19,32817
601275,601929,600088,4305790,,2022-10-09,32817
601276,601935,600088,4305790,,2023-01-01,32817
601277,601936,600088,4207701,,2023-04-28,32817
601278,601937,600088,4207701,,2023-10-07,32817
601279,601938,600088,4207701,,2024-02-12,32817
601280,601939,600088,4207701,,2024-07-13,32817
601281,601940,600088,4207701,,2024-12-21,32817
601282,601941,600088,4207701,,2025-05-08,32817
601283,601942,600088,4207701,,2025-09-05,32817
601284,601943,600088,4207701,,2025-12-04,32817
601285,601944,600088,4207701,,2026-06-04,32817
601286,601945,600089,4306780,,2020-06-26,32817
601287,601945,600089,4305790,,2020-06-27,32817
601288,601945,600089,4023083,,2020-06-28,32817
601289,601955,600089,4305790,,2020-08-20,32817
601290,601956,600089,4305790,,2020-11-23,32817
601291,601957,600089,4207701,,2021-02-20,32817
601292,601958,600089,4207701,,2021-07-11,32817
601293,601959,600089,4207701,,2021-11-08,32817
601294,601960,600089,4207701,,2022-05-06,32817
601295,601961,600089,4207701,,2022-08-17,32817
601296,601962,600089,4207701,,2023-01-03,32817
601297,601963,600089,4207701,,2023-04-04,32817
601298,601964,600089,4207701,,2023-07-07,32817
601299,601965,600089,4207701,,2023-10-11,32817
601300,601966,600089,4207701,,2024-02-18,32817
601301,601967,600089,4207701,,2024-08-12,32817
601302,601968,600089,4207701,,2025-01-21,32817
601303,601969,600090,4306780,,2023-12-09,32817
601304,601969,600090,4305790,,2023-12-10,32817
601305,601969,600090,4023083,,2023-12-11,32817
601306,601976,600090,4305790,,2024-02-12,32817
601307,601977,600090,4305790,,2024-05-15,32817
601308,601978,600090,4207701,,2024-09-10,32817
601309,601979,600090,4207701,,2025-02-13,32817
601310,601980,600090,4207701,,2025-05-25,32817
601311,601981,600090,4207701,,2025-08-24,32817
601312,601982,600090,4207701,,2026-01-27,32817
601313,601983,600090,4207701,,2026-05-31,32817
601314,601984,600091,4306780,,2023-03-20,32817
601315,601984,600091,4305790,,2023-03-21,32817
601316,601984,600091,4023083,,2023-03-22,32817
601317,601985,600091,4207701,,2023-07-21,32817
601318,601986,600091,4207701,,2023-11-13,32817
601319,601987,600091,4207701,,2024-02-24,32817
601320,601988,600091,4207701,,2024-06-30,32817
601321,601989,600091,4207701,,2024-10-20,32817
601322,601990,600091,4207701,,2025-04-14,32817
601323,601991,600091,4207701,,2025-08-16,32817
601324,601992,600091,4207701,,2026-01-09,32817
601325,601993,600091,4207701,,2026-06-18,32817
601326,601994,600092,4306780,,2021-04-03,32817
601327,601994,600092,4305790,,2021-04-04,32817
601328,601994,600092,4023083,,2021-04-05,32817
601329,602012,600092,4305790,,2021-05-13,32817
601330,602013,600092,4305790,,2021-10-10,32817
601331,602014,600092,4207701,,2022-01-02,32817
601332,602015,600092,4207701,,2022-04-19,32817
601333,602016,600092,4207701,,2022-07-20,32817
601334,602017,600092,4207701,,2022-12-13,32817
601335,602018,600092,4207701,,2023-03-21,32817
601336,602019,600092,4207701,,2023-07-13,32817
601337,602020,600092,4207701,,2023-10-09,32817
601338,602021,600092,4207701,,2024-02-21,32817
601339,602022,600092,4207701,,2024-07-09,32817
601340,602023,600092,4207701,,2024-12-30,32817
601341,602024,600092,4207701,,2025-05-28,32817
601342,602025,600092,4207701,,2025-10-17,32817
601343,602026,600093,4306780,,2019-05-20,32817
601344,602026,600093,4305790,,2019-05-21,32817
601345,602026,600093,4023083,,2019-05-22,32817
601346,602034,600093,4305790,,2019-07-16,32817
601347,602035,600093,4305790,,2019-10-21,32817
601348,602036,600093,4207701,,2020-01-21,32817
601349,602037,600093,4207701,,2020-04-22,32817
601350,602038,600093,4207701,,2020-10-20,32817
601351,602039,600093,4207701,,2021-03-27,32817
601352,602040,600093,4207701,,2021-09-28,32817
601353,602041,600093,4207701,,2022-03-01,32817
601354,602042,600093,4207701,,2022-08-22,32817
601355,602043,600093,4207701,,2023-01-05,32817
601356,602044,600093,4207701,,2023-06-12,32817
601357,602045,600093,4207701,,2023-10-06,32817
601358,602046,600093,4207701,,2024-04-01,32817
601359,602047,600093,4207701,,2024-10-02,32817
601360,602048,600094,4306780,,2020-07-07,32817
601361,602048,600094,4305790,,2020-07-08,32817
601362,602048,600094,4023083,,2020-07-09,32817
601363,602066,600094,4305790,,2020-08-19,32817
601364,602067,600094,4305790,,2021-01-28,32817
601365,602068,600094,4207701,,2021-05-03,32817
601366,602069,600094,4207701,,2021-10-13,32817
601367,602070,600094,4207701,,2022-03-05,32817
601368,602071,600094,4207701,,2022-08-10,32817
601369,602072,600094,4207701,,2022-12-08,32817
601370,602073,600094,4207701,,2023-05-29,32817
601371,602074,600094,4207701,,2023-08-25,32817
601372,602075,600094,4207701,,2024-01-10,32817
601373,602076,600094,4207701,,2024-04-10,32817
601374,602077,600094,4207701,,2024-09-11,32817
601375,602078,600094,4207701,,2025-01-20,32817
601376,602079,600094,4207701,,2025-04-18,32817
601377,602080,600095,4306780,,2024-08-11,32817
601378,602080,600095,4305790,,2024-08-12,32817
601379,602080,600095,4023083,,2024-08-13,32817
601380,602088,600095,4305790,,2024-10-04,32817
601381,602089,600095,4305790,,2025-01-01,32817
601382,602090,600095,4207701,,2025-03-27,32817
601383,602091,600095,4207701,,2025-07-30,32817
601384,602092,600095,4207701,,2025-12-17,32817
601385,602093,600095,4207701,,2026-04-09,32817
601386,602094,600096,4306780,,2021-06-21,32817
601387,602094,600096,4305790,,2021-06-22,32817
601388,602094,600096,4023083,,2021-06-23,32817
601389,602103,600096,4305790,,2021-08-22,32817
601390,602104,600096,4305790,,2021-11-26,32817
601391,602105,600096,4207701,,2022-02-24,32817
601392,602106,600096,4207701,,2022-06-29,32817
601393,602107,600096,4207701,,2022-12-12,32817
601394,602108,600096,4207701,,2023-05-19,32817
601395,602109,600096,4207701,,2023-11-09,32817
601396,602110,600096,4207701,,2024-02-04,32817
601397,602111,600096,4207701,,2024-05-29,32817
601398,602112,600096,4207701,,2024-11-18,32817
601399,602113,600096,4207701,,2025-02-20,32817
601400,602114,600096,4207701,,2025-07-07,32817
601401,602115,600096,4207701,,2025-10-13,32817
601402,602116,600096,4207701,,2026-02-03,32817
601403,602117,600097,4306780,,2019-12-26,32817
601404,602117,600097,4305790,,2019-12-27,32817
601405,602117,600097,4023083,,2019-12-28,32817
601406,602124,600097,4305790,,2020-02-28,32817
601407,602125,600097,4305790,,2020-06-07,32817
601408,602126,600097,4207701,,2020-09-12,32817
601409,602127,600097,4207701,,2021-02-03,32817
601410,602128,600097,4207701,,2021-05-01,32817
601411,602129,600097,4207701,,2021-08-04,32817
601412,602130,600097,4305790,,2021-09-27,32817
601413,602136,600097,4305790,,2021-12-23,32817
601414,602138,600098,4306780,,2024-11-18,32817
601415,602138,600098,4305790,,2024-11-19,32817
601416,602138,600098,4023083,,2024-11-20,32817
601417,602148,600098,4305790,,2025-01-14,32817
601418,602149,600098,4305790,,2025-04-20,32817
601419,602150,600098,4207701,,2025-08-05,32817
601420,602151,600098,4207701,,2025-12-22,32817
601421,602152,600098,4207701,,2026-06-01,32817
601422,602153,600099,4306780,,2019-05-02,32817
601423,602153,600099,4305790,,2019-05-03,32817
601424,602153,600099,4023083,,2019-05-04,32817
601425,602157,600099,4305790,,2019-06-16,32817
601426,602163,600099,4305790,,2019-09-07,32817
601427,602165,600100,4306780,,2020-01-22,32817
601428,602165,600100,4305790,,2020-01-23,32817
601429,602165,600100,4023083,,2020-01-24,32817
601430,602175,600100,4305790,,2020-03-17,32817
601431,602176,600100,4305790,,2020-06-18,32817
601432,602177,600100,4207701,,2020-10-05,32817
601433,602178,600100,4207701,,2021-02-09,32817
601434,602179,600100,4207701,,2021-08-13,32817
601435,602180,600100,4207701,,2021-11-19,32817
601436,602181,600100,4207701,,2022-04-18,32817
601437,602182,600100,4207701,,2022-09-07,32817
601438,602183,600100,4207701,,2023-01-03,32817
601439,602184,600100,4207701,,2023-07-07,32817
601440,602185,600100,4207701,,2023-12-21,32817
601441,602186,600100,4207701,,2024-05-13,32817
601442,602187,600100,4207701,,2024-09-20,32817
601443,602188,600100,4207701,,2025-02-05,32817
