visit_occurrence_id,person_id,visit_concept_id,visit_start_date,visit_end_date,visit_type_concept_id
500001,500001,9202,2018-12-05,2018-12-05,32817
500002,500001,9202,2019-02-28,2019-02-28,32817
500003,500001,9202,2019-05-27,2019-05-27,32817
500004,500001,9202,2019-08-26,2019-08-26,32817
500005,500001,9202,2019-11-25,2019-11-25,32817
500006,500001,9202,2020-02-25,2020-02-25,32817
500007,500001,9202,2020-05-30,2020-05-30,32817
500008,500001,9202,2020-08-27,2020-08-27,32817
500009,500001,9202,2020-11-27,2020-11-27,32817
500010,500001,9202,2021-03-05,2021-03-05,32817
500011,500001,9202,2021-06-07,2021-06-07,32817
500012,500001,9202,2021-09-02,2021-09-02,32817
500013,500001,9202,2021-12-01,2021-12-01,32817
500014,500001,9202,2022-02-26,2022-02-26,32817
500015,500001,9202,2022-05-23,2022-05-23,32817
500016,NOT_A_NUMBER,9202,2022-08-15,2022-08-15,32817
500017,500001,9202,2022-11-18,2022-11-18,32817
500018,500001,9202,2023-02-10,2023-02-10,32817
500019,500001,9202,2023-05-05,2023-05-05,32817
500020,500001,9202,2023-08-04,2023-08-04,32817
500021,500001,9202,2023-11-03,2023-11-03,32817
500022,500002,9202,2022-12-23,2022-12-23,32817
500023,500002,9202,2023-03-30,2023-03-30,32817
500024,500002,9202,2023-07-03,2023-07-03,32817
500025,500002,9202,2023-09-25,2023-09-25,32817
500026,500002,9202,2023-12-30,2023-12-30,32817
500027,500002,9202,2024-04-01,2024-04-01,32817
500028,500002,9202,2024-07-03,2024-07-03,32817
500029,500002,9202,2024-10-09,2024-10-09,32817
500030,500002,9202,2025-01-15,2025-01-15,32817
500031,500002,9202,2025-04-10,2025-04-10,32817
500032,500002,9202,2025-07-09,2025-07-09,32817
500033,500002,9202,2025-10-10,2025-10-10,32817
500034,500003,9202,2022-03-25,2022-03-25,32817
500035,500003,9202,2022-06-26,2022-06-26,32817
500036,500003,9202,2022-10-01,2022-10-01,32817
500037,500003,9202,2023-01-03,2023-01-03,32817
500038,500003,9202,2023-03-29,2023-03-29,32817
500039,500003,9202,2023-06-29,2023-06-29,32817
500040,500003,9202,2023-09-21,2023-09-21,32817
500041,500003,9202,2023-12-23,2023-12-23,32817
500042,500003,9202,2024-03-26,2024-03-26,32817
500043,500003,9202,2024-06-22,2024-06-22,32817
500044,500003,9202,2024-09-27,2024-09-27,32817
500045,500003,9202,2024-12-23,2024-12-23,32817
500046,500004,9202,2022-02-04,2022-02-04,32817
500047,500004,9202,2022-04-30,2022-04-30,32817
500048,500004,9202,2022-08-05,2022-08-05,32817
500049,500004,9202,2022-11-10,2022-11-10,32817
500050,500004,9202,2023-02-02,2023-02-02,32817
500051,500004,9202,2023-05-01,2023-05-01,32817
500052,500004,9202,2023-07-26,2023-07-26,32817
500053,500004,9202,2023-10-30,2023-10-30,32817
500054,500004,9202,2024-02-05,2024-02-05,32817
500055,500004,9202,2024-05-08,2024-05-08,32817
500056,500004,9202,2024-08-02,2099-01-01,32817
500057,500004,9202,2024-11-05,2024-11-05,32817
500058,500004,9202,2025-02-01,2025-02-01,32817
500059,500004,9202,2025-05-01,2025-05-01,32817
500060,500004,9202,2025-07-30,2025-07-30,32817
500061,500004,9202,2025-10-25,2025-10-25,32817
500062,500004,9202,2026-01-23,2026-01-23,32817
500063,500004,9202,2026-04-28,2026-04-28,32817
500064,500005,9202,2023-09-22,2023-09-22,32817
500065,500005,9202,2023-12-15,2023-12-15,32817
500066,500005,9202,2024-03-19,2024-03-19,32817
500067,500005,9202,2024-06-18,2024-06-18,32817
500068,500005,9202,2024-09-23,2024-09-23,32817
500069,500005,9202,2024-12-30,2024-12-30,32817
500070,500005,9202,2025-03-26,2025-03-26,32817
500071,500005,9202,2025-06-18,2025-06-18,32817
500072,500005,9202,2025-09-14,2025-09-14,32817
500073,500005,9202,2025-12-20,2025-12-20,32817
500074,500005,9202,2026-03-14,2026-03-14,32817
500075,500005,9202,2026-06-06,2026-06-06,32817
500076,500006,9202,2020-11-15,2020-11-15,32817
500077,500006,9202,2021-02-10,2021-02-10,32817
500078,500006,9202,2021-05-17,2021-05-17,32817
500079,500006,9202,2021-08-13,2021-08-13,32817
500080,500006,9202,2021-11-06,2021-11-06,32817
500081,500006,9202,2022-01-31,2022-01-31,32817
500082,500006,9202,2022-05-09,2022-05-09,32817
500083,500006,9202,2022-08-06,2022-08-06,32817
500084,500006,9202,2022-11-08,2022-11-08,32817
500085,500006,9202,2023-02-03,2023-02-03,32817
500086,500006,9202,2023-05-06,2023-05-06,32817
500087,500006,9202,2023-08-02,2023-08-02,32817
500088,500007,9202,2023-11-11,2023-11-11,32817
500089,500007,9202,2024-02-04,2024-02-04,32817
500090,500007,9202,2024-05-07,2024-05-07,32817
500091,500007,9202,2024-08-09,2024-08-09,32817
500092,500007,9202,2024-11-15,2024-11-15,32817
500093,500007,9202,2025-02-09,2025-02-09,32817
500094,500007,9202,2025-05-09,2025-05-09,32817
500095,500007,9202,2025-08-04,2025-08-04,32817
500096,500007,9202,2025-11-02,2025-11-02,32817
500097,500007,9202,2026-01-30,2026-01-30,32817
500098,500007,9202,2026-05-03,2026-05-03,32817
500099,500007,9202,2026-07-29,2026-07-29,32817
500100,500008,9202,2021-02-12,2021-02-12,32817
500101,500008,9202,2021-05-15,2021-05-15,32817
500102,500008,9202,2021-08-15,2021-08-15,32817
500103,500008,9202,2021-11-17,2021-11-17,32817
500104,500008,9202,2022-02-16,2022-02-16,32817
500105,500008,9202,2022-05-20,2022-05-20,32817
500106,500008,9202,2022-08-18,2022-08-18,32817
500107,500008,9202,2022-11-10,2022-11-10,32817
500108,500008,9202,2023-02-05,2023-02-05,32817
500109,500008,9202,2023-04-30,2023-04-30,32817
500110,500008,9202,2023-08-06,2023-08-06,32817
500111,500008,9202,2023-10-29,2023-10-29,32817
500112,500008,9202,2024-01-23,2024-01-23,32817
500113,500008,9202,2024-04-21,2024-04-21,32817
500114,500008,9202,2024-07-23,2024-07-23,32817
500115,500008,9202,2024-10-29,2024-10-29,32817
500116,500008,9202,2025-01-22,2025-01-22,32817
500117,500009,9202,2021-05-26,2021-05-26,32817
500118,500009,9202,2021-09-01,2021-09-01,32817
500119,500009,9202,2021-11-25,2021-11-25,32817
500120,500009,9202,2022-02-24,2022-02-24,32817
500121,500009,9202,2022-06-02,2022-06-02,32817
500122,500009,9202,2022-09-07,2022-09-07,32817
500123,500009,9202,2022-12-13,2022-12-13,32817
500124,500009,9202,2023-03-07,2023-03-07,32817
500125,500009,9202,2023-06-05,2023-06-05,32817
500126,500009,9202,2023-09-10,2023-09-10,32817
500127,500009,9202,2023-12-16,2023-12-16,32817
500128,500009,9202,2024-03-20,2024-03-20,32817
500129,500010,9202,2020-11-25,2020-11-25,32817
500130,500010,9202,2021-02-27,2021-02-27,32817
500131,500010,9202,2021-05-23,2021-05-23,32817
500132,500010,9202,2021-08-16,2021-08-16,32817
500133,500010,9202,2021-11-22,2021-11-22,32817
500134,500010,9202,2022-02-27,2022-02-27,32817
500135,500010,9202,2022-06-03,2022-06-03,32817
500136,500010,9202,2022-09-04,2022-09-04,32817
500137,500010,9202,2022-12-10,2022-12-10,32817
500138,500010,9202,2023-03-15,2023-03-15,32817
500139,500010,9202,2023-06-12,2023-06-12,32817
500140,500010,9202,2023-09-06,2023-09-06,32817
500141,500010,9202,2023-12-08,2023-12-08,32817
500142,500010,9202,2024-03-10,2024-03-10,32817
500143,500010,9202,2024-06-09,2024-06-09,32817
500144,500011,9202,2023-03-03,2023-03-03,32817
500145,500011,9202,2023-05-30,2023-05-30,32817
500146,500011,9202,2023-08-28,2023-08-28,32817
500147,500011,9202,2023-12-03,2023-12-03,32817
500148,500011,9202,2024-02-29,2024-02-29,32817
500149,500011,9202,2024-05-27,2024-05-27,32817
500150,500011,9202,2024-08-19,2024-08-19,32817
500151,500011,9202,2024-11-19,2024-11-19,32817
500152,500011,9202,2025-02-17,2025-02-17,32817
500153,500011,9202,2025-05-23,2025-05-23,32817
500154,500011,9202,2025-08-19,2025-08-19,32817
500155,500011,9202,2025-11-13,2025-11-13,32817
500156,500011,9202,2026-02-19,2026-02-19,32817
500157,500012,9202,2021-10-03,2021-10-03,32817
500158,500012,9202,2021-12-31,2021-12-31,32817
500159,,9202,2022-04-01,2022-04-01,32817
500160,500012,9202,2022-07-04,2022-07-04,32817
500161,500012,9202,2022-09-27,2022-09-27,32817
500162,500012,9202,2023-01-02,2023-01-02,32817
500163,500012,9202,2023-04-07,2023-04-07,32817
500164,500012,9202,2023-06-30,2023-06-30,32817
500165,500012,9202,2023-09-27,2023-09-27,32817
500166,500012,9202,2023-12-24,2023-12-24,32817
500167,500012,9202,2024-03-18,2024-03-18,32817
500168,500012,9202,2024-06-18,2024-06-18,32817
500169,500012,9202,2024-09-18,2024-09-18,32817
500170,500012,9202,2024-12-12,2024-12-12,32817
500171,500012,9202,2025-03-06,2025-03-06,32817
500172,500012,9202,2025-06-11,2025-06-11,32817
500173,500013,9202,2021-01-20,2021-01-20,32817
500174,500013,9202,2021-04-19,2021-04-19,32817
500175,500013,9202,2021-07-18,2021-07-18,32817
500176,500013,9202,2021-10-18,2021-10-18,32817
500177,500013,9202,2022-01-19,2022-01-19,32817
500178,500013,9202,2022-04-19,2022-04-19,32817
500179,500013,9202,2022-07-21,2022-07-21,32817
500180,500013,9202,2022-10-18,2022-10-18,32817
500181,500013,9202,2023-01-10,2023-01-10,32817
500182,500013,9202,2023-04-14,2023-04-14,32817
500183,500013,9202,2023-07-08,2023-07-08,32817
500184,500013,9202,2023-10-12,2023-10-12,32817
500185,500013,9202,2024-01-18,2024-01-18,32817
500186,500013,9202,2024-04-20,2024-04-20,32817
500187,500014,9202,2021-01-26,2021-01-26,32817
500188,500014,9202,2021-04-24,2021-04-24,32817
500189,500014,9202,2021-07-30,2021-07-30,32817
500190,500014,9202,2021-10-22,2021-10-22,32817
500191,500014,9202,2022-01-20,2022-01-20,32817
500192,500014,9202,2022-04-20,2022-04-20,32817
500193,500014,9202,2022-07-27,2022-07-27,32817
500194,500014,9202,2022-10-27,2022-10-27,32817
500195,500014,9202,2023-01-21,2023-01-21,32817
500196,500014,9202,2023-04-17,2023-04-17,32817
500197,500014,9202,2023-07-23,2023-07-23,32817
500198,500014,9202,2023-10-21,2023-10-21,32817
500199,500014,9202,2024-01-13,2024-01-13,32817
500200,500014,9202,2024-04-12,2024-04-12,32817
500201,500015,9202,2023-02-09,2023-02-09,32817
500202,500015,9202,2023-05-16,2023-05-16,32817
500203,500015,9202,2023-08-19,2023-08-19,32817
500204,500015,9202,2023-11-13,2023-11-13,32817
500205,500015,9202,2024-02-14,2024-02-14,32817
500206,500015,9202,2024-05-17,2024-05-17,32817
500207,500015,9202,2024-08-17,2024-08-17,32817
500208,500015,9202,2024-11-12,2024-11-12,32817
500209,500015,9202,2025-02-12,2025-02-12,32817
NOT_A_NUMBER,500015,9202,2025-05-15,2025-05-15,32817
500211,500015,9202,2025-08-07,2025-08-07,32817
500212,500015,9202,2025-11-04,2025-11-04,32817
500213,500015,9202,2026-01-28,2026-01-28,32817
500214,500015,9202,2026-04-30,2026-04-30,32817
500215,500015,9202,2026-08-05,2026-08-05,32817
500216,500016,9202,2018-07-06,2018-07-06,32817
500217,500016,9202,2018-10-12,2018-10-12,32817
500218,500016,9202,2019-01-15,2019-01-15,32817
500219,500016,9202,2019-04-15,2019-04-15,32817
500220,500016,9202,2019-07-13,2019-07-13,32817
500221,500016,9202,2019-10-14,2019-10-14,32817
500222,500016,9202,2020-01-20,2020-01-20,32817
500223,500016,9202,2020-04-22,2020-04-22,32817
500224,500016,9202,2020-07-26,2020-07-26,32817
500225,500016,9202,2020-10-25,2020-10-25,32817
500226,500016,9202,2021-01-26,2021-01-26,32817
500227,500016,9202,2021-04-25,2021-04-25,32817
500228,500016,9202,2021-07-18,2021-07-18,32817
500229,500016,9202,2021-10-21,2021-10-21,32817
500230,500016,9202,2022-01-19,2022-01-19,32817
500231,500016,9202,2022-04-24,2022-04-24,32817
500232,500016,9202,2022-07-26,2022-07-26,32817
500233,500016,9202,2022-10-20,2022-10-20,32817
500234,500016,9202,2023-01-14,2023-01-14,32817
500235,500017,9202,2019-08-18,2019-08-18,32817
500236,500017,9202,2019-11-21,2019-11-21,32817
500237,500017,9202,2020-02-25,2020-02-25,32817
500238,500017,9202,2020-05-24,2020-05-24,32817
500239,500017,9202,2020-08-18,2020-08-18,32817
500240,500017,9202,2020-11-22,2020-11-22,32817
500241,500017,9202,2021-02-21,2021-02-21,32817
500242,500017,9202,2021-05-20,2021-05-20,32817
500243,500017,9202,2021-08-25,2021-08-25,32817
500244,500017,9202,2021-11-19,2021-11-19,32817
500245,500017,9202,2022-02-13,2022-02-13,32817
500246,500017,9202,2022-05-17,2022-05-17,32817
500247,500017,9202,2022-08-13,2022-08-13,32817
500248,500017,9202,2022-11-19,2022-11-19,32817
500249,500017,9202,2023-02-20,2023-02-20,32817
500250,500017,9202,2023-05-28,2023-05-28,32817
500251,500017,9202,2023-08-21,2023-08-21,32817
500252,500017,9202,2023-11-20,2023-11-20,32817
500253,500017,9202,2024-02-14,2024-02-14,32817
500254,500017,9202,2024-05-20,2024-05-20,32817
500255,500017,9202,2024-08-24,2024-08-24,32817
500256,500017,9202,2024-11-23,2024-11-23,32817
500257,500018,9202,2019-09-05,2019-09-05,32817
500258,500018,9202,2019-12-02,2019-12-02,32817
500259,500018,9202,2020-03-01,2020-03-01,32817
500260,500018,9202,2020-06-03,2020-06-03,32817
500261,500018,9202,2020-09-04,2020-09-04,32817
500262,500018,9202,2020-11-27,2020-11-27,32817
500263,500018,9202,2021-03-04,2021-03-04,32817
500264,500018,9202,2021-06-06,2021-06-06,32817
500265,500018,9202,2021-09-03,2021-09-03,32817
500266,500018,9202,2021-12-05,2021-12-05,32817
500267,500018,9202,2022-03-07,2022-03-07,32817
500268,500018,9202,2022-06-05,2022-06-05,32817
500269,500018,9202,2022-08-28,2022-08-28,32817
500270,500018,9202,2022-11-24,2022-11-24,32817
500271,500018,9202,2023-02-21,2023-02-21,32817
500272,500018,9202,2023-05-27,2023-05-27,32817
500273,500018,9202,2099-01-01,2023-08-20,32817
500274,500018,9202,2023-11-21,2023-11-21,32817
500275,500019,9202,2019-05-25,2019-05-25,32817
500276,500019,9202,2019-08-25,2019-08-25,32817
500277,500019,9202,2019-11-29,2019-11-29,32817
500278,500019,9202,2020-03-02,2020-03-02,32817
500279,500019,9202,2020-06-04,2020-06-04,32817
500280,500019,9202,2020-09-03,2026-13-45,32817
500281,500019,9202,2020-11-28,2020-11-28,32817
500282,500019,9202,2021-02-20,2021-02-20,32817
500283,500019,9202,2021-05-15,2021-05-15,32817
500284,500019,9202,2021-08-14,2021-08-14,32817
500285,500019,9202,2021-11-20,2021-11-20,32817
500286,500019,9202,2022-02-26,2022-02-26,32817
500287,500019,9202,2022-05-30,2022-05-30,32817
500288,500019,9202,2022-08-24,2022-08-24,32817
500289,500019,9202,2022-11-16,2022-11-16,32817
500290,500019,9202,2023-02-17,2023-02-17,32817
500291,500019,9202,2023-05-20,2023-05-20,32817
500292,500019,9202,2023-08-25,2023-08-25,32817
500293,500019,9202,2023-11-20,2023-11-20,32817
500294,500019,9202,2024-02-12,2024-02-12,32817
500295,500019,9202,2024-05-10,2024-05-10,32817
500296,500019,9202,2024-08-02,2024-08-02,32817
500297,500019,9202,2024-11-04,2024-11-04,32817
500298,500020,9202,2022-12-03,2022-12-03,32817
500299,500020,9202,2023-03-05,2023-03-05,32817
500300,500020,9202,2023-06-02,2023-06-02,32817
500301,500020,9202,2023-08-28,2023-08-28,32817
500302,500020,9203,2023-09-28,2023-09-28,32817
500303,500020,9202,2023-11-20,2023-11-20,32817
500304,500020,9202,2024-02-22,2024-02-22,32817
500305,500020,9202,2024-05-20,2024-05-20,32817
500306,500020,9202,2024-08-14,2024-08-14,32817
500307,500020,9202,2024-11-16,2024-11-16,32817
500308,500020,9202,2025-02-10,2025-02-10,32817
500309,500020,9202,2025-05-05,2025-05-05,32817
500310,500020,9202,2025-08-08,2025-08-08,32817
500311,500020,9202,2025-11-09,2025-11-09,32817
500312,500020,9202,2026-02-04,2026-02-04,32817
500313,500020,9202,2026-05-05,2026-05-05,32817
500314,500020,9202,2026-08-11,2026-08-11,32817
500315,500021,9202,2019-01-21,2019-01-21,32817
500316,500021,9202,2019-04-26,2019-04-26,32817
500317,500021,9202,2019-07-29,2019-07-29,32817
500318,500021,9202,2019-10-27,2019-10-27,32817
500319,500021,9202,2020-01-26,2020-01-26,32817
500320,500021,9202,2020-04-20,2020-04-20,32817
500321,500021,9202,2020-07-13,2020-07-13,32817
500322,500021,9202,2020-10-10,2020-10-10,32817
500323,500021,9202,2021-01-02,2021-01-02,32817
500324,500021,9202,2021-04-06,2021-04-06,32817
500325,500021,9202,2021-07-08,2021-07-08,32817
500326,500021,9202,2021-10-14,2021-10-14,32817
500327,500021,9202,2022-01-17,2022-01-17,32817
500328,500022,9202,2023-11-20,2023-11-20,32817
500329,500022,NOT_A_NUMBER,2024-02-17,2024-02-17,32817
500330,500022,9202,2024-05-11,2024-05-11,32817
500331,500022,9202,2024-08-05,2024-08-05,32817
500332,500022,9202,2024-11-06,2024-11-06,32817
500333,500022,9202,2025-02-12,2025-02-12,32817
500334,500022,9202,2025-05-08,2025-05-08,32817
500335,500022,9202,2025-08-04,2025-08-04,32817
500336,500022,9202,2025-11-10,2025-11-10,32817
500337,500022,9202,2026-02-11,2026-02-11,32817
500338,500022,9202,2026-05-16,2026-05-16,32817
500339,500022,9202,2026-08-21,2026-08-21,32817
500340,500023,9202,2022-01-10,2022-01-10,32817
500341,500023,9202,2022-04-18,2022-04-18,32817
500342,500023,9202,2022-07-22,2022-07-22,32817
500343,500023,9202,2022-10-21,2022-10-21,32817
500344,500023,9202,2023-01-18,2023-01-18,32817
500345,500023,9202,2023-04-17,2023-04-17,32817
500346,500023,9202,2023-07-19,2023-07-19,32817
500347,500023,9202,2023-10-16,2023-10-16,32817
500348,500023,9202,2024-01-13,2024-01-13,32817
500349,500023,9202,2024-04-11,2024-04-11,32817
500350,500023,9202,2024-07-17,2024-07-17,32817
500351,500023,9202,2024-10-10,2024-10-10,32817
500352,500023,9202,2025-01-06,2025-01-06,32817
500353,500023,9202,2025-04-01,2025-04-01,32817
500354,500023,9202,2025-06-27,2025-06-27,32817
500355,500024,9202,2023-03-30,2023-03-30,32817
500356,500024,9202,2023-06-30,2023-06-30,32817
500357,500024,9202,2023-10-04,2023-10-04,32817
500358,500024,9202,2023-12-30,2023-12-30,32817
500359,500024,9202,2024-03-24,2024-03-24,32817
500360,500024,9202,2024-06-28,2024-06-28,32817
500361,500024,9202,2024-09-21,2024-09-21,32817
500362,500024,9202,2024-12-18,2024-12-18,32817
500363,500024,9202,2025-03-12,2025-03-12,32817
500364,500024,9202,2025-06-04,2025-06-04,32817
500365,500024,9202,2025-09-07,2025-09-07,32817
500366,500024,9202,2025-09-23,2025-09-23,32817
500367,500024,9202,2025-12-12,2025-12-12,32817
500368,500024,9202,2026-03-13,2026-03-13,32817
500369,500024,9202,2026-06-18,2026-06-18,32817
500370,500025,9202,2023-01-04,2023-01-04,32817
500371,500025,9202,2023-03-30,2023-03-30,32817
500372,500025,9202,2023-06-23,2023-06-23,32817
500373,500025,9202,2023-09-28,2023-09-28,32817
500374,500025,9202,2023-12-30,2023-12-30,32817
500375,500025,9202,2024-03-23,2024-03-23,32817
500376,500025,9202,2024-06-25,2024-06-25,32817
500377,500025,9202,2024-09-26,2024-09-26,32817
500378,500025,9202,2024-12-27,2024-12-27,32817
500379,500025,9202,2025-03-27,2025-03-27,32817
500380,500025,9202,2025-07-03,2025-07-03,32817
500381,500025,9202,2025-09-25,2025-09-25,32817
500382,500025,9202,2025-12-18,2025-12-18,32817
500383,500025,9202,2026-03-18,2026-03-18,32817
500384,500026,9202,2018-11-06,2018-11-06,32817
500385,500026,9202,2019-01-30,2019-01-30,32817
500386,500026,9202,2019-05-01,2019-05-01,32817
500387,500026,9202,2019-08-03,2019-08-03,32817
500388,500026,9202,2019-11-02,2019-11-02,32817
500389,500026,9202,2020-01-26,2020-01-26,32817
500390,500026,9202,2020-04-23,2020-04-23,32817
500391,500026,9202,2020-07-30,2020-07-30,32817
500392,500026,9202,2020-10-27,2020-10-27,32817
500393,500026,9202,2021-01-22,2021-01-22,32817
500394,500026,9202,2021-04-25,2021-04-25,32817
500395,500026,9202,2021-08-01,2021-08-01,32817
500396,500026,9202,2021-10-28,2021-10-28,32817
500397,500026,9202,2022-01-22,2022-01-22,32817
500398,500026,9202,2022-04-24,2022-04-24,32817
500399,500026,9202,2022-07-24,2022-07-24,32817
500400,500026,9202,2022-10-27,2022-10-27,32817
500401,500027,9202,2018-08-06,2018-08-06,32817
500402,500027,9202,2018-11-04,2018-11-04,32817
500403,500027,9202,2019-01-27,2019-01-27,32817
500404,500027,9202,2019-04-26,2019-04-26,32817
500405,500027,9202,2019-07-31,2019-07-31,32817
500406,500027,9202,2019-11-05,2019-11-05,32817
500407,500027,9202,2020-02-11,2020-02-11,NOT_A_NUMBER
500408,500027,9202,2020-05-05,2020-05-05,32817
500409,500027,9202,2020-07-28,2020-07-28,32817
500410,500027,9202,2020-10-30,2020-10-30,32817
500411,500027,9202,2021-01-24,2021-01-24,32817
500412,500027,9202,2021-04-30,2021-04-30,32817
500413,500027,9202,2021-07-26,2021-07-26,32817
500414,500027,9202,2021-11-01,2021-11-01,32817
500415,500027,9202,2022-01-28,2022-01-28,32817
500416,500027,9202,2022-04-25,2022-04-25,32817
500417,500027,9202,2022-07-31,2022-07-31,32817
500418,500027,9202,2022-10-25,2022-10-25,32817
500419,500027,9202,2023-01-31,2023-01-31,32817
500420,500027,9202,2023-05-06,2023-05-06,32817
500421,500027,9202,2023-07-31,2023-07-31,32817
500422,500027,9202,2023-11-03,2023-11-03,32817
500423,500027,9202,2024-01-30,2024-01-30,32817
500424,500028,9202,2018-08-04,2018-08-04,32817
500425,500028,9202,2018-11-09,2018-11-09,32817
500426,500028,9202,2019-02-08,2019-02-08,32817
500427,500028,9202,2019-05-11,2019-05-11,32817
500428,500028,9202,2019-08-11,2019-08-11,32817
500429,500028,9202,2019-11-16,2019-11-16,32817
500430,500028,9202,2020-02-19,2020-02-19,32817
500431,500028,9202,2020-05-20,2020-05-20,32817
500432,500028,9999999,2020-08-19,2020-08-19,32817
500433,500028,9202,2020-11-12,2020-11-12,32817
500434,500028,9203,2020-12-17,2020-12-17,32817
500435,500028,9202,2021-02-14,2021-02-14,32817
500436,500028,9202,2021-05-18,2021-05-18,32817
500437,500028,9202,2021-08-22,2021-08-22,32817
500438,500029,9202,2019-03-03,2019-03-03,32817
500439,500029,9202,2019-06-08,2019-06-08,32817
500440,500029,9202,2019-09-01,2019-09-01,32817
500441,500029,9202,2019-12-06,2019-12-06,32817
500442,500029,9202,2020-02-28,2020-02-28,32817
500443,500029,9202,2020-06-05,2020-06-05,32817
500444,500029,9202,2020-09-07,2020-09-07,32817
500445,500029,9202,2020-12-08,2020-12-08,32817
500446,500029,9202,2021-03-06,2021-03-06,32817
500447,500029,9202,2021-05-29,2021-05-29,32817
500448,500029,9202,2021-08-23,2021-08-23,32817
500449,500029,9202,2021-11-29,2021-11-29,32817
500450,500029,9202,2022-02-27,2022-02-27,32817
500451,500029,9202,2022-06-05,2022-06-05,32817
500452,500029,9202,2022-08-30,2022-08-30,32817
500453,500030,9202,2020-10-07,2020-10-07,32817
500454,500030,9202,2021-01-01,2021-01-01,32817
500455,500030,9202,2021-03-30,2021-03-30,32817
500456,500030,9202,2021-06-25,2021-06-25,32817
500457,500030,9202,2021-09-27,2021-09-27,32817
500458,500030,9202,2022-01-02,2022-01-02,32817
500459,500030,9202,2022-04-03,2022-04-03,32817
500460,500030,9202,2022-06-27,2022-06-27,32817
500461,500030,9202,2022-09-29,2022-09-29,32817
500462,500030,9202,2023-01-02,2023-01-02,32817
500463,500030,9202,2023-04-10,2023-04-10,32817
500464,500030,9202,2023-07-05,2023-07-05,32817
500465,500030,9202,2023-10-08,2023-10-08,32817
500466,500030,9202,2023-12-31,2023-12-31,32817
500467,500030,9202,2024-04-07,2024-04-07,32817
500468,500030,9202,2024-07-02,2024-07-02,32817
500469,500031,9202,2023-10-16,2023-10-16,32817
500470,500031,9202,2024-01-18,2024-01-18,32817
500471,500031,9202,2024-04-11,2024-04-11,32817
500472,500031,9202,2024-07-11,2024-07-11,32817
500473,500031,9202,2024-10-04,2024-10-04,32817
500474,500031,9202,2025-01-08,2025-01-08,32817
500475,500031,9202,2025-04-02,2025-04-02,32817
500476,500031,9202,2025-07-03,2025-07-03,32817
500477,500031,9202,2025-10-09,2025-10-09,32817
500478,500031,9202,2026-01-09,2026-01-09,32817
500479,500031,9202,2026-04-11,2026-04-11,32817
500480,500031,9202,2026-07-13,2026-07-13,32817
500481,500032,9202,2018-08-11,2018-08-11,32817
500482,500032,9202,2018-11-14,2018-11-14,32817
500483,500032,9202,2019-02-17,2019-02-17,32817
500484,500032,9202,2019-05-20,2019-05-20,32817
500485,500032,9202,2019-08-25,2019-08-25,32817
500486,500032,9202,2019-11-27,2019-11-27,32817
500487,500032,9202,2020-03-01,2020-03-01,32817
500488,500032,9202,2020-06-06,2020-06-06,32817
500489,500032,9202,2020-09-03,2020-09-03,32817
500490,500032,9202,2020-12-04,2020-12-04,32817
500491,500032,9202,2021-03-05,2021-03-05,32817
500492,500032,9202,2021-05-28,2021-05-28,32817
500493,500033,9202,2018-04-02,2018-04-02,32817
500494,500033,9202,2018-06-25,2018-06-25,32817
500495,500033,9202,2018-09-19,2018-09-19,32817
500496,500033,9202,2018-12-16,2018-12-16,32817
500497,500033,9202,2019-03-16,2019-03-16,32817
500498,500033,9202,2019-06-16,2019-06-16,32817
500499,500033,9202,2019-09-22,2019-09-22,32817
500500,500033,9202,2019-12-20,2019-12-20,32817
500501,500033,9202,2020-03-17,2020-03-17,32817
500502,500033,9202,2020-06-13,2020-06-13,32817
500503,500033,9202,2020-09-19,2020-09-19,32817
500504,500033,9202,2020-12-16,2020-12-16,32817
500505,500033,9202,2021-03-17,2021-03-17,32817
500506,500033,9202,2021-06-12,2021-06-12,32817
500507,500033,9202,2021-09-10,2021-09-10,32817
500508,500033,9202,2021-12-06,2021-12-06,32817
500509,500033,9202,2022-03-04,2022-03-04,32817
500510,500033,9202,2022-06-01,2022-06-01,32817
500511,500033,9202,2022-09-05,2022-09-05,32817
500512,500033,9202,2022-12-08,2022-12-08,32817
500513,500033,9202,2023-03-07,2023-03-07,32817
500514,500033,9202,2023-06-07,2023-06-07,32817
500515,500034,9202,2020-09-09,2020-09-09,32817
500516,500034,9202,2020-12-07,2020-12-07,32817
500517,500034,9202,2021-03-03,2021-03-03,32817
500518,500034,9202,2021-05-27,2021-05-27,32817
500519,500034,9202,2021-08-27,2021-08-27,32817
500520,500034,9202,2021-11-27,2021-11-27,32817
500521,500034,9202,2022-03-01,2022-03-01,32817
500522,500034,9202,2022-05-26,2022-05-26,32817
500523,500034,9202,2022-08-25,2022-08-25,32817
500524,500034,9202,2022-11-22,2022-11-22,32817
500525,500034,9202,2023-02-14,2023-02-14,
500526,500034,9202,2023-05-16,2023-05-16,32817
500527,500034,9202,2023-08-10,2023-08-10,32817
500528,500034,9202,2023-11-07,2023-11-07,32817
500529,500034,9202,2024-02-11,2024-02-11,32817
500530,500034,9202,2024-05-12,2024-05-12,32817
500531,500034,9202,2024-08-10,2024-08-10,32817
500532,500034,9202,2024-11-07,2024-11-07,32817
500533,500034,9202,2025-02-01,2025-02-01,32817
500534,500035,9202,2018-03-27,2018-03-27,32817
500535,500035,9202,2018-07-02,2018-07-02,32817
500536,500035,9202,2018-10-04,2018-10-04,32817
500537,500035,9202,2019-01-08,2019-01-08,32817
500538,500035,9202,2019-04-05,2019-04-05,32817
500539,500035,9202,2019-07-08,2019-07-08,32817
500540,500035,9202,2019-10-01,2019-10-01,32817
500541,500035,9202,2020-01-02,2020-01-02,32817
500542,500035,9202,2020-04-06,2020-04-06,32817
500543,500035,9202,2020-07-04,2020-07-04,32817
500544,500035,9202,2020-10-03,2020-10-03,32817
500545,500035,9202,2021-01-06,2021-01-06,32817
500546,500035,9202,2021-04-05,2021-04-05,32817
500547,500035,9202,2021-07-06,2021-07-06,32817
500548,500035,9202,2021-10-06,2021-10-06,32817
500549,500036,9202,2020-05-05,2020-05-05,32817
500550,500036,9202,2020-07-29,2020-07-29,32817
500551,500036,9202,2020-10-23,2020-10-23,32817
500552,500036,9202,2021-01-22,2021-01-22,32817
500553,500036,9202,2021-04-16,2021-04-16,32817
500554,500036,9202,2021-07-22,2021-07-22,32817
500555,500036,9202,2021-10-24,2021-10-24,32817
500556,500036,9202,2022-01-17,2022-01-17,32817
500557,500036,9202,2022-04-13,2022-04-13,32817
500558,500036,9202,2022-07-18,2022-07-18,32817
500559,500036,9202,2022-10-15,2022-10-15,32817
500560,500036,9202,2023-01-21,2023-01-21,32817
500561,500037,9202,2023-10-31,2023-10-31,32817
500562,500037,9202,2024-01-29,2024-01-29,32817
500563,500037,9202,2024-05-04,2024-05-04,32817
500564,500037,9202,2024-08-05,2024-08-05,32817
500565,500037,9202,2024-11-03,2024-11-03,32817
500566,500037,9202,2025-01-30,2025-01-30,32817
500567,500037,9202,2025-04-30,2025-04-30,32817
500568,500037,9202,2025-08-02,2025-08-02,32817
500569,500037,9202,2025-11-04,2025-11-04,32817
500570,500037,9202,2026-02-05,2026-02-05,32817
500571,500037,9202,2026-04-30,2026-04-30,32817
500572,500037,9202,2026-08-04,2026-08-04,32817
500573,500038,9202,2020-04-15,2020-04-15,32817
500574,500038,9202,2020-07-13,2020-07-13,32817
500575,500038,9202,2020-10-09,2020-10-09,32817
500576,500038,9202,2021-01-06,2021-01-06,32817
500577,500038,9202,2021-04-03,2021-04-03,32817
500578,500038,9202,2021-07-02,2021-07-02,32817
500579,500038,9202,2021-09-29,2021-09-29,32817
500580,500038,9202,2021-12-22,2021-12-22,32817
500581,500038,9202,2022-03-18,2022-03-18,32817
500582,500038,9202,2022-06-14,2022-06-14,32817
500583,500038,9202,2022-09-15,2022-09-15,32817
500584,500038,9202,2022-12-14,2022-12-14,32817
500585,500038,9202,2023-03-12,2023-03-12,32817
500586,500038,9202,2023-06-06,2023-06-06,32817
500587,500038,9202,2023-09-08,2023-09-08,32817
500588,500038,9202,2023-12-01,2023-12-01,32817
500589,500038,9202,2024-03-04,2024-03-04,32817
500590,500038,9202,2024-06-03,2024-06-03,32817
500591,500038,9202,2024-09-09,2024-09-09,32817
500592,500038,9202,2024-12-15,2024-12-15,32817
500593,500038,9202,2025-03-09,2025-03-09,32817
500594,500038,9202,2025-06-15,2025-06-15,32817
500595,500038,9202,2025-09-12,2025-09-12,32817
500596,500038,9202,2025-12-09,2025-12-09,32817
500597,500039,9202,2020-07-21,2020-07-21,32817
500598,500039,9202,2020-10-26,2020-10-26,32817
500599,500039,9202,2021-01-30,2021-01-30,32817
500600,500039,9202,2021-04-24,2021-04-24,32817
500601,500039,9202,2021-07-29,2021-07-29,32817
500602,500039,9202,2021-10-23,2021-10-23,32817
500603,500039,9202,2022-01-25,2022-01-25,32817
500604,500039,9202,2022-04-25,2022-04-25,32817
500605,500039,9202,2022-07-26,2022-07-26,32817
500606,500039,9202,2022-10-24,2022-10-24,32817
500607,500039,9202,2023-01-25,2023-01-25,32817
500608,500039,9202,2023-04-21,2023-04-21,32817
500609,500039,9202,2023-07-17,2023-07-17,32817
500610,500039,9202,2023-10-12,2023-10-12,32817
500611,500039,9202,2024-01-10,2024-01-10,32817
500612,500039,9202,2024-04-04,2024-04-04,32817
500613,500039,9202,2024-07-04,2024-07-04,32817
500614,500039,9202,2024-10-05,2024-10-05,32817
500615,500039,9202,2025-01-07,2025-01-07,32817
500616,500039,9202,2025-04-15,2025-04-15,32817
500617,500040,9202,2021-07-30,2021-07-30,32817
500618,500040,9202,2021-10-25,2021-10-25,32817
500619,500040,9202,2022-01-25,2022-01-25,32817
500620,500040,9202,2022-05-03,2022-05-03,32817
500621,500040,9202,2022-08-02,2022-08-02,32817
500622,500040,9202,2022-10-26,2022-10-26,32817
500623,500040,9202,2023-01-20,2023-01-20,32817
500624,500040,9202,2023-04-25,2023-04-25,32817
500625,500040,9202,2023-07-31,2023-07-31,32817
500626,500040,9202,2023-10-23,2023-10-23,32817
500627,500040,9202,2024-01-20,2024-01-20,32817
500628,500040,9202,2024-04-17,2024-04-17,32817
500629,500040,9202,2024-07-24,2024-07-24,32817
500630,500040,9202,2024-10-16,2024-10-16,32817
500631,500040,9202,2025-01-22,2025-01-22,32817
500632,500040,9202,2025-04-30,2025-04-30,32817
500633,500041,9202,2021-03-02,2021-03-02,32817
500634,500041,9202,2021-06-02,2021-06-02,32817
500635,500041,9202,2021-08-30,2021-08-30,32817
500636,500041,9202,2021-12-05,2021-12-05,32817
500637,500041,9202,2022-03-08,2022-03-08,32817
500638,500041,9202,2022-06-12,2022-06-12,32817
500639,500041,9202,2022-09-07,2022-09-07,32817
500640,500041,9202,2022-12-08,2022-12-08,32817
500641,500041,9202,2023-03-06,2023-03-06,32817
500642,500041,9202,2023-05-29,2023-05-29,32817
500643,500041,9202,2023-08-31,2023-08-31,32817
500644,500041,9202,2023-11-30,2023-11-30,32817
500645,500041,9202,2024-03-04,2024-03-04,32817
500646,500041,9201,2024-04-14,2024-04-16,32817
500647,500042,9202,2022-04-12,2022-04-12,32817
500648,500042,9202,2022-07-08,2022-07-08,32817
500649,500042,9202,2022-10-06,2022-10-06,32817
500650,500042,9202,2023-01-02,2023-01-02,32817
500651,500042,9202,2023-04-05,2023-04-05,32817
500652,500042,9202,2023-07-02,2023-07-02,32817
500653,500042,9202,2023-09-24,2023-09-24,32817
500654,500042,9202,2023-12-30,2023-12-30,32817
500655,500042,9202,2024-04-04,2024-04-04,32817
500656,500042,9202,2024-07-10,2024-07-10,32817
500657,500042,9202,2024-10-03,2024-10-03,32817
500658,500042,9202,2025-01-02,2025-01-02,32817
500659,500042,9202,2025-04-09,2025-04-09,32817
500660,500042,9202,2025-07-02,2025-07-02,32817
500661,500042,9202,2025-09-28,2025-09-28,32817
500662,500042,9202,2025-12-29,2025-12-29,32817
500663,500042,9202,2026-04-06,2026-04-06,32817
500664,500042,9202,2026-07-05,2026-07-05,32817
500665,500043,9202,2023-09-06,2023-09-06,32817
500666,500043,9202,2023-12-10,2023-12-10,32817
500667,500043,9202,2024-03-08,2024-03-08,32817
500668,500043,9202,2024-05-31,2024-05-31,32817
500669,500043,9202,2024-08-24,2024-08-24,32817
500670,500043,9202,2024-11-20,2024-11-20,32817
500671,500043,9202,2025-02-16,2025-02-16,32817
500672,500043,9202,2025-05-12,2025-05-12,32817
500673,500043,9202,2025-08-09,2025-08-09,32817
500674,500043,9202,2025-11-02,2025-11-02,32817
500675,500043,9202,2026-02-05,2026-02-05,32817
500676,500043,9202,2026-05-03,2026-05-03,32817
500677,500043,9202,2026-07-29,2026-07-29,32817
500678,500044,9202,2020-06-11,2020-06-11,32817
500679,500044,9202,2020-09-13,2020-09-13,32817
500680,500044,9202,2020-12-10,2020-12-10,32817
500681,500044,9202,2021-03-08,2021-03-08,32817
500682,500044,9202,2021-06-08,2021-06-08,32817
500683,500044,9202,2021-09-14,2021-09-14,32817
500684,500044,9202,2021-12-16,2021-12-16,32817
500685,500044,9202,2022-03-11,2022-03-11,32817
500686,500044,9202,2022-06-07,2022-06-07,32817
500687,500044,9202,2022-09-13,2022-09-13,32817
500688,500044,9202,2022-12-08,2022-12-08,32817
500689,500044,9202,2023-03-13,2023-03-13,32817
500690,500044,9202,2023-06-19,2023-06-19,32817
500691,500044,9202,2023-09-11,2023-09-11,32817
500692,500044,9202,2023-12-07,2023-12-07,32817
500693,500044,9202,2024-03-01,2024-03-01,32817
500694,500045,9202,2021-06-16,2021-06-16,32817
500695,500045,9202,2021-09-13,2021-09-13,32817
500696,500045,9202,2021-12-19,2021-12-19,32817
500697,500045,9202,2022-03-13,2022-03-13,32817
500698,500045,9202,2022-06-14,2022-06-14,32817
500699,500045,9202,2022-09-15,2022-09-15,32817
500700,500045,9202,2022-12-14,2022-12-14,32817
500701,500045,9202,2023-03-16,2023-03-16,32817
500702,500045,9202,2023-06-15,2023-06-15,32817
500703,500045,9202,2023-09-10,2023-09-10,32817
500704,500045,9202,2023-12-03,2023-12-03,32817
500705,500045,9202,2024-03-02,2024-03-02,32817
500706,500045,9202,2024-05-31,2024-05-31,32817
500707,500045,9202,2024-09-03,2024-09-03,32817
500708,500045,9202,2024-12-02,2024-12-02,32817
500709,500045,9202,2025-03-06,2025-03-06,32817
500710,500045,9202,2025-06-11,2025-06-11,32817
500711,500045,9202,2025-09-14,2025-09-14,32817
500712,500045,9202,2025-12-12,2025-12-12,32817
500713,500046,9202,2019-07-27,2019-07-27,32817
500714,500046,9202,2019-10-30,2019-10-30,32817
500715,500046,9202,2020-01-27,2020-01-27,32817
500716,500046,9202,2020-04-23,2020-04-23,32817
500717,500046,9202,2020-07-25,2020-07-25,32817
500718,500046,9202,2020-10-30,2020-10-30,32817
500719,500046,9202,2021-01-28,2021-01-28,32817
500720,500046,9202,2021-05-05,2021-05-05,32817
500721,500046,9202,2021-07-29,2021-07-29,32817
500722,500046,9202,2021-10-31,2021-10-31,32817
500723,500046,9202,2022-01-26,2022-01-26,32817
500724,500046,9202,2022-04-29,2022-04-29,32817
500725,500046,9202,2022-07-31,2022-07-31,32817
500726,500046,9202,2022-10-26,2022-10-26,32817
500727,500046,9202,2023-01-31,2023-01-31,32817
500728,500046,9202,2023-04-28,2023-04-28,32817
500729,500046,9203,2023-05-09,2023-05-09,32817
500730,500046,9202,2023-08-04,2023-08-04,32817
500731,500046,9202,2023-10-28,2023-10-28,32817
500732,500046,9202,2024-01-24,2024-01-24,32817
500733,500046,9202,2024-05-01,2024-05-01,32817
500734,500046,9202,2024-08-06,2024-08-06,32817
500735,500046,9202,2024-09-13,2024-09-13,32817
500736,500046,9202,2024-11-07,2024-11-07,32817
500737,500047,9202,2018-04-29,2018-04-29,32817
500738,500047,9202,2018-07-27,2018-07-27,32817
500739,500047,9202,2018-10-28,2018-10-28,32817
500740,500047,9202,2019-01-31,2019-01-31,32817
500741,500047,9202,2019-03-03,2019-03-03,32817
500742,500047,9202,,2019-05-08,32817
500743,500047,9202,2019-08-08,2019-08-08,32817
500744,500047,9202,2019-09-10,2019-09-10,32817
500745,500047,9202,2019-11-02,2019-11-02,32817
500746,500047,9202,2020-01-28,2020-01-28,32817
500747,500047,9202,2020-04-30,2020-04-30,32817
500748,500047,9202,2020-08-01,2020-08-01,32817
500749,500047,9202,2020-10-26,2020-10-26,32817
500750,500047,9202,2021-01-28,2021-01-28,32817
500751,500047,9202,2021-05-06,2021-05-06,32817
500752,500047,9202,2021-08-06,2021-08-06,32817
500753,500047,9202,2021-11-11,2021-11-11,32817
500754,500047,9202,2022-02-10,2022-02-10,32817
500755,500047,9202,2022-05-11,2022-05-11,32817
500756,500047,9202,2022-08-14,2022-08-14,32817
500757,500047,9202,2022-11-20,2022-11-20,32817
500758,500047,9202,1890-01-01,2023-02-25,32817
500759,500047,9202,2023-05-24,2023-05-24,32817
500760,500048,9202,2021-05-05,2021-05-05,32817
500761,500048,9202,2021-08-09,2021-08-09,32817
500762,500048,9202,2021-11-14,2021-11-14,32817
500763,500048,9202,2022-02-14,2022-02-14,32817
500764,500048,9202,2022-05-11,2022-05-11,32817
500765,500048,9202,2022-08-04,2022-08-04,32817
500766,500048,9202,2022-10-27,2022-10-27,32817
500767,500048,9202,2023-01-31,2023-01-31,32817
500768,500048,9202,2023-05-03,2023-05-03,32817
500769,500048,9202,2023-07-28,2023-07-28,32817
500770,500048,9202,2023-10-27,2023-10-27,32817
500771,500048,9202,2024-01-26,2024-01-26,32817
500772,500048,9202,2024-05-02,2024-05-02,32817
500773,500048,9202,2024-08-08,2024-08-08,32817
500774,500048,9202,2024-11-03,2024-11-03,32817
500775,500048,9202,2025-02-09,2025-02-09,32817
500776,500048,9202,2025-05-12,2025-05-12,32817
500777,500048,9202,2025-08-13,2025-08-13,32817
500778,500048,9202,2025-11-15,2025-11-15,32817
500779,500049,9202,2018-07-03,2018-07-03,32817
500780,500049,9202,2018-10-01,2018-10-01,32817
500781,500049,9202,2018-12-29,2018-12-29,32817
500782,500049,9202,2019-03-30,2019-03-30,32817
500783,500049,9202,2019-06-29,2019-06-29,32817
500784,500049,9202,2019-10-04,2019-10-04,32817
500785,500049,9202,2019-12-31,2019-12-31,32817
500786,500049,9202,2020-03-25,2020-03-25,32817
500787,500049,9202,2020-06-19,2020-06-19,32817
500788,500049,9202,2020-09-25,2020-09-25,32817
500789,500049,9202,2020-12-27,2020-12-27,32817
500790,500049,9202,2021-04-01,2021-04-01,32817
500791,500049,9202,2021-06-26,2021-06-25,32817
500792,500049,9202,2021-09-21,2021-09-21,32817
500793,500049,9202,2021-12-17,2021-12-17,32817
500794,500049,9202,2022-03-11,2022-03-11,32817
500795,500049,9202,2022-06-13,2022-06-13,32817
500796,500049,9202,2022-09-09,2022-09-09,32817
500797,500049,9202,2022-12-05,2022-12-05,32817
500798,500049,9202,2023-03-03,2023-03-03,32817
500799,500049,9202,2023-06-09,2023-06-09,32817
500800,500049,9202,2023-09-03,2023-09-03,32817
500801,500049,9202,2023-11-30,2023-11-30,32817
500802,500050,9202,2021-12-03,2021-12-03,32817
500803,500050,9202,2022-03-04,2022-03-04,32817
500804,500050,9202,2022-05-28,2022-05-28,32817
500805,500050,9202,2022-08-27,2022-08-27,32817
500806,500050,9202,2022-11-23,2022-11-23,32817
500807,500050,9202,2023-03-01,2023-03-01,32817
500808,500050,9202,2023-05-31,2023-05-31,32817
500809,500050,9202,2023-08-27,2023-08-27,32817
500810,500050,9202,2023-11-27,2023-11-27,32817
500811,500050,9202,2024-02-23,2024-02-23,32817
500812,500050,9202,2024-05-29,2024-05-29,32817
500813,500050,9202,2024-08-31,2024-08-31,32817
500814,500050,9202,2024-11-30,2024-11-30,32817
500815,500050,9202,2025-03-07,2025-03-07,32817
500816,500050,9202,2025-05-30,2025-05-30,32817
500817,500050,9202,2025-08-25,2025-08-25,32817
500818,500050,9202,2025-11-20,2025-11-20,32817
500819,500051,9202,2022-11-23,2022-11-23,32817
500820,500051,9202,2023-02-17,2023-02-17,32817
500821,500051,9202,2023-05-19,2023-05-19,32817
500822,500051,9202,2023-08-22,2023-08-22,32817
500823,500051,9202,2023-11-14,2023-11-14,32817
500824,500051,9202,2024-02-10,2024-02-10,32817
500825,500051,9202,2024-05-18,2024-05-18,32817
500826,500051,9202,2024-08-23,2024-08-23,32817
500827,500051,9202,2024-11-25,2024-11-25,32817
500828,500051,9202,2025-02-19,2025-02-19,32817
500829,500051,9202,2025-05-20,2025-05-20,32817
500830,500051,9202,2025-08-12,2025-08-12,32817
500831,500051,9202,2025-11-05,2025-11-05,32817
500832,500051,9202,2026-02-08,2026-02-08,32817
500833,500051,9202,2026-05-05,2026-05-05,32817
500834,500051,9202,2026-07-28,2026-07-28,32817
500835,500052,9202,2022-08-04,2022-08-04,32817
500836,500052,9202,2022-11-02,2022-11-02,32817
500837,500052,9202,2023-01-31,2023-01-31,32817
500838,500052,9202,2023-05-06,2023-05-06,32817
500839,500052,9202,2023-08-07,2023-08-07,32817
500840,500052,9202,2023-11-10,2023-11-10,32817
500841,500052,9202,2024-02-14,2024-02-14,32817
500842,500052,9202,2026-13-45,2024-05-20,32817
500843,500052,9202,2024-08-13,2024-08-13,32817
500844,500052,9202,2024-11-14,2024-11-14,32817
500845,500052,9202,2025-02-16,2025-02-16,32817
500846,500052,9202,2025-05-19,2025-05-19,32817
500847,500053,9202,2023-11-25,2023-11-25,32817
500848,500053,9202,2024-02-26,2024-02-26,32817
500849,500053,9202,2024-05-30,2024-05-30,32817
500850,500053,9202,2024-09-04,2024-09-04,32817
500851,500053,9202,2024-11-30,2024-11-30,32817
500852,500053,9202,2025-03-03,2025-03-03,32817
500853,500053,9202,2025-06-03,2025-06-03,32817
500854,500053,9202,2025-08-29,2025-08-29,32817
500855,500053,9202,2025-11-24,2025-11-24,32817
500856,500053,9202,2026-02-27,2026-02-27,32817
501503,500053,9202,2026-05-29,2026-05-29,32817
500858,500053,9202,2026-08-21,2026-08-21,32817
500859,500054,9202,2020-03-08,2020-03-08,32817
500860,500054,9202,2020-06-11,2020-06-11,32817
500861,500054,9202,2020-09-16,2020-09-16,32817
500862,500054,9202,2020-12-20,2020-12-20,32817
500863,500054,9202,2021-03-24,2021-03-24,32817
500864,500054,9202,2021-06-16,2021-06-16,32817
500865,500054,9202,2021-09-15,2021-09-15,32817
500866,500054,9202,2021-12-13,2021-12-13,32817
500867,500054,9202,2022-03-17,2022-03-17,32817
500868,500054,9202,2022-06-17,2022-06-17,32817
500869,500054,9202,2022-09-16,2022-09-16,32817
500870,500054,9202,2022-12-17,2022-12-17,32817
500871,500054,9202,2023-03-13,2023-03-13,32817
500872,500055,9202,2023-02-03,2023-02-03,32817
500873,500055,9202,2023-05-08,2023-05-08,32817
500874,500055,9202,2023-08-14,2023-08-14,32817
500875,500055,9202,2023-11-14,2023-11-14,32817
500876,500055,9202,2024-02-13,2024-02-13,32817
500877,500055,9202,2024-05-14,2024-05-14,32817
500878,500055,9202,2024-08-07,2024-08-07,32817
500879,500055,9202,2024-11-04,2024-11-04,32817
500880,500055,9202,2025-02-06,2025-02-06,32817
500881,500055,9202,2025-05-10,2025-05-10,32817
500882,500055,9202,2025-08-02,2025-08-02,32817
500883,500055,9202,2025-11-04,2025-11-04,32817
500884,500055,9202,2026-01-28,2026-01-28,32817
500885,500055,9202,2026-04-28,2026-04-28,32817
500886,500055,9202,2026-07-23,2026-07-23,32817
500887,500056,9202,2023-05-06,2023-05-06,32817
500888,500056,9202,2023-07-30,2023-07-30,32817
500889,500056,9202,2023-10-26,2023-10-26,32817
500890,500056,9202,2024-01-29,2024-01-29,32817
500891,500056,9202,2024-04-29,2024-04-29,32817
500892,500056,9202,2024-08-03,2024-08-03,32817
500893,500056,9202,2024-10-31,2024-10-31,32817
500894,500056,9202,2025-02-06,2025-02-06,32817
500895,500056,9202,2025-05-02,2025-05-02,32817
500896,500056,9202,2025-07-30,2025-07-30,32817
500897,500056,9202,2025-11-01,2025-11-01,32817
500898,500056,9202,2026-01-29,2026-01-29,32817
500899,500056,9202,2026-04-24,2026-04-24,32817
500900,500056,9202,2026-07-30,2026-07-30,32817
500901,500057,9202,2022-05-04,2022-05-04,32817
500902,500057,9202,2022-07-27,2022-07-27,32817
500903,500057,9202,2022-11-01,2022-11-01,32817
500904,500057,9202,2023-02-06,2023-02-06,32817
500905,500057,9202,2023-05-02,2023-05-02,32817
500906,500057,9202,2023-07-27,2023-07-27,32817
500907,500057,9202,2023-10-24,2023-10-23,32817
500908,500057,9202,2024-01-20,2024-01-20,32817
500909,500057,9202,2024-04-20,2024-04-20,32817
500910,500057,9202,2024-07-22,2024-07-22,32817
500911,500057,9202,2024-10-16,2024-10-16,32817
500912,500057,9202,2025-01-13,2025-01-13,32817
500913,500057,9202,2025-04-07,2025-04-07,32817
500914,500057,9202,2025-06-30,2025-06-30,32817
500915,500057,9202,2025-09-30,2025-09-30,32817
500916,500057,9202,2025-12-28,2025-12-28,32817
500917,500057,9202,2026-03-28,2026-03-28,32817
500918,500057,9202,2026-06-28,2026-06-28,32817
500919,500058,9202,2018-12-05,2018-12-05,32817
500920,500058,9202,2019-02-28,2019-02-28,32817
500921,500058,9202,2019-05-30,2019-05-30,32817
500922,500058,9202,2019-08-26,2019-08-26,32817
500923,500058,9202,2019-11-21,2019-11-21,32817
500924,500058,9202,2020-02-23,2020-02-23,32817
500925,500058,9202,2020-05-25,2020-05-25,32817
500926,500058,9202,2020-08-31,2020-08-31,32817
500927,500058,9202,2020-11-29,2020-11-29,32817
500928,500058,9202,2021-02-25,2021-02-25,32817
500929,500058,9202,2021-05-30,2021-05-30,32817
500930,500058,9202,2021-08-30,2021-08-30,32817
500931,500058,9202,2021-11-23,2021-11-23,32817
500932,500058,9202,2022-03-01,2022-03-01,32817
500933,500058,9202,2022-06-02,2022-06-02,32817
500934,500058,9202,2022-08-30,2022-08-30,32817
500935,500058,9202,2022-11-27,2022-11-27,32817
500936,500058,9202,2023-03-01,2023-03-01,32817
500937,500058,9202,2023-05-27,2023-05-27,32817
500938,500058,9202,2023-08-22,2023-08-22,32817
500939,500058,9202,2023-11-27,2023-11-27,32817
500940,500058,9202,2024-03-03,2024-03-03,32817
500941,500059,9202,2019-08-30,2019-08-30,32817
500942,500059,9202,2019-11-26,2019-11-26,32817
500943,500059,9202,2020-02-25,2020-02-25,32817
500944,500059,9202,2020-06-02,2020-06-02,32817
500945,500059,9202,2020-09-08,2020-09-08,32817
500946,500059,9202,2020-12-03,2020-12-03,32817
500947,500059,9202,2021-03-06,2021-03-06,32817
500948,500059,9202,2021-06-08,2021-06-08,32817
500949,500059,9202,2021-09-05,2021-09-05,32817
500950,500059,9202,2021-12-03,2021-12-03,32817
500951,500059,9202,2022-03-03,2022-03-03,32817
500952,500059,9202,2022-05-26,2022-05-26,32817
500953,500060,9202,2019-08-11,2019-08-11,32817
500954,500060,9202,2019-11-17,2019-11-17,32817
500955,500060,9202,2020-02-12,2020-02-12,32817
500956,500060,9202,2020-05-06,2020-05-06,32817
500957,500060,9202,2020-08-08,2020-08-08,32817
500958,500060,9202,2020-11-10,2020-11-10,32817
500959,500060,9202,2021-02-13,2021-02-13,32817
500960,500060,9202,2021-05-13,2021-05-13,32817
500961,500060,9202,2021-08-10,2021-08-10,32817
500962,500060,9202,2021-11-02,2021-11-02,32817
500963,500060,9202,2022-01-27,2022-01-27,32817
500964,500060,9202,2022-04-28,2022-04-28,32817
500965,500060,9202,2022-07-27,2022-07-27,32817
500966,500060,9202,2022-11-02,2022-11-02,32817
500967,500060,9202,2023-02-07,2023-02-07,32817
500968,500060,9202,2023-05-08,2023-05-08,32817
500969,500061,9202,2022-08-03,2022-08-03,32817
500970,500061,9202,2022-11-03,2022-11-03,32817
500971,500061,9202,2023-02-05,2023-02-05,32817
500972,500061,9202,2023-05-13,2023-05-13,32817
500973,500061,9202,2023-08-13,2023-08-13,32817
500974,500061,9202,2023-11-05,2023-11-05,32817
500975,500061,9202,2024-02-06,2024-02-06,32817
500976,500061,9202,2024-05-10,2024-05-10,32817
500977,500061,9202,2024-08-07,2024-08-07,32817
500978,500061,9202,2024-11-04,2024-11-04,32817
500979,500061,9202,2025-02-02,2025-02-02,32817
500980,500061,9202,2025-04-29,2025-04-29,32817
500981,500061,,2025-08-03,2025-08-03,32817
500982,500061,9202,2025-11-06,2025-11-06,32817
500983,500061,9202,2026-01-31,2026-01-31,32817
500984,500061,9202,2026-04-27,2026-04-27,32817
500985,500061,9202,2026-07-21,2026-07-21,32817
500986,500062,9202,2020-11-18,2020-11-18,32817
500987,500062,9202,2021-02-20,2021-02-20,32817
500988,500062,9202,2021-05-16,2021-05-16,32817
500989,500062,9202,2021-08-21,2021-08-21,32817
500990,500062,9202,2021-11-25,2021-11-25,32817
500991,500062,9202,2022-02-18,2022-02-18,32817
500992,500062,9202,2022-05-21,2022-05-21,32817
500993,500062,9202,2022-08-18,2022-08-18,32817
500994,500062,9202,2022-11-21,2022-11-21,32817
500995,500062,9202,2023-02-21,2023-02-21,32817
500996,500062,9202,2023-04-18,2023-04-18,32817
500997,500062,9202,2023-05-29,2023-05-29,32817
500998,500062,9202,2023-08-21,2023-08-21,32817
500999,500062,9202,2023-11-25,2023-11-25,32817
501000,500062,9202,2023-12-05,2023-12-05,32817
501001,500063,9202,2018-09-02,2018-09-02,32817
501002,500063,9202,2018-12-01,2018-12-01,32817
501003,500063,9202,2019-03-07,2019-03-07,32817
501004,500063,9202,2019-06-10,2019-06-10,32817
501005,500063,9202,2019-09-06,2019-09-06,32817
501006,500063,9202,2019-12-01,2019-12-01,32817
501007,500063,9202,2020-03-01,2020-03-01,32817
,500063,9202,2020-06-04,2020-06-04,32817
501009,500063,9202,2020-08-28,2020-08-28,32817
501010,500063,9202,2020-11-20,2020-11-20,32817
501011,500063,9202,2021-02-15,2021-02-15,32817
501012,500063,9202,2021-05-16,2021-05-16,32817
501013,500063,9202,2021-08-12,2021-08-12,32817
501014,500063,9202,2021-11-13,2021-11-13,32817
501015,500063,9202,2022-02-06,2022-02-06,32817
501016,500063,9202,2022-05-03,2022-05-03,32817
501017,500063,9202,2022-07-31,2022-07-31,32817
501018,500063,9202,2022-11-05,2022-11-05,32817
501019,500063,9202,2023-01-28,2023-01-28,32817
501020,500063,9202,2023-05-02,2023-05-02,32817
501021,500063,9202,2023-07-25,2023-07-25,32817
501022,500063,9202,2023-10-27,2023-10-27,32817
501023,500064,9202,2018-11-27,2018-11-27,32817
501024,500064,9202,2019-02-19,2019-02-19,32817
501025,500064,9202,2019-04-12,2019-04-12,32817
501026,500064,9202,2019-05-22,2019-05-22,32817
501027,500064,9202,2019-07-11,2019-07-11,32817
501028,500064,9202,2019-08-17,2019-08-17,32817
501029,500064,9202,2019-11-14,2019-11-14,32817
501030,500064,9202,2020-02-10,2020-02-10,32817
501031,500064,9202,2020-05-10,2020-05-10,32817
501032,500064,9202,2020-08-04,2020-08-04,32817
501033,500064,9202,2020-09-20,2020-09-20,32817
501034,500064,9202,2020-11-05,2020-11-05,32817
501035,500064,9202,2021-02-04,2021-02-04,32817
501036,500064,9202,2021-05-10,2021-05-10,32817
501037,500064,9202,2021-06-15,2021-06-15,32817
501038,500064,9202,2021-08-06,2021-08-06,32817
501039,500064,9202,2021-11-03,2021-11-03,32817
501040,500064,9202,2022-01-29,2022-01-29,32817
501041,500064,9202,2022-05-01,2022-05-01,32817
501042,500064,9202,2022-07-31,2022-07-31,32817
501043,500064,9202,2022-11-02,2022-11-02,32817
501044,500064,9202,2023-02-07,2023-02-07,32817
501045,500064,9202,2023-03-28,2023-03-28,32817
501046,500064,9202,2023-05-05,2023-05-05,32817
501047,500065,9202,2018-04-01,2018-04-01,32817
501048,500065,9202,2018-07-07,2018-07-07,32817
501049,500065,9202,2018-10-03,2018-10-03,32817
501050,500065,9202,2019-01-01,2019-01-01,32817
501051,500065,9202,2019-03-27,2019-03-27,32817
501052,500065,9202,2019-06-29,2019-06-29,32817
501053,500065,9202,2019-09-23,2019-09-23,32817
501054,500065,9202,2019-12-29,2019-12-29,32817
501055,500065,9202,2020-04-05,2020-04-05,32817
501056,500065,9202,2020-07-07,2020-07-07,32817
501057,500065,9202,2020-09-30,2020-09-30,32817
501058,500065,9202,2020-12-29,2020-12-29,32817
501059,500065,9202,2021-03-30,2021-03-30,32817
501060,500065,9202,2021-06-22,2021-06-22,32817
501061,500065,9202,2021-09-20,2021-09-20,32817
501062,500065,9202,2021-12-15,2021-12-15,32817
501063,500065,9202,2022-03-11,2022-03-11,32817
501064,500065,9202,2022-06-10,2022-06-10,32817
501065,500066,9202,2018-06-05,2018-06-05,32817
501066,500066,9202,2018-09-07,2018-09-07,32817
501067,500066,9202,2018-12-04,2018-12-04,32817
501068,500066,9202,2019-03-04,2019-03-04,32817
501069,500066,9202,2019-06-09,2019-06-09,32817
501070,500066,9202,2019-09-12,2019-09-12,32817
501071,500066,9202,2019-12-13,2019-12-13,32817
501072,500066,9202,2020-03-06,2020-03-06,32817
501073,500066,9202,2020-06-03,2020-06-03,32817
501074,500066,9202,2020-08-26,2020-08-26,32817
501075,500066,9202,2020-11-27,2020-11-27,32817
501076,500066,9202,2021-02-24,2021-02-24,32817
501077,500066,9202,2021-05-20,2021-05-20,32817
501078,500066,9202,2021-08-12,2021-08-12,32817
501079,500066,9202,2021-11-08,2021-11-08,32817
501080,500066,9202,2022-02-08,2022-02-08,32817
501081,500066,9202,2022-05-04,2022-05-04,32817
501082,500066,9202,2022-08-07,2022-08-07,32817
501083,500066,9202,2022-11-08,2022-11-08,32817
501084,500066,9202,2023-02-14,2023-02-14,32817
501085,500066,9202,2023-05-21,2023-05-21,32817
501086,500066,9202,2023-08-19,2023-08-19,32817
501087,500066,9202,2023-11-23,2023-11-23,32817
501088,500066,9202,2024-02-17,2024-02-17,32817
501089,500067,9202,2023-06-01,2023-06-01,32817
501090,500067,9202,2023-09-04,2023-09-04,32817
501091,500067,9202,2023-12-09,2023-12-09,32817
501092,500067,9202,2024-03-15,2024-03-15,32817
501093,500067,9202,2024-06-10,2024-06-10,32817
501094,500067,9202,2024-09-05,2024-09-05,32817
501095,500067,9202,2024-12-04,2024-12-04,32817
501096,500067,9202,2025-03-04,2025-03-04,32817
501097,500067,9202,2025-05-27,2025-05-27,32817
501098,500067,9202,2025-08-31,2025-08-31,32817
501099,500067,9202,2025-12-02,2025-12-02,32817
501100,500067,9202,2026-02-26,2026-02-26,32817
501101,500067,9202,2026-06-03,2026-06-03,32817
501102,500067,9202,2026-08-31,2026-08-31,32817
501103,500068,9202,2018-01-31,2018-01-31,32817
501104,500068,9202,2018-04-28,2018-04-28,32817
501105,500068,9202,2018-07-24,2018-07-24,32817
501106,500068,9202,2018-10-20,2018-10-20,32817
501107,500068,9202,2019-01-26,2019-01-26,32817
501108,500068,9203,2019-03-05,2019-03-05,32817
501109,500068,9202,2019-04-27,2019-04-27,32817
501110,500068,9202,2019-08-03,2019-08-03,32817
501111,500068,9202,2019-11-02,2019-11-02,32817
501112,500068,9202,2020-02-05,2020-02-05,32817
501113,500068,9202,2020-05-03,2020-05-03,32817
501114,500068,9202,2020-08-08,2020-08-08,32817
501115,500068,9202,2020-11-02,2020-11-02,32817
501116,500068,9202,2021-01-26,2021-01-26,32817
501117,500068,9202,2021-05-03,2021-05-03,32817
501118,500068,9202,2021-05-13,2021-05-13,32817
501119,500068,9202,2021-08-01,2021-08-01,32817
501120,500068,9202,2021-10-28,2021-10-28,32817
501121,500068,9202,2022-01-20,2022-01-20,32817
501122,500068,9202,2022-04-25,2022-04-25,32817
501123,500068,9202,2022-07-27,2022-07-27,32817
501124,500068,9202,2022-10-28,2022-10-28,32817
501125,500068,9202,2023-01-30,2023-01-30,32817
501126,500069,9202,2022-05-16,2022-05-16,32817
501127,500069,9202,2022-08-22,2022-08-22,32817
501128,500069,9202,2022-11-17,2022-11-17,32817
501129,500069,9202,2023-02-16,2023-02-16,32817
501130,500069,9202,2023-05-14,2023-05-14,32817
501131,500069,9202,2023-08-14,2023-08-14,32817
501132,500069,9202,2023-11-10,2023-11-10,32817
501133,500069,9202,2024-02-05,2024-02-05,32817
501134,500069,9202,2024-05-02,2024-05-02,32817
501135,500069,9202,2024-07-29,2024-07-29,32817
501136,500069,9202,2024-10-23,2024-10-23,32817
501137,500069,9202,2025-01-28,2025-01-28,32817
501138,500069,9202,2025-04-23,2025-04-23,32817
501139,500069,9202,2025-07-17,2025-07-17,32817
501140,500069,9202,2025-10-10,2025-10-10,32817
501141,500069,9202,2026-01-09,2026-01-09,32817
501142,500069,9202,2026-04-17,2026-04-17,32817
501143,500069,9202,2026-07-17,2026-07-17,32817
501144,500070,9202,2021-04-14,2021-04-14,32817
501145,500070,9202,2021-07-16,2021-07-16,32817
501146,500070,9202,2021-10-11,2021-10-11,32817
501147,500070,9202,2022-01-04,2022-01-04,32817
501148,500070,9202,2022-04-06,2022-04-06,32817
501149,500070,9202,2022-07-11,2022-07-11,32817
501150,500070,9202,2022-10-08,2022-10-08,32817
501151,500070,9202,2023-01-14,2023-01-14,32817
501152,500070,9202,2023-04-12,2023-04-12,32817
501153,500070,9202,2023-07-11,2023-07-11,32817
501154,500070,9202,2023-10-13,2023-10-13,32817
501155,500070,9202,2024-01-17,2024-01-17,32817
501156,500070,9202,2024-04-22,2024-04-22,32817
501157,500070,9202,2024-07-17,2024-07-17,32817
501158,500070,9202,2024-10-12,2024-10-12,32817
501159,500070,9202,2025-01-04,2025-01-04,32817
501160,500070,9202,2025-04-03,2025-04-03,32817
501161,500070,9202,2025-07-03,2025-07-03,32817
501162,500070,9202,2025-09-26,2025-09-26,32817
501163,500070,9202,2026-01-02,2026-01-02,32817
501164,500070,9202,2026-03-31,2026-03-31,32817
501165,500070,9202,2026-06-24,2026-06-24,32817
501166,500071,9202,2023-09-04,2023-09-04,32817
501167,500071,9202,2023-12-08,2023-12-08,32817
501168,500071,9202,2024-03-15,2024-03-15,32817
501169,500071,9202,2024-06-16,2024-06-16,32817
501170,500071,9202,2024-09-14,2024-09-14,32817
501171,500071,9202,2024-12-12,2024-12-12,32817
501172,500071,9202,2025-03-10,2025-03-10,32817
501173,500071,9202,2025-06-08,2025-06-08,32817
501174,500071,9202,2025-09-11,2025-09-11,32817
501175,500071,9202,2025-12-14,2025-12-14,32817
501176,500071,9202,2026-03-11,2026-03-11,32817
501177,500071,9202,2026-06-11,2026-06-11,32817
501178,500072,9202,2023-05-26,2023-05-26,32817
501179,500072,9202,2023-08-23,2023-08-23,32817
501180,500072,9202,2023-11-29,2023-11-29,32817
501181,500072,9202,2024-02-28,2024-02-28,32817
501182,500072,9202,2024-05-22,2024-05-22,32817
501183,500072,9202,2024-08-15,2024-08-15,32817
501184,500072,9202,2024-11-21,2024-11-21,32817
501185,500072,9202,2025-02-15,2025-02-15,32817
501186,500072,9202,2025-05-15,2025-05-15,32817
501187,500072,9202,2025-08-07,2025-08-07,32817
501188,500072,9202,2025-11-03,2025-11-03,32817
501189,500072,9202,2026-02-09,2026-02-09,32817
501190,500072,9202,2026-05-10,2026-05-10,32817
501191,500072,9202,2026-08-08,2026-08-08,32817
501192,500073,9202,2020-08-12,2020-08-12,32817
501193,500073,9202,2020-11-07,2020-11-07,32817
501194,500073,9202,2021-02-12,2021-02-12,32817
501195,500073,9202,2021-05-10,2021-05-10,32817
501196,500073,9202,2021-08-06,2021-08-06,32817
501197,500073,9202,2021-11-01,2021-11-01,32817
501198,500073,9202,2022-02-05,2022-02-05,32817
501199,500073,9202,2022-05-09,2022-05-09,32817
501200,500073,9202,2022-08-10,2022-08-10,32817
501201,500073,9202,2022-11-09,2022-11-09,32817
501202,500073,9202,2023-02-06,2023-02-06,32817
501203,500073,9202,2023-05-05,2023-05-05,32817
501204,500073,9202,2023-08-08,2023-08-08,32817
501205,500073,9202,2023-11-07,2023-11-07,32817
501206,500073,9202,2024-02-01,2024-02-01,32817
501207,500073,9202,2024-05-07,2024-05-07,32817
501208,500073,9202,2024-07-31,2024-07-31,32817
501209,500073,9202,2024-10-24,2024-10-24,32817
501210,500073,9202,2025-01-16,2025-01-16,32817
501211,500073,9202,2025-04-20,2025-04-20,32817
501212,500073,9202,2025-07-18,2025-07-18,32817
501213,500074,9202,2023-01-05,2023-01-05,32817
501214,500074,9202,2023-04-06,2023-04-06,32817
501215,500074,9202,2023-07-06,2023-07-06,32817
501216,500074,9202,2023-10-12,2023-10-12,32817
501217,500074,9202,2024-01-08,2024-01-08,32817
501218,500074,9202,2024-04-08,2024-04-08,32817
501219,500074,9202,2024-07-01,2024-07-01,32817
501220,500074,9202,2024-09-28,2024-09-28,32817
501221,500074,9202,2024-12-29,2024-12-29,32817
501222,500074,9202,2025-03-25,2025-03-25,32817
501223,500074,9202,2025-07-01,2025-07-01,32817
501224,500074,9202,2025-09-30,2025-09-30,32817
501225,500074,9202,2026-01-01,2026-01-01,32817
501226,500074,9202,2026-03-26,2026-03-26,32817
501227,500074,9202,2026-06-30,2026-06-30,32817
501228,500075,9202,2018-02-01,2018-02-01,32817
501229,500075,9202,2018-05-08,2018-05-08,32817
501230,500075,9202,2018-08-03,2018-08-03,32817
501231,500075,9202,2018-11-02,2018-11-02,32817
501232,500075,9202,2019-02-06,2019-02-06,32817
501233,500075,9202,2019-05-14,2019-05-14,32817
501234,500075,9202,2019-08-07,2019-08-07,32817
501235,500075,9202,2019-11-06,2019-11-06,32817
501236,500075,9202,2020-02-02,2020-02-02,32817
501237,500075,9202,2020-05-07,2020-05-07,32817
501238,500075,9202,2020-08-07,2020-08-07,32817
501239,500075,9202,2020-11-08,2020-11-08,32817
501240,500075,9202,2021-02-01,2021-02-01,32817
501241,500075,9202,2021-05-10,2021-05-10,32817
501242,500075,9202,2021-08-09,2021-08-09,32817
501243,500076,9202,2021-03-01,2021-03-01,32817
501244,500076,9202,2021-06-03,2021-06-03,32817
501245,500076,9202,2021-09-04,2021-09-04,32817
501246,500076,9202,2021-11-28,2021-11-28,32817
501247,500076,9202,2022-03-03,2022-03-03,32817
501248,500076,9202,2022-06-01,2022-06-01,32817
501249,500076,9202,2022-08-25,2022-08-25,32817
501250,500076,9202,2022-11-30,2022-11-30,32817
501251,500076,9202,2023-02-26,2023-02-26,32817
501252,500076,9202,2023-06-01,2023-06-01,32817
501253,500076,9202,2023-09-02,2023-09-02,32817
501254,500076,9202,2023-12-02,2023-12-02,32817
501255,500076,9202,2024-03-03,2024-03-03,32817
501256,500076,9202,2024-06-01,2024-06-01,32817
501257,500076,9202,2024-09-03,2024-09-03,32817
501258,500076,9202,2024-12-01,2024-12-01,32817
501259,500076,9202,2025-03-08,2025-03-08,32817
501260,500077,9202,2020-06-07,2020-06-07,32817
501261,500077,9202,2020-09-10,2020-09-10,32817
501262,500077,9202,2020-12-13,2020-12-13,32817
501263,500077,9202,2021-03-10,2021-03-10,9999999
501264,500077,9202,2021-06-09,2021-06-09,32817
501265,500077,9202,2021-09-15,2021-09-15,32817
501266,500077,9202,2021-12-17,2021-12-17,32817
501267,500077,9202,2022-03-20,2022-03-20,32817
501268,500077,9202,2022-06-15,2022-06-15,32817
501269,500077,9202,2022-09-21,2022-09-21,32817
501270,500077,9202,2022-12-19,2022-12-19,32817
501271,500077,9202,2023-03-26,2023-03-26,32817
501272,500077,9202,2023-06-26,2023-06-26,32817
501273,500077,9202,2023-09-27,2023-09-27,32817
501274,500077,9202,2023-12-22,2023-12-22,32817
501275,500077,9202,2024-03-22,2024-03-22,32817
501276,500078,9202,2023-01-15,2023-01-15,32817
501277,500078,9202,2023-04-15,2023-04-15,32817
501278,500078,9202,2023-07-22,2023-07-22,32817
501279,500078,9202,2023-10-24,2023-10-24,32817
501280,500078,9202,2024-01-17,2024-01-17,32817
501281,500078,9202,2024-04-22,2024-04-22,32817
501282,500078,9202,2024-07-24,2024-07-24,32817
501283,500078,9202,2024-10-17,2024-10-17,32817
501284,500078,9202,2025-01-11,2025-01-11,32817
501285,500078,9202,2025-04-15,2025-04-15,32817
501286,500078,9202,2025-07-14,2025-07-14,32817
501287,500078,9202,2025-10-15,2025-10-15,32817
501288,500078,9202,2026-01-09,2026-01-09,32817
501289,500078,9202,2026-04-14,2026-04-14,32817
501290,500078,9202,2026-07-17,2026-07-17,32817
501291,500079,9202,2023-12-17,2023-12-17,32817
501292,500079,9202,2024-03-14,2024-03-14,32817
501293,500079,9202,2024-06-15,2024-06-15,32817
501294,500079,9202,2024-09-10,2024-09-10,32817
501295,500079,9202,2024-12-07,2024-12-07,32817
501296,500079,9202,2025-03-08,2025-03-08,32817
501297,500079,9202,2025-06-10,2025-06-10,32817
501298,500079,9202,2025-09-06,2025-09-06,32817
501299,500079,9202,2025-12-04,2025-12-04,32817
501300,500079,9202,2026-03-05,2026-03-05,32817
501301,500079,9202,2026-06-03,2026-06-03,32817
501302,999999999,9202,2026-08-31,2026-08-31,32817
501303,500080,9202,2023-12-20,2023-12-20,32817
501304,500080,9202,2024-03-17,2024-03-17,32817
501305,500080,9202,2024-06-17,2024-06-17,32817
501306,500080,9202,2024-09-22,2024-09-22,32817
501307,500080,9202,2024-12-22,2024-12-22,32817
501308,500080,9202,2025-03-16,2025-03-16,32817
501309,500080,9202,2025-06-18,2025-06-18,32817
501310,500080,9202,2025-09-19,2025-09-19,32817
501311,500080,9202,2025-12-13,2025-12-13,32817
501312,500080,9202,2026-03-11,2026-03-11,32817
501313,500080,9202,2026-06-05,2026-06-05,32817
501314,500081,9202,2021-07-02,2021-07-02,32817
501315,500081,9202,2021-09-29,2021-09-29,32817
501316,500081,9202,2022-01-03,2022-01-03,32817
501317,500081,9202,2022-04-01,2022-04-01,32817
501318,500081,9202,2022-07-03,2022-07-03,32817
501319,500081,9202,2022-10-01,2022-10-01,32817
501320,500081,9202,2022-12-26,2022-12-26,32817
501321,500081,9202,2023-03-31,2023-03-31,32817
501322,500081,9202,2023-07-04,2023-07-04,32817
501323,500081,9202,2023-10-01,2023-10-01,32817
501324,500081,9202,2023-12-27,2023-12-27,32817
501325,500081,9202,2024-03-23,2024-03-23,32817
501326,500081,9202,2024-06-15,2024-06-15,32817
501327,500081,9202,2024-09-10,2024-09-10,32817
501328,500081,9202,2024-12-10,2024-12-10,32817
501329,500081,9202,2025-03-08,2025-03-08,32817
501330,500081,9202,2025-06-12,2025-06-12,32817
501331,500082,9202,2018-09-01,2018-09-01,32817
501332,500082,9202,2018-12-06,2018-12-06,32817
501333,500082,9202,2019-03-02,2019-03-02,32817
501334,500082,9202,2019-03-15,2019-03-15,32817
501335,500082,9202,2019-06-07,2019-06-07,32817
501336,500082,9202,2019-09-08,2019-09-08,32817
501337,500082,9202,2019-12-03,2019-12-03,32817
501338,500082,9202,2020-03-09,2020-03-09,32817
501339,500082,9202,2020-06-06,2020-06-06,32817
501340,500082,9202,2020-09-10,2020-09-10,32817
501341,500082,9202,2020-12-16,2020-12-16,32817
501342,500082,9202,2021-03-11,2021-03-11,32817
501343,500082,9202,2021-06-09,2021-06-09,32817
501344,500082,9202,2021-09-08,2021-09-08,32817
501345,500082,9202,2021-12-15,2021-12-15,32817
501346,500082,9202,2022-03-10,2022-03-10,32817
501347,500082,9202,2022-06-06,2022-06-06,32817
501348,500082,9202,2022-09-12,2022-09-12,32817
501349,500082,9202,2022-12-11,2022-12-11,32817
501350,500082,9202,2023-03-19,2023-03-19,32817
501351,500082,9202,2023-06-23,2023-06-23,32817
501352,500082,9202,2023-09-18,2023-09-18,32817
501353,500082,9202,2023-12-14,2023-12-14,32817
501354,500082,9202,2024-03-11,2024-03-11,32817
501355,500083,9202,2019-04-05,2019-04-05,32817
501356,500083,9202,2019-07-02,2019-07-02,32817
501357,500083,9202,2019-10-02,2019-10-02,32817
501358,500083,9202,2019-12-25,2019-12-25,32817
501359,500083,9202,2020-03-27,2020-03-27,32817
501360,500083,9202,2020-07-03,2020-07-03,32817
501361,500083,9202,2020-09-27,2020-09-27,32817
501362,500083,9202,2021-01-01,2021-01-01,32817
501363,500083,9202,2021-04-08,2021-04-08,32817
501364,500083,9202,2021-07-14,2021-07-14,32817
501365,500083,9202,2021-10-19,2021-10-19,32817
501366,500083,9202,2022-01-13,2022-01-13,32817
501367,500083,9202,2022-04-19,2022-04-19,32817
501368,500083,9202,2022-07-19,2022-07-19,32817
501369,500084,9202,2019-11-22,2019-11-22,32817
501370,500084,9202,2020-02-27,2020-02-27,32817
501371,500084,9202,2020-05-31,2020-05-31,32817
501372,500084,9202,2020-08-31,2020-08-31,32817
501373,500084,9202,2020-12-05,2020-12-05,32817
501374,500084,9202,2021-03-04,2021-03-04,32817
501375,500084,9202,2021-06-08,2021-06-08,32817
501376,500084,9202,2021-09-06,2021-09-06,32817
501377,500084,9202,2021-12-07,2021-12-07,32817
501378,500084,9202,2022-03-02,2022-03-02,32817
501379,500084,9202,2022-06-08,2022-06-08,32817
501380,500084,9202,2022-09-12,2022-09-12,32817
501381,500084,9202,2022-12-12,2022-12-12,32817
501382,500084,9202,2023-03-19,2023-03-19,32817
501383,500085,9202,2018-05-26,2018-05-26,32817
501384,500085,9202,2018-08-30,2018-08-30,32817
501385,500085,9202,2018-11-29,2018-11-29,32817
501386,500085,9202,2019-02-23,2019-02-23,32817
501387,500085,9202,2019-05-27,2019-05-27,32817
501388,500085,9202,2019-09-01,2019-09-01,32817
501389,500085,9202,2019-11-25,2019-11-25,32817
501390,500085,9202,2020-03-01,2020-03-01,32817
501391,500085,9202,2020-06-07,2020-06-07,32817
501392,500085,9202,2020-08-30,2020-08-30,32817
501393,500085,9202,2020-12-02,2020-12-02,32817
501394,500085,9202,2021-03-07,2021-03-07,32817
501395,500085,9202,2021-06-10,2021-06-10,32817
501396,500085,9202,2021-09-10,2021-09-10,32817
501397,500085,9202,2021-12-12,2021-12-12,32817
501398,500085,9202,2022-03-16,2022-03-16,32817
501399,500085,9202,2022-06-18,2022-06-18,32817
501400,500086,9202,2018-09-08,2018-09-08,32817
501401,500086,9202,2018-12-04,2018-12-04,32817
501402,500086,9202,2019-03-08,2019-03-08,32817
501403,500086,9202,2019-06-11,2019-06-11,32817
501404,500086,9202,2019-09-06,2019-09-06,32817
501405,500086,9202,2019-12-05,2019-12-05,32817
501406,500086,9202,2020-03-07,2020-03-07,32817
501407,500086,9202,2020-06-07,2020-06-07,32817
501408,500086,9202,2020-09-04,2020-09-04,32817
501409,500086,9202,2020-11-30,2020-11-30,32817
501410,500086,9202,2021-03-06,2021-03-06,32817
501411,500086,9202,2021-06-02,2021-06-02,32817
501412,500086,9202,2021-08-29,2021-08-29,32817
501413,500086,9202,2021-11-24,2021-11-24,32817
501414,500087,9202,2023-11-20,2023-11-20,32817
501415,500087,9202,2024-02-26,2024-02-26,32817
501416,500087,9202,2024-05-28,2024-05-28,32817
501417,500087,9202,2024-08-30,2024-08-30,32817
501418,500087,9202,2024-11-29,2024-11-29,32817
501419,500087,9202,2025-03-07,2025-03-07,32817
501420,500087,9202,2025-06-07,2025-06-07,32817
501421,500087,9202,2025-09-12,2025-09-12,32817
501422,500087,9202,2025-12-17,2025-12-17,32817
501423,500087,9202,2026-03-25,2026-03-25,32817
501424,500087,9202,2026-06-30,2026-06-30,32817
501425,500088,9202,2020-07-20,2020-07-20,32817
501426,500088,9202,2020-10-12,2020-10-12,32817
501427,500088,9202,2021-01-10,2021-01-10,32817
501428,500088,9202,2021-04-04,2021-04-04,32817
501429,500088,9202,2021-06-29,2021-06-29,32817
501430,500088,9202,2021-09-24,2021-09-24,32817
501431,500088,9202,2021-12-26,2021-12-26,32817
501432,500088,9202,2022-03-26,2022-03-26,32817
501433,500088,9202,2022-06-28,2022-06-28,32817
501434,500088,9202,2022-10-02,2022-10-02,32817
501435,500088,9202,2022-12-27,2022-12-27,32817
501436,500088,9202,2023-03-22,2023-03-22,32817
501437,500088,9202,2023-06-22,2023-06-22,32817
501438,500088,9202,2023-09-26,2023-09-26,32817
501439,500088,9202,2023-12-19,2023-12-19,32817
501440,500089,9202,2020-04-19,2020-04-19,32817
501441,500089,9202,2020-07-25,2020-07-25,32817
501442,500089,9202,2020-10-26,2020-10-26,32817
501443,500089,9202,2021-01-23,2021-01-23,32817
501444,500089,9202,2021-04-23,2021-04-23,32817
501445,500089,9202,2021-07-22,2021-07-22,32817
501446,500089,9202,2021-10-16,2021-10-16,32817
501447,500089,9202,2022-01-09,2022-01-09,32817
501448,500089,9202,2022-04-06,2022-04-06,32817
501449,500089,9202,2022-07-07,2022-07-07,32817
501450,500089,9202,2022-10-05,2022-10-05,32817
501451,500089,9202,2023-01-11,2023-01-11,32817
501452,500089,9202,2023-04-15,2023-04-15,32817
501453,500089,9202,2023-07-08,2023-07-08,32817
501454,500089,9202,2023-10-13,2023-10-13,32817
501455,500089,9202,2024-01-10,2024-01-10,32817
501456,500089,9202,2024-04-08,2024-04-08,32817
501457,500089,9202,2024-07-01,2024-07-01,32817
501458,500090,9202,2020-11-17,2020-11-17,32817
501459,500090,9202,2021-02-21,2021-02-21,32817
501460,500090,9202,2021-05-18,2021-05-18,32817
501461,500090,9202,2021-08-20,2021-08-20,32817
501462,500090,9202,2021-11-25,2021-11-25,32817
501463,500090,9202,2022-03-02,2022-03-02,32817
501464,500090,9202,2022-05-26,2022-05-26,32817
501465,500090,9202,2022-08-28,2022-08-28,32817
501466,500090,9202,2022-11-24,2022-11-24,32817
501467,500090,9202,2023-03-01,2023-03-01,32817
501468,500090,9202,2023-05-29,2023-05-29,32817
501469,500090,9202,2023-08-30,2023-08-30,32817
501470,500090,9202,2023-11-27,2023-11-27,32817
501471,500090,9202,2024-02-23,2024-02-23,32817
501472,500090,9202,2024-05-25,2024-05-25,32817
501473,500090,9202,2024-08-27,2024-08-27,32817
501474,500091,9202,2018-07-15,2018-07-15,32817
501475,500091,9202,2018-10-08,2018-10-08,32817
501476,500091,9202,2019-01-13,2019-01-13,32817
501477,500091,9202,2019-04-17,2019-04-17,32817
501478,500091,9202,2019-07-21,2019-07-21,32817
501479,500091,9202,2019-10-26,2019-10-26,32817
501480,500091,9202,2020-01-22,2020-01-22,32817
501481,500091,9202,2020-04-21,2020-04-21,32817
501482,500091,9202,2020-07-17,2020-07-17,32817
501483,500091,9202,2020-10-18,2020-10-18,32817
501484,500091,9202,2021-01-15,2021-01-15,32817
501485,500091,9202,2021-04-23,2021-04-23,32817
501486,500091,9202,2021-07-21,2021-07-21,32817
501487,500091,9202,2021-10-27,2021-10-27,32817
501488,500091,9202,2022-01-20,2022-01-20,32817
501489,500092,9202,2020-11-30,2020-11-30,32817
501490,500092,9202,2021-02-23,2021-02-23,32817
501491,500092,9202,2021-05-29,2021-05-29,32817
501492,500092,9202,2021-08-21,2021-08-21,32817
501493,500092,9202,2021-11-13,2021-11-13,32817
501494,500092,9202,2022-02-12,2022-02-12,32817
501495,500092,9202,2022-05-09,2022-05-09,32817
501496,500092,9202,2022-08-12,2022-08-12,32817
501497,500092,9202,2022-11-17,2022-11-17,32817
501498,500092,9202,2023-02-23,2023-02-23,32817
501499,500092,9202,2023-05-22,2023-05-22,32817
501500,500092,9202,2023-08-19,2023-08-19,32817
501501,500092,9202,2023-11-14,2023-11-14,32817
501502,500092,9202,2024-02-07,2024-02-07,32817
501503,500092,9202,2024-05-13,2024-05-13,32817
501504,500092,9202,2024-08-05,2024-08-05,32817
501505,500093,9202,2022-11-19,2022-11-19,32817
501506,500093,9202,2023-02-11,2023-02-11,32817
501507,500093,9202,2023-05-16,2023-05-16,32817
501508,500093,9202,2023-08-18,2023-08-18,32817
501509,500093,9202,2023-11-23,2023-11-23,32817
501510,500093,9202,2024-02-23,2024-02-23,32817
501511,500093,9202,2024-05-19,2024-05-19,32817
501512,500093,9202,2024-08-13,2024-08-13,32817
501513,500093,9202,2024-11-05,2024-11-05,32817
501514,500093,9202,2025-02-11,2025-02-11,32817
501515,500093,9202,2025-05-12,2025-05-12,32817
501516,500093,9202,2025-08-17,2025-08-17,32817
501517,500093,9202,2025-11-17,2025-11-17,32817
501518,500093,9202,2026-02-17,2026-02-17,32817
501519,500093,9202,2026-05-18,2026-05-18,32817
501520,500093,9202,2026-08-12,2026-08-12,32817
501521,500094,9202,2020-03-03,2020-03-03,32817
501522,500094,9202,2020-05-27,2020-05-27,32817
501523,500094,9202,2020-08-23,2020-08-23,32817
501524,500094,9202,2020-11-25,2020-11-25,32817
501525,500094,9202,2021-03-03,2021-03-03,32817
501526,500094,9202,2021-06-08,2021-06-08,32817
501527,500094,9202,2021-09-14,2021-09-14,32817
501528,500094,9202,2021-12-20,2021-12-20,32817
501529,500094,9202,2022-03-16,2022-03-16,32817
501530,500094,9202,2022-06-19,2022-06-19,32817
501531,500094,9202,2022-09-16,2022-09-16,32817
501532,500094,9202,2022-10-11,2022-10-11,32817
501533,500094,9202,2022-12-18,2022-12-18,32817
501534,500094,9202,2023-03-24,2023-03-24,32817
501535,500094,9202,2023-06-25,2023-06-25,32817
501536,500095,9202,2019-02-21,2019-02-21,32817
501537,500095,9202,2019-05-30,2019-05-30,32817
501538,500095,9202,2019-08-27,2019-08-27,32817
501539,500095,9202,2019-11-28,2019-11-28,32817
501540,500095,9202,2020-03-01,2020-03-01,32817
501541,500095,9202,2020-05-25,2020-05-25,32817
501542,500095,9202,2020-08-22,2020-08-22,32817
501543,500095,9202,2020-11-16,2020-11-16,32817
501544,500095,9202,2021-02-22,2021-02-22,32817
501545,500095,9202,2021-05-31,2021-05-31,32817
501546,500095,9202,2021-09-05,2021-09-05,32817
501547,500095,9202,2021-12-04,2021-12-04,32817
501548,500095,9202,2022-03-04,2022-03-04,32817
501549,500095,9202,2022-05-28,2022-05-28,32817
501550,500095,9202,2022-08-26,2022-08-26,32817
501551,500095,9202,2022-12-02,2022-12-02,32817
501552,500095,9202,2023-03-04,2023-03-04,32817
501553,500095,9201,2023-04-03,2023-04-05,32817
501554,500096,9202,2023-04-07,2023-04-07,32817
501555,500096,9202,2023-07-11,2023-07-11,32817
501556,500096,9202,2023-10-16,2023-10-16,32817
501557,500096,9202,2024-01-17,2024-01-17,32817
501558,500096,9202,2024-04-14,2024-04-14,32817
501559,500096,9202,2024-07-13,2024-07-13,32817
501560,500096,9202,2024-10-16,2024-10-16,32817
501561,500096,9202,2025-01-13,2025-01-13,32817
501562,500096,9202,2025-04-19,2025-04-19,32817
501563,500096,9202,2025-07-14,2025-07-14,32817
501564,500096,9202,2025-10-13,2025-10-13,32817
501565,500096,9202,2026-01-07,2026-01-07,32817
501566,500096,9202,2026-04-07,2026-04-07,32817
501567,500096,9202,2026-07-10,2026-07-10,32817
501568,500097,9202,2021-10-09,2021-10-09,32817
501569,500097,9202,2022-01-10,2022-01-10,32817
501570,500097,9202,2022-04-16,2022-04-16,32817
501571,500097,9202,2022-07-11,2022-07-11,32817
501572,500097,9202,2022-10-15,2022-10-15,32817
501573,500097,9202,2023-01-15,2023-01-15,32817
501574,500097,9202,2023-04-17,,32817
501575,500097,9202,2023-07-23,2023-07-23,32817
501576,500097,9202,2023-10-20,2023-10-20,32817
501577,500097,9202,2024-01-22,2024-01-22,32817
501578,500097,9202,2024-04-23,2024-04-23,32817
501579,500097,9202,2024-07-18,2024-07-18,32817
501580,500097,9202,2024-10-14,2024-10-14,32817
501581,500097,9202,2025-01-18,2025-01-18,32817
501582,500097,9202,2025-04-21,2025-04-21,32817
501583,500097,9202,2025-07-25,2025-07-25,32817
501584,500097,9202,2025-10-25,2025-10-25,32817
501585,500097,9202,2026-01-23,2026-01-23,32817
501586,500098,9202,2023-08-30,2023-08-30,32817
501587,500098,9202,2023-11-25,2023-11-25,32817
501588,500098,9202,2024-02-22,2024-02-22,32817
501589,500098,9202,2024-05-28,2024-05-28,32817
501590,500098,9202,2024-08-27,2024-08-27,32817
501591,500098,9202,2024-11-21,2024-11-21,32817
501592,500098,9202,2025-02-25,2025-02-25,32817
501593,500098,9202,2025-05-26,2025-05-26,32817
501594,500098,9202,2025-08-26,2025-08-26,32817
501595,500098,9202,2025-11-18,2025-11-18,32817
501596,500098,9202,2026-02-17,2026-02-17,32817
501597,500098,9202,2026-05-21,2026-05-21,32817
501598,500098,9202,2026-08-22,2026-08-22,32817
501599,500099,9202,2021-11-29,2021-11-29,32817
501600,500099,9202,2022-03-06,2022-03-06,32817
501601,500099,9202,2022-06-08,2022-06-08,32817
501602,500099,9202,2022-09-11,2022-09-11,32817
501603,500099,9202,2022-12-16,2022-12-16,32817
501604,500099,9202,2023-03-13,2023-03-13,32817
501605,500099,9202,2023-06-07,2023-06-07,32817
501606,500099,9202,2023-09-08,2023-09-08,32817
501607,500099,9202,2023-12-14,2023-12-14,32817
501608,500099,9202,2024-03-10,2024-03-10,32817
501609,500099,9202,2024-06-08,2024-06-08,32817
501610,500099,9202,2024-09-08,2024-09-08,32817
501611,500100,9202,2019-10-31,2019-10-31,32817
501612,500100,9202,2020-02-05,2020-02-05,32817
501613,500100,9202,2020-05-09,2020-05-09,32817
501614,500100,9202,2020-08-09,2020-08-09,32817
501615,500100,9202,2020-11-04,2020-11-04,32817
501616,500100,9202,2021-01-28,2021-01-28,32817
501617,500100,9202,2021-04-26,2021-04-26,32817
501618,500100,9202,2021-07-26,2021-07-26,32817
501619,500100,9202,2021-10-24,2021-10-24,32817
501620,500100,9202,2022-01-30,2022-01-30,32817
501621,500100,9202,2022-05-03,2022-05-03,32817
501622,500100,9202,2022-08-01,2022-08-01,32817
501623,500100,9202,2022-10-31,2022-10-31,32817
501624,500100,9202,2023-01-26,2023-01-26,32817
501625,500100,9202,2023-04-22,2023-04-22,32817
501626,500100,9202,2023-07-22,2023-07-22,32817
501627,500100,9202,2023-10-23,2023-10-23,32817
501628,500100,9202,2024-01-15,2024-01-15,32817
501629,500100,9202,2024-04-11,2024-04-11,32817
501630,500100,9202,2024-07-08,2024-07-08,32817
501631,500100,9202,2024-10-02,2024-10-02,32817
501632,500100,9202,2024-12-27,2024-12-27,32817
501633,500100,9201,2025-02-04,2025-02-06,32817
