biomarker_id,person_id,specimen_id,visit_occurrence_id,test_date,ihc_test_concept_id,ihc_test_source_value,molecular_pathology_test_concept_id,molecular_pathology_test_source_value,mutation_test_method_concept_id,mutation_test_method_source_value,mutation_test_gene_concept_id,mutation_test_gene_source_value,molecular_subtype_concept_id,molecular_subtype_source_value,reference_sequence,dna_variant_a,dna_variant_b,dna_variant_c,protein_variant_a_concept_id,protein_variant_a_source_value,protein_variant_b_concept_id,protein_variant_b_source_value,protein_variant_c_concept_id,protein_variant_c_source_value,prognostic_gene_assay_type_concept_id,prognostic_gene_assay_type_source_value,prognostic_gene_assay_result_concept_id,prognostic_gene_assay_result_source_value,germline_test_method_concept_id,germline_test_method_source_value,germline_test_gene_concept_id,germline_test_gene_source_value,germline_test_result,pathogenic_variant_yn,vus_yn,pam50_ror_score,oncotype_rs,oncotype_risk_group_concept_id,oncotype_risk_group_source_value,mammaprint_result_concept_id,mammaprint_result_source_value,mutation_test_result_concept_id,mutation_test_result_source_value,gad_antibody_result_concept_id,gad_antibody_result_source_value,cd3_result_concept_id,cd3_result_source_value,cd5_result_concept_id,cd5_result_source_value,cd10_result_concept_id,cd10_result_source_value,cd15_result_concept_id,cd15_result_source_value,cd19_result_concept_id,cd19_result_source_value,cd20_result_concept_id,cd20_result_source_value,cd22_result_concept_id,cd22_result_source_value,cd23_result_concept_id,cd23_result_source_value,cd30_result_concept_id,cd30_result_source_value,cd79a_result_concept_id,cd79a_result_source_value,pax5_result_concept_id,pax5_result_source_value,bcl2_protein_result_concept_id,bcl2_protein_result_source_value,bcl6_protein_result_concept_id,bcl6_protein_result_source_value,mum1_result_concept_id,mum1_result_source_value,myc_protein_result_concept_id,myc_protein_result_source_value,cyclin_d1_result_concept_id,cyclin_d1_result_source_value,sox11_result_concept_id,sox11_result_source_value,alk_result_concept_id,alk_result_source_value,pdl1_result_concept_id,pdl1_result_source_value,ki67_percent,ebv_eber_result_concept_id,ebv_eber_result_source_value,dlbcl_cell_of_origin_concept_id,dlbcl_cell_of_origin_source_value,double_expressor_yn,flow_cytometry_summary_concept_id,flow_cytometry_summary_source_value,molecular_test_date,molecular_test_method_concept_id,molecular_test_method_source_value,myc_rearrangement_result_concept_id,myc_rearrangement_result_source_value,bcl2_rearrangement_result_concept_id,bcl2_rearrangement_result_source_value,bcl6_rearrangement_result_concept_id,bcl6_rearrangement_result_source_value,double_hit_status_concept_id,double_hit_status_source_value,t14_18_result_concept_id,t14_18_result_source_value,t11_14_result_concept_id,t11_14_result_source_value,tp53_abnormality_result_concept_id,tp53_abnormality_result_source_value,complex_karyotype_yn,ig_tcr_clonality_result_concept_id,ig_tcr_clonality_result_source_value,mrd_result_concept_id,mrd_result_source_value,ctdna_result_concept_id,ctdna_result_source_value
600001,600001,600001,600002,2021-01-13,,,,,,,,,,,,,,,,,,,,,,,,,,,,,,,,,,,,,,,,,,10000000235,,10000000235,,10000000235,,,,10000000234,,10000000234,,10000000234,,10000000235,,10000000235,,10000000234,,10000000234,,10000000235,,10000000234,,10000000234,,10000000235,,10000000235,,10000000235,,10000000235,,,,69,10000000235,,10000000234,,0,,B-cell phenotype,2021-01-13,10000001084,,10000000235,,10000000235,,10000000235,,10000000235,,10000000235,,10000000235,,10000000235,,0,10000000234,,10000000235,,,
600002,600002,600002,600022,2019-08-19,,,,,,,,,,,,,,,,,,,,,,,,,,,,,,,,,,,,,,,,,,10000000235,,10000000235,,10000000235,,,,10000000234,,10000000234,,10000000234,,10000000235,,10000000235,,10000000234,,10000000234,,10000000235,,10000000234,,10000000234,,10000000235,,10000000235,,10000000235,,10000000235,,,,89,10000000235,,10000000234,,0,,B-cell phenotype,2019-08-19,10000001081,,10000000235,,10000000235,,10000000235,,10000000235,,10000000235,,10000000235,,10000000235,,0,10000000234,,10000099999,,,
600003,600003,600003,600042,2021-10-29,,,,,,,,,,,,,,,,,,,,,,,,,,,,,,,,,,,,,,,,,,10000000235,,10000000235,,10000000235,,,,10000000235,,10000000235,,10000000235,,10000000235,,10000000234,,10000000235,,10000000234,,10000000235,,10000000235,,10000000235,,10000000235,,10000000235,,10000000235,,10000000235,,,,90,10000000234,,10000000236,,0,,T-cell phenotype,2021-10-29,10000001082,,10000000235,,10000000235,,10000000235,,10000000235,,10000000235,,10000000235,,10000000235,,0,10000000235,,10000000235,,,
600004,600004,600004,600059,2019-10-25,,,,,,,,,,,,,,,,,,,,,,,,,,,,,,,,,,,,,,,,,,10000000235,,10000000235,,10000000235,,,,10000000234,,10000000234,,10000000234,,10000000235,,10000000235,,10000000234,,10000000234,,10000000235,,10000000234,,10000000234,,10000000235,,10000000235,,10000000235,,10000000235,,,,90,10000000235,,10000000234,,0,,B-cell phenotype,2019-10-25,10000001084,,10000000235,,10000000235,,10000000234,,10000000235,,10000000235,,10000000235,,10000000235,,0,10000000234,,10000000235,,,
600005,600005,600005,600079,2022-09-15,,,,,,,,,,,,,,,,,,,,,,,,,,,,,,,,,,,,,,,,,,10000000235,,10000000235,,10000000235,,,,10000000235,,10000000235,,10000000235,,10000000235,,10000000234,,10000000235,,10000000234,,10000000235,,10000000235,,10000000235,,10000000235,,10000000235,,10000000235,,10000000235,,,,45,10000000235,,10000000236,,0,,T-cell phenotype,2022-09-15,10000001084,,10000000235,,10000000235,,10000000235,,10000000235,,10000000235,,10000000235,,10000000235,,0,10000000235,,10000099999,,,
600006,600006,600006,600097,2020-09-03,,,,,,,,,,,,,,,,,,,,,,,,,,,,,,,,,,,,,,,,,,10000000235,,10000000235,,10000000235,,,,10000000235,,10000000235,,10000000235,,10000000235,,10000000234,,10000000235,,10000000234,,10000000235,,10000000235,,,,10000000235,,10000000235,,10000000235,,10000000235,,,,94,10000000235,,10000000236,,0,,T-cell phenotype,2020-09-03,10000001082,,10000000235,,10000000235,,10000000235,,10000000235,,10000000235,,10000000235,,10000000235,,0,10000000235,,10000000235,,,
600007,600007,600007,600115,2022-07-11,,,,,,,,,,,,,,,,,,,,,,,,,,,,,,,,,,,,,,,,,,10000000235,,10000000235,,10000000235,,,,10000000234,,10000000234,,10000000234,,10000000235,,10000000235,,10000000234,,10000000234,,10000000235,,10000000234,,10000000234,,10000000234,,10000000235,,10000000235,,10000000235,,,,72,10000000235,,10000000234,,0,,B-cell phenotype,2022-07-11,10000001082,,10000000235,,10000000235,,10000000235,,10000000235,,10000000235,,10000000235,,10000000235,,7,10000000234,,10000000235,,,
600008,600008,600008,600135,2021-01-08,,,,,,,,,,,,,,,,,,,,,,,,,,,,,,,,,,,,,,,,,,10000000235,,10000000235,,10000000234,,,,10000000234,,10000000234,,10000000234,,10000000235,,10000000235,,10000000234,,10000000234,,10000000234,,10000000234,,10000000235,,10000000235,,10000000235,,10000000235,,10000000235,,,,61,10000000235,,10000000236,,0,,B-cell phenotype,2021-01-08,10000001084,,10000000235,,10000000234,,10000000235,,10000000235,,10000000234,,10000000235,,10000000235,,0,10000000234,,10000000235,,,
600009,600009,600009,600155,2021-04-19,,,,,,,,,,,,,,,,,,,,,,,,,,,,,,,,,,,,,,,,,,10000000235,,10000000235,,10000000235,,,,10000000234,,10000000234,,10000000234,,10000000235,,10000000235,,10000000234,,10000000234,,10000000235,,10000000234,,10000000234,,10000000235,,10000000235,,10000000235,,10000000235,,,,74,10000000235,,10000000234,,0,,B-cell phenotype,2021-04-19,10000001081,,10000000235,,10000000235,,10000000235,,10000000235,,10000000235,,10000000235,,10000000235,,0,10000000234,,10000000235,,,
600010,600010,600010,600175,2019-11-01,,,,,,,,,,,,,,,,,,,,,,,,,,,,,,,,,,,,,,,,,,10000000235,,10000000235,,10000000235,,,,10000000235,,10000000235,,10000000235,,10000000235,,10000000234,,10000000235,,10000000234,,10000000235,,10000000235,,10000000235,,10000000235,,10000000235,,10000000235,,10000000235,,,,23,10000000234,,10000000236,,0,,T-cell phenotype,2019-11-01,10000001084,,10000000235,,10000000235,,10000000235,,10000000235,,10000000235,,10000000235,,10000000235,,1,10000000235,,10000000235,,,
600011,600011,600011,600193,2020-04-19,,,,,,,,,,,,,,,,,,,,,,,,,,,,,,,,,,,,,,,,,,10000000235,,10000000235,,10000000235,,,,10000000234,,10000000234,,10000000234,,10000000235,,10000000235,,10000000234,,10000000234,,10000000235,,10000000234,,10000000234,,10000000235,,10000000235,,10000000235,,10000000235,,,,39,10000000235,,10000000234,,0,,B-cell phenotype,2020-04-19,10000001084,,10000000235,,10000000235,,10000000235,,10000000235,,10000000235,,10000000235,,10000000235,,0,10000000234,,10000000235,,,
600012,600012,999999999,600213,2019-10-03,,,,,,,,,,,,,,,,,,,,,,,,,,,,,,,,,,,,,,,,,,10000000235,,10000000235,,10000000235,,,,10000000234,,10000000234,,10000000234,,10000000235,,10000000235,,10000000234,,10000000234,,10000000235,,10000000234,,10000000234,,10000000234,,10000000235,,10000000235,,10000000235,,,,12,10000000235,,10000000234,,0,,B-cell phenotype,2019-10-03,10000001082,,10000000235,,10000000235,,10000000235,,10000000235,,10000000235,,10000000235,,10000000235,,0,10000000234,,10000000235,,,
600013,600013,600013,600233,2022-07-06,,,,,,,,,,,,,,,,,,,,,,,,,,,,,,,,,,,,,,,,,,10000000235,,10000000235,,10000000235,,,,10000000234,,10000000234,,10000000234,,10000000235,,10000000235,,10000000234,,10000000234,,10000000235,,10000000234,,10000000234,,10000000235,,10000000235,,10000000235,,10000000235,,,,91,10000000235,,10000000234,,0,,B-cell phenotype,2022-07-06,10000001081,,10000000235,,10000000235,,10000000235,,10000000235,,10000000235,,10000000235,,10000000235,,0,10000000234,,10000000235,,,
600014,600014,600014,600253,2020-01-14,,,,,,,,,,,,,,,,,,,,,,,,,,,,,,,,,,,,,,,,,,10000000235,,10000000235,,10000000235,,,,10000000234,,10000000234,,10000000234,,10000000235,,10000000235,,10000000234,,10000000234,,10000000235,,10000000234,,10000000234,,10000000234,,10000000235,,10000000235,,10000000235,,,,62,10000000235,,10000000234,,0,,B-cell phenotype,2020-01-14,10000001084,,10000000235,,10000000235,,10000000235,,10000000235,,10000000235,,10000000235,,10000000235,,0,10000000234,,10000000235,,,
600015,600015,999999999,600273,2021-10-17,,,,,,,,,,,,,,,,,,,,,,,,,,,,,,,,,,,,,,,,,,10000000235,,10000000235,,10000000235,,,,10000000235,,10000000235,,10000000235,,10000000235,,10000000234,,10000000235,,10000000234,,10000000235,,10000000235,,10000000235,,10000000235,,10000000235,,10000000235,,10000000235,,,,81,10000000234,,10000000236,,0,,T-cell phenotype,2021-10-17,10000001084,,10000000235,,10000000235,,10000000235,,10000000235,,10000000235,,10000000235,,10000000235,,0,10000000235,,10000000235,,,
600016,600016,600016,600291,2020-06-06,,,,,,,,,,,,,,,,,,,,,,,,,,,,,,,,,,,,,,,,,,10000000235,,10000000235,,10000000235,,,,10000000235,,10000000235,,10000000235,,10000000235,,10000000234,,10000000235,,10000000234,,10000000235,,10000000235,,10000000235,,10000000235,,10000000235,,10000000235,,10000000235,,,,39,10000000235,,10000000236,,0,,T-cell phenotype,2020-06-06,10000001081,,10000000235,,10000000235,,10000000235,,10000000235,,10000000235,,10000000235,,10000000235,,0,10000000235,,10000000235,,,
600017,600017,600017,600309,2019-02-04,,,,,,,,,,,,,,,,,,,,,,,,,,,,,,,,,,,,,,,,,,10000000235,,10000000235,,10000000235,,,,10000000235,,10000000235,,10000000235,,10000000235,,10000000234,,10000000235,,10000000234,,10000000235,,10000000235,,10000000235,,10000000235,,10000000235,,10000000235,,10000000235,,,,30,10000000235,,10000000236,,0,,T-cell phenotype,2019-02-04,10000001084,,10000000235,,10000000235,,10000000235,,10000000235,,10000000235,,10000000235,,10000000234,,0,10000000235,,10000000235,,,
600018,600018,600018,600326,2020-10-20,,,,,,,,,,,,,,,,,,,,,,,,,,,,,,,,,,,,,,,,,,10000000235,,10000000235,,10000000235,,,,10000000234,,10000000234,,10000000234,,10000000235,,10000000235,,10000000234,,10000000234,,10000000235,,10000000234,,10000000234,,10000000234,,10000000235,,10000000235,,10000000235,,,,71,10000000235,,10000000234,,0,,B-cell phenotype,2020-10-20,10000001081,,10000000235,,10000000235,,10000000235,,10000000235,,10000000235,,10000000235,,10000000235,,0,10000000234,,10000000235,,,
600019,600019,600019,600346,2021-08-22,,,,,,,,,,,,,,,,,,,,,,,,,,,,,,,,,,,,,,,,,,10000000235,,10000000235,,10000000235,,,,10000000235,,10000000235,,10000000235,,10000000235,,10000000234,,10000000235,,10000000234,,10000000235,,10000000235,,10000000235,,10000000235,,10000000235,,10000000235,,10000000235,,,,70,10000000234,,10000000236,,7,,T-cell phenotype,2021-08-22,10000001082,,10000000235,,10000000235,,10000000235,,10000000235,,10000000235,,10000000235,,10000000235,,0,10000000235,,10000000235,,,
600020,600020,600020,600364,2020-10-09,,,,,,,,,,,,,,,,,,,,,,,,,,,,,,,,,,,,,,,,,,10000000235,,10000000235,,10000000235,,,,10000000234,,10000000234,,10000000234,,10000000235,,10000000235,,10000000234,,10000000234,,10000000235,,10000000234,,10000000234,,10000000235,,10000000235,,10000000235,,10000000235,,,,51,10000000235,,10000000234,,0,,B-cell phenotype,2020-10-09,10000001082,,10000000235,,10000000235,,10000000235,,10000000235,,10000000235,,10000000235,,10000000235,,0,10000000234,,10000000235,,,
600021,600021,600021,600384,2019-05-14,,,,,,,,,,,,,,,,,,,,,,,,,,,,,,,,,,,,,,,,,,10000000235,,10000000235,,10000000235,,,,10000000234,,10000000234,,10000000234,,10000000235,,10000000235,,10000000234,,10000000234,,10000000235,,10000000234,,10000000234,,10000000235,,10000000235,,10000000235,,10000000235,,,,60,10000000235,,10000000234,,0,,B-cell phenotype,2019-05-14,10000001084,,10000000235,,10000000235,,10000000235,,10000000235,,10000000235,,10000000235,,10000000235,,0,10000000234,,10000000235,,,
600022,600022,600022,600404,2019-08-18,,,,,,,,,,,,,,,,,,,,,,,,,,,,,,,,,,,,,,,,,,10000000235,,10000000235,,10000000235,,,,10000000234,,10000000234,,10000000234,,10000000235,,10000000235,,10000000234,,10000000234,,10000000235,,10000000234,,10000000234,,10000000235,,10000000235,,10000000235,,10000000235,,,,75,10000000235,,10000000234,,0,,B-cell phenotype,2019-08-18,10000001082,,10000000235,,10000000235,,10000000234,,10000000235,,10000000235,,10000000235,,10000000235,,0,10000000234,,10000000235,,,
600023,600023,600023,600418,2021-01-02,,,,,,,,,,,,,,,,,,,,,,,,,,,,,,,,,,,,,,,,,,10000000235,,10000000235,,10000000234,,,,10000000234,,10000000234,,10000000234,,10000000235,,10000000235,,10000000234,,10000000234,,10000000234,,10000000234,,10000000235,,10000000235,,10000000235,,10000000235,,10000000235,,,,20,10000000235,,10000000236,,0,,B-cell phenotype,2021-01-02,10000001084,,10000000235,,10000099999,,10000000235,,10000000235,,10000000235,,10000000235,,10000000235,,0,10000000234,,10000000235,,,
600024,600024,600024,600438,2020-08-26,,,,,,,,,,,,,,,,,,,,,,,,,,,,,,,,,,,,,,,,,,10000000235,,10000000235,,10000000235,,,,10000000235,,10000000235,,10000000235,,10000000235,,10000000234,,10000000235,,10000000234,,10000000235,,10000000235,,10000000235,,10000000235,,10000000235,,10000000235,,10000000235,,,,81,10000000235,,10000000236,,0,,T-cell phenotype,2020-08-26,10000001084,,10000000235,,10000000235,,10000000235,,10000000235,,10000000235,,10000000235,,10000000235,,1,10000000235,,10000000235,,,
600025,600025,600025,600456,2021-05-17,,,,,,,,,,,,,,,,,,,,,,,,,,,,,,,,,,,,,,,,,,10000000235,,10000000235,,10000000235,,,,10000000234,,10000000234,,10000000234,,10000000235,,10000000235,,10000000234,,10000000234,,10000000235,,10000000234,,10000000234,,10000000235,,10000000235,,10000000235,,10000000235,,,,46,10000000235,,10000000234,,0,,B-cell phenotype,2021-05-17,10000001081,,10000000235,,10000000235,,10000000234,,10000000235,,10000000235,,10000000235,,10000000235,,0,10000000234,,10000000235,,,
600026,600026,600026,600476,2020-11-11,,,,,,,,,,,,,,,,,,,,,,,,,,,,,,,,,,,,,,,,,,10000000235,,10000000235,,10000000235,,,,10000000234,,10000000234,,10000000234,,10000000235,,10000000235,,10000000234,,10000000234,,10000000235,,10000000234,,10000000234,,10000000235,,10000000235,,10000000235,,10000000235,,,,10,10000000235,,10000000234,,0,,B-cell phenotype,2020-11-11,10000001081,,10000000235,,10000000235,,10000000235,,10000000235,,10000000235,,10000000235,,10000000235,,0,10000000234,,10000000235,,,
600027,600027,600027,600496,2020-07-17,,,,,,,,,,,,,,,,,,,,,,,,,,,,,,,,,,,,,,,,,,10000000235,,10000000235,,10000000235,,,,10000000234,,10000000234,,10000000234,,10000000235,,10000000235,,10000000234,,10000000234,,10000000235,,10000000234,,10000000234,,10000000235,,10000000235,,10000000235,,10000000235,,,,95,10000000235,,10000000234,,0,,B-cell phenotype,2020-07-17,10000001082,,10000000235,,10000000235,,10000000235,,10000000235,,10000000235,,10000000235,,10000000235,,0,10000000234,,10000000235,,,
600028,600028,600028,600516,2022-12-06,,,,,,,,,,,,,,,,,,,,,,,,,,,,,,,,,,,,,,,,,,10000000235,,10000000235,,10000000234,,,,10000000234,,10000000234,,10000000234,,10000000235,,10000000235,,10000000234,,10000000234,,10000000234,,10000000234,,10000000235,,10000000235,,10000000235,,10000000235,,10000000235,,,,77,10000000235,,10000000236,,0,,B-cell phenotype,2022-12-06,10000001081,,10000000235,,10000000234,,10000000235,,10000000235,,10000000234,,10000000235,,10000000235,,0,10000000234,,10000000235,,,
600029,600029,600029,600535,2021-01-23,,,,,,,,,,,,,,,,,,,,,,,,,,,,,,,,,,,,,,,,,,10000000235,,10000000235,,10000000235,,,,10000000234,,10000000234,,10000000234,,10000000235,,10000000235,,10000000234,,10000000234,,10000000235,,10000000234,,10000000234,,10000000235,,10000000235,,10000000235,,10000000235,,,,77,10000000235,,10000000234,,0,,B-cell phenotype,2021-01-23,10000001082,,10000000235,,10000000235,,10000000235,,10000000235,,10000000235,,10000000235,,10000000235,,7,10000000234,,10000000235,,,
600030,600030,600030,600554,2019-04-12,,,,,,,,,,,,,,,,,,,,,,,,,,,,,,,,,,,,,,,,,,10000000235,,10000000235,,10000000235,,,,10000000234,,10000000234,,10000000234,,10000000235,,10000000235,,10000000234,,10000000234,,10000000235,,10000000234,,10000000234,,10000000235,,10000000235,,10000000235,,10000000235,,,,19,10000000235,,10000000234,,0,,B-cell phenotype,2019-04-12,10000001084,,10000000235,,10000000235,,10000000235,,10000000235,,10000000235,,10000000235,,10000000234,,0,10000000234,,10000000235,,,
600031,600031,600031,600574,2020-10-31,,,,,,,,,,,,,,,,,,,,,,,,,,,,,,,,,,,,,,,,,,10000000235,,10000000235,,10000000235,,,,10000000234,,10000000234,,10000000234,,10000000235,,10000000235,,10000000234,,10000000234,,10000000235,,10000000234,,10000000234,,10000000235,,10000000235,,10000000235,,10000000235,,,,83,10000000235,,10000000234,,0,,B-cell phenotype,2020-10-31,10000001082,,10000000235,,10000000235,,10000000235,,10000000235,,10000000235,,10000000235,,10000000235,,0,10000000234,,10000000235,,,
600032,600032,600032,600594,2019-06-17,,,,,,,,,,,,,,,,,,,,,,,,,,,,,,,,,,,,,,,,,,10000000235,,10000000235,,10000000235,,,,10000000234,,10000000234,,10000000234,,10000000235,,10000000235,,10000000234,,10000000234,,10000000235,,10000000234,,10000000234,,10000000235,,10000000235,,10000000235,,10000000235,,,,17,10000000235,,10000000234,,0,,B-cell phenotype,2019-06-17,10000001082,,10000000235,,10000000235,,10000000234,,10000000235,,10000000235,,10000000235,,10000000235,,0,10000000234,,10000000235,,,
600033,600033,600033,600614,2019-12-04,,,,,,,,,,,,,,,,,,,,,,,,,,,,,,,,,,,,,,,,,,10000000235,,10000000235,,10000000235,,,,10000000234,,10000000234,,10000000234,,10000000235,,10000000235,,10000000234,,10000000234,,10000000235,,10000000234,,10000000234,,10000000235,,10000000235,,10000000235,,10000000235,,,,50,10000000235,,10000000234,,0,,B-cell phenotype,2019-12-04,10000001084,,10000000235,,10000000235,,10000000234,,10000000235,,10000000235,,10000000235,,10000000235,,0,10000000234,,10000000235,,,
600034,600034,600034,600634,2022-02-10,,,,,,,,,,,,,,,,,,,,,,,,,,,,,,,,,,,,,,,,,,10000000235,,10000000235,,10000000235,,,,10000000235,,10000000235,,10000000235,,10000000235,,10000000234,,10000000235,,10000000234,,10000000235,,10000000235,,10000000235,,10000000235,,10000000235,,10000000235,,10000000235,,,,23,10000000234,,10000000236,,0,,T-cell phenotype,2022-02-10,10000001084,,10000000235,,10000000235,,10000000235,,10000000235,,10000000235,,10000000235,,10000000235,,0,10000000235,,10000000235,,,
600035,600035,600035,600652,2020-12-12,,,,,,,,,,,,,,,,,,,,,,,,,,,,,,,,,,,,,,,,,,10000000235,,10000000235,,10000000235,,,,10000000234,,10000000234,,10000000234,,10000000235,,10000000235,,10000000234,,10000000234,,10000000235,,10000000234,,10000000234,,10000000235,,10000000235,,10000000235,,10000000235,,,,66,10000000235,,10000000234,,0,,B-cell phenotype,2020-12-12,10000001082,,10000000234,,10000000235,,10000000235,,10000000235,,10000000235,,10000000235,,10000000234,,0,10000000234,,10000000235,,,
600036,600036,600036,600672,2022-09-28,,,,,,,,,,,,,,,,,,,,,,,,,,,,,,,,,,,,,,,,,,10000000235,,10000000235,,10000000235,,,,10000000234,,10000000234,,10000000234,,10000000235,,10000000235,,10000000234,,10000000234,,10000000235,,10000000234,,10000000234,,10000000235,,10000000235,,10000000235,,10000000235,,,,85,10000000235,,10000000234,,0,,B-cell phenotype,2022-09-28,10000001081,,10000000234,,10000000235,,10000000235,,10000000235,,10000000235,,10000000235,,10000000235,,0,10000000234,,10000000235,,,
600037,600037,600037,600692,2021-01-07,,,,,,,,,,,,,,,,,,,,,,,,,,,,,,,,,,,,,,,,,,10000000235,,10000000235,,10000000235,,,,10000000235,,10000000235,,10000000235,,10000000235,,10000000234,,10000000235,,10000000234,,10000000235,,10000000235,,10000000235,,10000000235,,10000000235,,10000000235,,10000000235,,,,56,10000000235,,10000000236,,0,,T-cell phenotype,2021-01-07,10000001082,,10000000235,,10000099999,,10000000235,,10000000235,,10000000235,,10000000235,,10000000234,,0,10000000235,,10000000235,,,
600038,600038,600038,600710,2019-07-16,,,,,,,,,,,,,,,,,,,,,,,,,,,,,,,,,,,,,,,,,,10000000235,,10000000235,,10000000235,,,,10000000235,,10000000235,,10000000235,,10000000235,,10000000234,,10000000235,,10000000234,,10000000235,,10000000235,,10000000235,,10000000235,,10000000235,,10000000235,,10000000235,,,,34,10000000235,,10000000236,,0,,T-cell phenotype,2019-07-16,10000001081,,10000000235,,10000000235,,10000000235,,10000000235,,10000000235,,10000000235,,10000000235,,0,10000000235,,10000000235,,,
600039,600039,600039,600723,2021-06-01,,,,,,,,,,,,,,,,,,,,,,,,,,,,,,,,,,,,,,,,,,10000000235,,10000000235,,10000000235,,,,10000000234,,10000000234,,10000000234,,10000000235,,10000000235,,10000000234,,10000000234,,10000000235,,10000000234,,10000000234,,10000000235,,10000000235,,10000000235,,10000000235,,,,26,10000000235,,10000000234,,0,,B-cell phenotype,2021-06-01,10000001082,,10000000234,,10000000235,,10000000235,,10000000235,,10000000235,,10000000235,,10000000234,,0,10000000234,,10000000235,,,
600040,600040,600040,600743,2021-03-04,,,,,,,,,,,,,,,,,,,,,,,,,,,,,,,,,,,,,,,,,,10000000235,,10000000235,,10000000235,,,,10000000234,,10000000234,,10000000234,,10000000235,,10000000235,,10000000234,,10000000234,,10000000235,,10000000234,,10000000234,,10000000235,,10000000235,,10000000235,,10000000235,,,,88,10000000235,,10000000234,,0,,B-cell phenotype,2021-03-04,10000001082,,10000000235,,10000000235,,10000000235,,10000000235,,10000000235,,10000000235,,10000000235,,0,10000000234,,10000000235,,,
600041,600041,600041,600763,2021-05-24,,,,,,,,,,,,,,,,,,,,,,,,,,,,,,,,,,,,,,,,,,10000000235,,10000000235,,10000000234,,,,10000000234,,10000000234,,10000000234,,10000000235,,10000000235,,10000000234,,10000000234,,10000000234,,10000000234,,10000000235,,10000000235,,10000000235,,10000000235,,10000000235,,,,48,10000000235,,10000000236,,0,,B-cell phenotype,2021-05-24,10000001081,,10000000235,,10000000235,,10000000235,,10000000235,,10000000234,,10000000235,,10000000235,,1,10000000234,,10000000235,,,
600042,600042,600042,600783,2022-08-20,,,,,,,,,,,,,,,,,,,,,,,,,,,,,,,,,,,,,,,,,,10000000235,,10000000235,,10000000235,,,,10000000234,,10000000234,,10000000234,,10000000235,,10000000235,,10000000234,,10000000234,,10000000235,,10000000234,,10000000234,,10000000235,,10000000235,,10000000235,,10000000235,,,,73,10000000235,,10000000234,,7,,B-cell phenotype,2022-08-20,10000001082,,10000000235,,10000000235,,10000000235,,10000000235,,10000000235,,10000000235,,10000000234,,0,10000000234,,10000000235,,,
600043,600043,600043,600803,2020-10-19,,,,,,,,,,,,,,,,,,,,,,,,,,,,,,,,,,,,,,,,,,10000000235,,10000000235,,10000000235,,,,10000000235,,10000000235,,10000000235,,10000000235,,10000000234,,10000000235,,10000000234,,10000000235,,10000000235,,10000000235,,10000000235,,10000000235,,10000000235,,10000000235,,,,14,10000000234,,10000000236,,0,,T-cell phenotype,2020-10-19,10000001081,,10000000235,,10000000235,,10000000235,,10000000235,,10000000235,,10000099999,,10000000235,,0,10000000235,,10000000235,,,
600044,600044,600044,600821,2019-04-01,,,,,,,,,,,,,,,,,,,,,,,,,,,,,,,,,,,,,,,,,,10000000235,,10000000235,,10000000235,,,,10000000235,,10000000235,,10000000235,,10000000235,,10000000234,,10000000235,,10000000234,,10000000235,,10000000235,,,,10000000235,,10000000235,,10000000235,,10000000235,,,,76,10000000235,,10000000236,,0,,T-cell phenotype,2019-04-01,10000001084,,10000000235,,10000000235,,10000000235,,10000000235,,10000000235,,10000000235,,10000000235,,0,10000000235,,10000000235,,,
600045,600045,600045,600836,2020-08-03,,,,,,,,,,,,,,,,,,,,,,,,,,,,,,,,,,,,,,,,,,10000000235,,10000000235,,10000000235,,,,10000000235,,10000000235,,10000000235,,10000000235,,10000000234,,10000000235,,10000000234,,10000000235,,10000000235,,10000000235,,10000000235,,10000000235,,10000000235,,10000000235,,,,85,10000000234,,10000000236,,0,,T-cell phenotype,2020-08-03,10000001082,,10000000235,,10000000235,,10000000235,,10000000235,,10000000235,,10000000235,,10000000235,,0,10000000235,,10000000235,,,
600046,600046,600046,600853,2022-10-28,,,,,,,,,,,,,,,,,,,,,,,,,,,,,,,,,,,,,,,,,,10000000235,,10000000235,,10000000234,,,,10000000234,,10000000234,,10000000234,,10000000235,,10000000235,,10000000234,,10000000234,,10000000234,,10000000234,,10000000235,,10000000235,,10000000235,,10000000235,,10000000235,,,,63,10000000235,,10000000236,,0,,B-cell phenotype,2022-10-28,10000001082,,10000000235,,10000000234,,10000000235,,10000000235,,10000000235,,10000000235,,10000000235,,0,10000000234,,10000000235,,,
600047,600047,600047,600873,2022-09-18,,,,,,,,,,,,,,,,,,,,,,,,,,,,,,,,,,,,,,,,,,10000000235,,10000000235,,10000000235,,,,10000000235,,10000000235,,10000000235,,10000000235,,10000000234,,10000000235,,10000000234,,10000000235,,10000000235,,10000000235,,10000000235,,10000000235,,10000000235,,10000000235,,,,75,10000000235,,10000000236,,0,,T-cell phenotype,2022-09-18,10000001081,,10000000235,,10000000235,,10000000235,,10000000235,,10000000235,,10000000235,,10000000234,,0,10000000235,,10000000235,,,
600048,600048,600048,600885,2022-10-13,,,,,,,,,,,,,,,,,,,,,,,,,,,,,,,,,,,,,,,,,,10000000235,,10000000235,,10000000235,,,,10000000234,,10000000234,,10000000234,,10000000235,,10000000235,,10000000234,,10000000234,,10000000235,,10000000234,,10000000234,,10000000234,,10000000235,,10000000235,,10000000235,,,,86,10000000235,,10000000234,,0,,B-cell phenotype,2022-10-13,10000001081,,10000000235,,10000000235,,10000000235,,10000000235,,10000000235,,10000000235,,10000000235,,0,10000000234,,10000000235,,,
600049,600049,600049,600905,2020-07-02,,,,,,,,,,,,,,,,,,,,,,,,,,,,,,,,,,,,,,,,,,10000000235,,10000000235,,10000000235,,,,10000000235,,10000000235,,10000000235,,10000000235,,10000000234,,10000000235,,10000000234,,10000000235,,10000000235,,10000000235,,10000000235,,10000000235,,10000000235,,10000000235,,,,22,10000000235,,10000000236,,0,,T-cell phenotype,2020-07-02,10000001084,,10000000235,,10000000235,,10000000235,,10000000235,,10000000235,,10000000235,,10000000234,,0,10000000235,,10000000235,,,
600050,600050,600050,600923,2019-05-24,,,,,,,,,,,,,,,,,,,,,,,,,,,,,,,,,,,,,,,,,,10000000235,,10000000235,,10000000235,,,,10000000235,,10000000235,,10000000235,,10000000235,,10000000234,,10000000235,,10000000234,,10000000235,,10000000235,,10000000235,,10000000235,,10000000235,,10000000235,,10000000235,,,,55,10000000235,,10000000236,,0,,T-cell phenotype,2019-05-24,10000001081,,10000000235,,10000000235,,10000000235,,10000000235,,10000000235,,10000000235,,10000000235,,0,10000000235,,10000000235,,,
600051,600051,600051,600941,2022-02-19,,,,,,,,,,,,,,,,,,,,,,,,,,,,,,,,,,,,,,,,,,10000000235,,10000000235,,10000000235,,,,10000000234,,10000000234,,10000000234,,10000000235,,10000000235,,10000000234,,10000000234,,10000000235,,10000000234,,10000000234,,10000000235,,10000000235,,10000000235,,10000000235,,,,80,10000000235,,10000000234,,0,,B-cell phenotype,2022-02-19,10000001084,,10000000235,,10000000235,,10000000235,,10000000235,,10000000235,,10000000235,,10000000235,,1,10000000234,,10000000235,,,
600052,600052,600052,600961,2019-02-16,,,,,,,,,,,,,,,,,,,,,,,,,,,,,,,,,,,,,,,,,,10000000235,,10000000235,,10000000235,,,,10000000234,,10000000234,,10000000234,,10000000235,,10000000235,,10000000234,,10000000234,,10000000235,,10000000234,,10000000234,,10000000235,,10000000235,,10000000235,,10000000235,,,,87,10000000235,,10000000234,,0,,B-cell phenotype,2019-02-16,10000001081,,10000000234,,10000000235,,10000000235,,10000000235,,10000000235,,10000000235,,10000000234,,0,10000000234,,10000000235,,,
600053,600053,600053,600981,2020-06-17,,,,,,,,,,,,,,,,,,,,,,,,,,,,,,,,,,,,,,,,,,10000000235,,10000000235,,10000000235,,,,10000000234,,10000000234,,10000000234,,10000000235,,10000000235,,10000000234,,10000000234,,10000000235,,10000000234,,10000000234,,10000000235,,10000000235,,10000000235,,10000000235,,,,24,10000000235,,10000000234,,0,,B-cell phenotype,2020-06-17,10000001081,,10000000235,,10000000235,,10000000235,,10000000235,,10000000235,,10000000235,,10000000235,,0,10000000234,,10000000235,,,
600054,600054,600054,601001,2022-02-27,,,,,,,,,,,,,,,,,,,,,,,,,,,,,,,,,,,,,,,,,,10000000235,,10000000235,,10000000235,,,,10000000234,,10000000234,,10000000234,,10000000235,,10000000235,,10000000234,,10000000234,,10000000235,,10000000234,,10000000234,,10000000234,,10000000235,,10000000235,,10000000235,,,,22,10000000235,,10000000234,,0,,B-cell phenotype,2022-02-27,10000001082,,10000000235,,10000000235,,10000000235,,10000000235,,10000000235,,10000000235,,10000000235,,0,10000000234,,10000000235,,,
600055,600055,600055,601021,2021-09-10,,,,,,,,,,,,,,,,,,,,,,,,,,,,,,,,,,,,,,,,,,10000000235,,10000000235,,10000000235,,,,10000000235,,10000000235,,10000000235,,10000000235,,10000000234,,10000000235,,10000000234,,10000000235,,10000000235,,10000000235,,10000000235,,10000000235,,10000000235,,10000000235,,,,78,10000000235,,10000000236,,0,,T-cell phenotype,2021-09-10,10000001084,,10000000235,,10000099999,,10000000235,,10000000235,,10000000235,,10000000235,,10000000234,,0,10000000235,,10000000235,,,
600056,600056,600056,601039,2019-06-16,,,,,,,,,,,,,,,,,,,,,,,,,,,,,,,,,,,,,,,,,,10000000235,,10000000235,,10000000235,,,,10000000235,,10000000235,,10000000235,,10000000235,,10000000234,,10000000235,,10000000234,,10000000235,,10000000235,,10000000235,,10000000235,,10000000235,,10000000235,,10000000235,,,,82,10000000235,,10000000236,,0,,T-cell phenotype,2019-06-16,10000001081,,10000000235,,10000000235,,10000000235,,10000000235,,10000000235,,10000000235,,10000000235,,0,10000000235,,10000000235,,,
600057,600057,600057,601057,2021-07-28,,,,,,,,,,,,,,,,,,,,,,,,,,,,,,,,,,,,,,,,,,10000000235,,10000000235,,10000000235,,,,10000000234,,10000000234,,10000000234,,10000000235,,10000000235,,10000000234,,10000000234,,10000000235,,10000000234,,10000000234,,10000000235,,10000000235,,10000000235,,10000000235,,,,22,10000000235,,10000000234,,0,,B-cell phenotype,2021-07-28,10000001081,,10000000235,,10000000235,,10000000235,,10000000235,,10000000235,,10000000235,,10000000235,,0,10000000234,,10000000235,,,
600058,600058,600058,601076,2021-08-05,,,,,,,,,,,,,,,,,,,,,,,,,,,,,,,,,,,,,,,,,,10000000235,,10000000235,,10000000234,,,,10000000234,,10000000234,,10000000234,,10000000235,,10000000235,,10000000234,,10000000234,,10000000234,,10000000234,,10000000235,,10000000235,,10000000235,,10000000235,,10000000235,,,,89,10000000235,,10000000236,,0,,B-cell phenotype,2021-08-05,10000001084,,10000000235,,10000000235,,10000000234,,10000000235,,10000099999,,10000000235,,10000000235,,0,10000000234,,10000000235,,,
600059,600059,600059,601096,2020-11-29,,,,,,,,,,,,,,,,,,,,,,,,,,,,,,,,,,,,,,,,,,10000000235,,10000000235,,10000000234,,,,10000000234,,10000000234,,10000000234,,10000000235,,10000000235,,10000000234,,10000000234,,10000000234,,10000000234,,10000000235,,10000000235,,10000000235,,10000000235,,10000000235,,,,24,10000000235,,10000000236,,0,,B-cell phenotype,2020-11-29,10000001081,,10000000235,,10000000234,,10000000235,,10000000235,,10000000235,,10000000235,,10000000235,,0,10000000234,,10000000235,,,
600060,600060,600060,601116,2019-02-10,,,,,,,,,,,,,,,,,,,,,,,,,,,,,,,,,,,,,,,,,,10000000235,,10000000235,,10000000235,,,,10000000234,,10000000234,,10000000234,,10000000235,,10000000235,,10000000234,,10000000234,,10000000235,,10000000234,,10000000234,,10000000234,,10000000235,,10000000235,,10000000235,,,,17,10000000235,,10000000234,,0,,B-cell phenotype,2019-02-10,10000001082,,10000000235,,10000000235,,10000000235,,10000000235,,10000000235,,10000000235,,10000000235,,0,10000000234,,10000000235,,,
600061,600061,600061,601136,2020-08-16,,,,,,,,,,,,,,,,,,,,,,,,,,,,,,,,,,,,,,,,,,10000000235,,10000000235,,10000000235,,,,10000000235,,10000000235,,10000000235,,10000000235,,10000000234,,10000000235,,10000000234,,10000000235,,10000000235,,10000000235,,10000000235,,10000000235,,10000000235,,10000000235,,,,58,10000000234,,10000000236,,0,,T-cell phenotype,2020-08-16,10000001081,,10000000235,,10000000235,,10000000235,,10000000235,,10000000235,,10000099999,,10000000235,,0,10000000235,,10000000235,,,
600062,600062,600062,601154,2021-06-23,,,,,,,,,,,,,,,,,,,,,,,,,,,,,,,,,,,,,,,,,,10000000235,,10000000235,,10000000234,,,,10000000234,,10000000234,,10000000234,,10000000235,,10000000235,,10000000234,,10000000234,,10000000234,,10000000234,,10000000235,,10000000235,,10000000235,,10000000235,,10000000235,,,,25,10000000235,,10000000236,,0,,B-cell phenotype,2021-06-23,10000001081,,10000000235,,10000000234,,10000000235,,10000000235,,10000099999,,10000000235,,10000000234,,0,10000000234,,10000000235,,,
600063,600063,600063,601174,2023-01-03,,,,,,,,,,,,,,,,,,,,,,,,,,,,,,,,,,,,,,,,,,10000000235,,10000000235,,10000000234,,,,10000000234,,10000000234,,10000000234,,10000000235,,10000000235,,10000000234,,10000000234,,10000000234,,10000000234,,10000000235,,10000000235,,10000000235,,10000000235,,10000000235,,,,91,10000000235,,10000000236,,0,,B-cell phenotype,2023-01-03,10000001084,,10000000235,,10000000234,,10000000235,,10000000235,,10000000234,,10000000235,,10000000235,,0,10000000234,,10000000235,,,
600064,600064,600064,601194,2020-10-04,,,,,,,,,,,,,,,,,,,,,,,,,,,,,,,,,,,,,,,,,,10000000235,,10000000235,,10000000235,,,,10000000235,,10000000235,,10000000235,,10000000235,,10000000234,,10000000235,,10000000234,,10000000235,,10000000235,,10000000235,,10000000235,,10000000235,,10000000235,,10000000235,,,,85,10000000234,,10000000236,,0,,T-cell phenotype,2020-10-04,10000001082,,10000000235,,10000000235,,10000000234,,10000000235,,10000000235,,10000000235,,10000000235,,0,10000000235,,10000000235,,,
600065,600065,600065,601212,2019-07-13,,,,,,,,,,,,,,,,,,,,,,,,,,,,,,,,,,,,,,,,,,10000000235,,10000000235,,10000000235,,,,10000000234,,10000000234,,10000000234,,10000000235,,10000000235,,10000000234,,10000000234,,10000000235,,10000000234,,10000000234,,10000000234,,10000000235,,10000000235,,10000000235,,,,78,10000000235,,10000000234,,0,,,2019-07-13,10000001081,,10000000235,,10000000235,,10000000235,,10000000235,,10000000235,,10000000235,,10000000235,,0,10000000234,,10000000235,,,
600066,600066,600066,601231,2019-12-12,,,,,,,,,,,,,,,,,,,,,,,,,,,,,,,,,,,,,,,,,,10000000235,,10000000235,,10000000235,,,,10000000234,,10000000234,,10000000234,,10000000235,,10000000235,,10000000234,,10000000234,,10000000235,,10000000234,,10000000234,,10000000235,,10000000235,,10000000235,,10000000235,,,,15,10000000235,,10000000234,,0,,B-cell phenotype,2019-12-12,10000001082,,10000000235,,10000000235,,10000000235,,10000000235,,10000000235,,10000000235,,10000000234,,0,10000000234,,10000000235,,,
600067,600067,600067,601251,2021-01-09,,,,,,,,,,,,,,,,,,,,,,,,,,,,,,,,,,,,,,,,,,10000000235,,10000000235,,10000000235,,,,10000000234,,10000000234,,10000000234,,10000000235,,10000000235,,10000000234,,10000000234,,10000000235,,10000000234,,10000000234,,10000000234,,10000000235,,10000000235,,10000000235,,,,15,10000000235,,10000000234,,0,,B-cell phenotype,2021-01-09,10000001084,,10000000235,,10000000235,,10000000235,,10000000235,,10000000235,,10000000235,,10000000235,,0,10000000234,,10000000235,,,
600068,600068,600068,601271,2021-06-22,,,,,,,,,,,,,,,,,,,,,,,,,,,,,,,,,,,,,,,,,,10000000235,,10000000235,,10000000235,,,,10000000234,,10000000234,,10000000234,,10000000235,,10000000235,,10000000234,,10000000234,,10000000235,,10000000234,,10000000234,,10000000235,,10000000235,,10000000235,,10000000235,,,,55,10000000235,,10000000234,,0,,B-cell phenotype,2021-06-22,10000001084,,10000000235,,10000000235,,10000000234,,10000000235,,10000000235,,10000000235,,10000000235,,0,10000000234,,10000000235,,,
600069,600069,600069,601287,2020-06-17,,,,,,,,,,,,,,,,,,,,,,,,,,,,,,,,,,,,,,,,,,10000000235,,10000000235,,10000000234,,,,10000000234,,10000000234,,10000000234,,10000000235,,10000000235,,10000000234,,10000000234,,10000000234,,10000000234,,10000000235,,10000000235,,10000000235,,10000000235,,10000000235,,,,72,10000000235,,10000000236,,0,,B-cell phenotype,2020-06-17,10000001081,,10000000235,,10000000234,,10000000235,,10000000235,,10000000234,,10000000235,,10000000234,,0,10000000234,,10000000235,,,
600070,600070,600070,601306,2020-09-24,,,,,,,,,,,,,,,,,,,,,,,,,,,,,,,,,,,,,,,,,,10000000235,,10000000235,,10000000235,,,,10000000234,,10000000234,,10000000234,,10000000235,,10000000235,,10000000234,,10000000234,,10000000235,,10000000234,,10000000234,,10000000234,,10000000235,,10000000235,,10000000235,,,,76,10000000235,,10000000234,,0,,B-cell phenotype,2020-09-24,10000001082,,10000000235,,10000000235,,10000000235,,10000000235,,10000000235,,10000000235,,10000000235,,0,10000000234,,10000000235,,,
600071,600071,600071,601326,2022-12-12,,,,,,,,,,,,,,,,,,,,,,,,,,,,,,,,,,,,,,,,,,10000000235,,10000000235,,10000000235,,,,10000000235,,10000000235,,10000000235,,10000000235,,10000000234,,10000000235,,10000000234,,10000000235,,10000000235,,10000000235,,10000000235,,10000000235,,10000000235,,10000000235,,,,23,10000000234,,10000000236,,0,,T-cell phenotype,2022-12-12,10000001081,,10000000235,,10000000235,,10000000235,,10000000235,,10000000235,,10000000235,,10000000235,,0,10000000235,,10000000235,,,
600072,600072,600072,601344,2020-05-01,,,,,,,,,,,,,,,,,,,,,,,,,,,,,,,,,,,,,,,,,,10000000235,,10000000235,,10000000235,,,,10000000234,,10000000234,,10000000234,,10000000235,,10000000235,,10000000234,,10000000234,,10000000235,,10000000234,,10000000234,,10000000235,,10000000235,,10000000235,,10000000235,,,,84,10000000235,,10000000234,,0,,B-cell phenotype,2020-05-01,10000001081,,10000000235,,10000000235,,10000000235,,10000000235,,10000000235,,10000000235,,10000000234,,0,10000000234,,10000000235,,,
600073,600073,600073,601364,2021-01-21,,,,,,,,,,,,,,,,,,,,,,,,,,,,,,,,,,,,,,,,,,10000000235,,10000000235,,10000000235,,,,10000000235,,10000000235,,10000000235,,10000000235,,10000000234,,10000000235,,10000000234,,10000000235,,10000000235,,,,10000000235,,10000000235,,10000000235,,10000000235,,,,33,10000000235,,10000000236,,0,,T-cell phenotype,2021-01-21,10000001084,,10000000235,,10000000235,,10000000235,,10000000235,,10000000235,,10000000235,,10000000235,,0,10000000235,,10000000235,,,
600074,600074,600074,601381,2021-09-15,,,,,,,,,,,,,,,,,,,,,,,,,,,,,,,,,,,,,,,,,,10000000235,,10000000235,,10000000235,,,,10000000235,,10000000235,,10000000235,,10000000235,,10000000234,,10000000235,,10000000234,,10000000235,,10000000235,,10000000235,,10000000235,,10000000235,,10000000235,,10000000235,,,,72,10000000234,,10000000236,,0,,T-cell phenotype,2021-09-15,10000001081,,10000000235,,10000000235,,10000000235,,10000000235,,10000000235,,10000000235,,10000000235,,0,10000000235,,10000000235,,,
600075,600075,999999999,601399,2019-12-01,,,,,,,,,,,,,,,,,,,,,,,,,,,,,,,,,,,,,,,,,,10000000235,,10000000235,,10000000235,,,,10000000235,,10000000235,,10000000235,,10000000235,,10000000234,,10000000235,,10000000234,,10000000235,,10000000235,,10000000235,,10000000235,,10000000235,,10000000235,,10000000235,,,,60,10000000235,,10000000236,,0,,T-cell phenotype,2019-12-01,10000001082,,10000000235,,10000000235,,10000000235,,10000000235,,10000000235,,10000000235,,10000000235,,0,10000000235,,10000000235,,,
600076,600076,600076,601417,2019-06-05,,,,,,,,,,,,,,,,,,,,,,,,,,,,,,,,,,,,,,,,,,10000000235,,10000000235,,10000000235,,,,10000000234,,10000000234,,10000000234,,10000000235,,10000000235,,10000000234,,10000000234,,10000000235,,10000000234,,10000000234,,10000000235,,10000000235,,10000000235,,10000000235,,,,86,10000000235,,10000000234,,7,,B-cell phenotype,2019-06-05,10000001081,,10000000235,,10000000235,,10000000235,,10000000235,,10000000235,,10000000235,,10000000235,,0,10000000234,,10000000235,,,
600077,600077,600077,601437,2021-06-27,,,,,,,,,,,,,,,,,,,,,,,,,,,,,,,,,,,,,,,,,,10000000235,,10000000235,,10000000235,,,,10000000234,,10000000234,,10000000234,,10000000235,,10000000235,,10000000234,,10000000234,,10000000235,,10000000234,,10000000234,,10000000235,,10000000235,,10000000235,,10000000235,,,,74,10000000235,,10000000234,,0,,B-cell phenotype,2021-06-27,10000001081,,10000000235,,10000000235,,10000000235,,10000000235,,10000000235,,10000000235,,10000000235,,0,10000000234,,10000000235,,,
600078,600078,600078,601457,2019-11-19,,,,,,,,,,,,,,,,,,,,,,,,,,,,,,,,,,,,,,,,,,10000000235,,10000000235,,10000000234,,,,10000000234,,10000000234,,10000000234,,10000000235,,10000000235,,10000000234,,10000000234,,10000000234,,10000000234,,10000000235,,10000000235,,10000000235,,10000000235,,10000000235,,,,44,10000000235,,10000000236,,0,,B-cell phenotype,2019-11-19,10000001081,,10000000235,,10000000234,,10000000235,,10000000235,,10000000235,,10000000235,,10000000235,,0,10000000234,,10000000235,,,
600079,600079,600079,601477,2021-04-14,,,,,,,,,,,,,,,,,,,,,,,,,,,,,,,,,,,,,,,,,,10000000235,,10000000235,,10000000235,,,,10000000234,,10000000234,,10000000234,,10000000235,,10000000235,,10000000234,,10000000234,,10000000235,,10000000234,,10000000234,,10000000235,,10000000235,,10000000235,,10000000235,,,,17,10000000235,,10000000234,,0,,B-cell phenotype,2021-04-14,10000001082,,10000000235,,10000000235,,10000000235,,10000000235,,10000000235,,10000099999,,10000000235,,0,10000000234,,10000000235,,,
600080,600080,600080,601497,2021-01-25,,,,,,,,,,,,,,,,,,,,,,,,,,,,,,,,,,,,,,,,,,10000000235,,10000000235,,10000000235,,,,10000000234,,10000000234,,10000000234,,10000000235,,10000000235,,10000000234,,10000000234,,10000000235,,10000000234,,10000000234,,10000000235,,10000000235,,10000000235,,10000000235,,,,18,10000000235,,10000000234,,0,,B-cell phenotype,2021-01-25,10000001081,,10000000235,,10000000235,,10000000235,,10000000235,,10000099999,,10000000235,,10000000235,,0,10000000234,,10000000235,,,
600081,600081,600081,601517,2021-11-07,,,,,,,,,,,,,,,,,,,,,,,,,,,,,,,,,,,,,,,,,,10000000235,,10000000235,,10000000234,,,,10000000234,,10000000234,,10000000234,,10000000235,,10000000235,,10000000234,,10000000234,,10000000234,,10000000234,,10000000235,,10000000235,,10000000235,,10000000235,,10000000235,,,,59,10000000235,,10000000236,,0,,B-cell phenotype,2021-11-07,10000001082,,10000000235,,10000000235,,10000000235,,10000000235,,10000000234,,10000000235,,10000000235,,0,10000000234,,10000000235,,,
600082,600082,600082,601537,2021-10-19,,,,,,,,,,,,,,,,,,,,,,,,,,,,,,,,,,,,,,,,,,10000000235,,10000000235,,10000000235,,,,10000000234,,10000000234,,10000000234,,10000000235,,10000000235,,10000000234,,10000000234,,10000000235,,10000000234,,10000000234,,10000000235,,10000000235,,10000000235,,10000000235,,,,72,10000000235,,10000000234,,0,,B-cell phenotype,2021-10-19,10000001081,,10000000235,,10000000235,,10000000235,,10000000235,,10000000235,,10000000235,,10000000235,,0,10000000234,,10000000235,,,
600083,600083,600083,601557,2019-11-17,,,,,,,,,,,,,,,,,,,,,,,,,,,,,,,,,,,,,,,,,,10000000235,,10000000235,,10000000235,,,,10000000234,,10000000234,,10000000234,,10000000235,,10000000235,,10000000234,,10000000234,,10000000235,,10000000234,,10000000234,,10000000234,,10000000235,,10000000235,,10000000235,,,,83,10000000235,,10000000234,,0,,,2019-11-17,10000001084,,10000000235,,10000000235,,10000000235,,10000000235,,10000000235,,10000000235,,10000000235,,1,10000000234,,10000000235,,,
600084,600084,600084,601577,2019-05-15,,,,,,,,,,,,,,,,,,,,,,,,,,,,,,,,,,,,,,,,,,10000000235,,10000000235,,10000000235,,,,10000000234,,10000000234,,10000000234,,10000000235,,10000000235,,10000000234,,10000000234,,10000000235,,10000000234,,10000000234,,10000000235,,10000000235,,10000000235,,10000000235,,,,54,10000000235,,10000000234,,0,,B-cell phenotype,2019-05-15,10000001082,,10000000235,,10000000235,,10000000235,,10000000235,,10000000235,,10000000235,,10000000235,,0,10000000234,,10000000235,,,
600085,600085,600085,601597,2020-02-23,,,,,,,,,,,,,,,,,,,,,,,,,,,,,,,,,,,,,,,,,,10000000235,,10000000235,,10000000235,,,,10000000234,,10000000234,,10000000234,,10000000235,,10000000235,,10000000234,,10000000234,,10000000235,,10000000234,,10000000234,,10000000235,,10000000235,,10000000235,,10000000235,,,,75,10000000235,,10000000234,,0,,B-cell phenotype,2020-02-23,10000001081,,10000000235,,10000000235,,10000000235,,10000000235,,10000000235,,10000000235,,10000000235,,1,10000000234,,10000000235,,,
600086,600086,600086,601616,2020-06-04,,,,,,,,,,,,,,,,,,,,,,,,,,,,,,,,,,,,,,,,,,10000000235,,10000000235,,10000000235,,,,10000000234,,10000000234,,10000000234,,10000000235,,10000000235,,10000000234,,10000000234,,10000000235,,10000000234,,10000000234,,10000000234,,10000000235,,10000000235,,10000000235,,,,42,10000000235,,10000000234,,0,,B-cell phenotype,2020-06-04,10000001084,,10000000235,,10000000235,,10000000234,,10000000235,,10000000235,,10000000235,,10000000235,,0,10000000234,,10000000235,,,
600087,600087,600087,601636,2020-11-26,,,,,,,,,,,,,,,,,,,,,,,,,,,,,,,,,,,,,,,,,,10000000235,,10000000235,,10000000235,,,,10000000234,,10000000234,,10000000234,,10000000235,,10000000235,,10000000234,,10000000234,,10000000235,,10000000234,,10000000234,,10000000235,,10000000235,,10000000235,,10000000235,,,,14,10000000235,,10000000234,,0,,B-cell phenotype,2020-11-26,10000001084,,10000000235,,10000000235,,10000000235,,10000000235,,10000000235,,10000000235,,10000000235,,0,10000000234,,10000000235,,,
600088,600088,600088,601656,2022-10-20,,,,,,,,,,,,,,,,,,,,,,,,,,,,,,,,,,,,,,,,,,10000000235,,10000000235,,10000000235,,,,10000000234,,10000000234,,10000000234,,10000000235,,10000000235,,10000000234,,10000000234,,10000000235,,10000000234,,10000000234,,10000000235,,10000000235,,10000000235,,10000000235,,,,59,10000000235,,10000000234,,0,,,2022-10-20,10000001084,,10000000235,,10000000235,,10000000234,,10000000235,,10000000235,,10000000235,,10000000235,,1,10000000234,,10000000235,,,
600089,600089,600089,601676,2019-10-12,,,,,,,,,,,,,,,,,,,,,,,,,,,,,,,,,,,,,,,,,,10000000235,,10000000235,,10000000234,,,,10000000234,,10000000234,,10000000234,,10000000235,,10000000235,,10000000234,,10000000234,,10000000234,,10000000234,,10000000235,,10000000235,,10000000235,,10000000235,,10000000235,,,,29,10000000235,,10000000236,,0,,B-cell phenotype,2019-10-12,10000001084,,10000000235,,10000000234,,10000000235,,10000000235,,10000000234,,10000000235,,10000000235,,1,10000000234,,10000000235,,,
600090,600090,600090,601696,2021-12-16,,,,,,,,,,,,,,,,,,,,,,,,,,,,,,,,,,,,,,,,,,10000000235,,10000000235,,10000000235,,,,10000000234,,10000000234,,10000000234,,10000000235,,10000000235,,10000000234,,10000000234,,10000000235,,10000000234,,10000000234,,10000000235,,10000000235,,10000000235,,10000000235,,,,22,10000000235,,10000000234,,0,,B-cell phenotype,2021-12-16,10000001084,,10000000235,,10000000235,,10000000235,,10000000235,,10000000235,,10000000235,,10000000234,,0,10000000234,,10000000235,,,
600091,600091,600091,601716,2022-02-15,,,,,,,,,,,,,,,,,,,,,,,,,,,,,,,,,,,,,,,,,,10000000235,,10000000235,,10000000235,,,,10000000234,,10000000234,,10000000234,,10000000235,,10000000235,,10000000234,,10000000234,,10000000235,,10000000234,,10000000234,,10000000235,,10000000235,,10000000235,,10000000235,,,,66,10000000235,,10000000234,,0,,B-cell phenotype,2022-02-15,10000001082,,10000000235,,10000000235,,10000000234,,10000000235,,10000000235,,10000000235,,10000000235,,0,10000000234,,10000000235,,,
600092,600092,600092,601733,2021-12-18,,,,,,,,,,,,,,,,,,,,,,,,,,,,,,,,,,,,,,,,,,10000000235,,10000000235,,10000000235,,,,10000000235,,10000000235,,10000000235,,10000000235,,10000000234,,10000000235,,10000000234,,10000000235,,10000000235,,10000000235,,10000000235,,10000000235,,10000000235,,10000000235,,,,14,10000000234,,10000000236,,0,,T-cell phenotype,2021-12-18,10000001081,,10000000235,,10000000235,,10000000235,,10000000235,,10000000235,,10000000235,,10000000235,,0,10000000235,,10000000235,,,
600093,600093,600093,601751,2019-05-20,,,,,,,,,,,,,,,,,,,,,,,,,,,,,,,,,,,,,,,,,,10000000235,,10000000235,,10000000234,,,,10000000234,,10000000234,,10000000234,,10000000235,,10000000235,,10000000234,,10000000234,,10000000234,,10000000234,,10000000235,,10000000235,,10000000235,,10000000235,,10000000235,,,,54,10000000235,,10000000236,,0,,B-cell phenotype,2019-05-20,10000001084,,10000000235,,10000000234,,10000000235,,10000000235,,10000000234,,10000000235,,10000000235,,0,10000000234,,10000000235,,,
600094,600094,600094,601771,2021-12-11,,,,,,,,,,,,,,,,,,,,,,,,,,,,,,,,,,,,,,,,,,10000000235,,10000000235,,10000000234,,,,10000000234,,10000000234,,10000000234,,10000000235,,10000000235,,10000000234,,10000000234,,10000000234,,10000000234,,10000000235,,10000000235,,10000000235,,10000000235,,10000000235,,,,48,10000000235,,10000000236,,0,,B-cell phenotype,2021-12-11,10000001081,,10000000235,,10000000234,,10000000235,,10000000235,,10000000234,,10000000235,,10000000235,,0,10000000234,,10000000235,,,
600095,600095,600095,601791,2021-01-12,,,,,,,,,,,,,,,,,,,,,,,,,,,,,,,,,,,,,,,,,,10000000235,,10000000235,,10000000235,,,,10000000234,,10000000234,,10000000234,,10000000235,,10000000235,,10000000234,,10000000234,,10000000235,,10000000234,,10000000234,,10000000234,,10000000235,,10000000235,,10000000235,,,,68,10000000235,,10000000234,,0,,B-cell phenotype,2021-01-12,10000001082,,10000000235,,10000000235,,10000000235,,10000000235,,10000000235,,10000000235,,10000000234,,7,10000000234,,10000000235,,,
600096,600096,600096,601811,2021-02-05,,,,,,,,,,,,,,,,,,,,,,,,,,,,,,,,,,,,,,,,,,10000000235,,10000000235,,10000000235,,,,10000000234,,10000000234,,10000000234,,10000000235,,10000000235,,10000000234,,10000000234,,10000000235,,10000000234,,10000000234,,10000000235,,10000000235,,10000000235,,10000000235,,,,27,10000000235,,10000000234,,0,,B-cell phenotype,2021-02-05,10000001081,,10000000235,,10000000235,,10000000235,,10000000235,,10000000235,,10000000235,,10000000235,,0,10000000234,,10000000235,,,
600097,600097,600097,601830,2020-06-22,,,,,,,,,,,,,,,,,,,,,,,,,,,,,,,,,,,,,,,,,,10000000235,,10000000235,,10000000235,,,,10000000235,,10000000235,,10000000235,,10000000235,,10000000234,,10000000235,,10000000234,,10000000235,,10000000235,,10000000235,,10000000235,,10000000235,,10000000235,,10000000235,,,,81,10000000234,,10000000236,,0,,T-cell phenotype,2020-06-22,10000001081,,10000000235,,10000000235,,10000000235,,10000000235,,10000000235,,10000000235,,10000000235,,0,10000000235,,10000000235,,,
600098,600098,600098,601848,2022-10-17,,,,,,,,,,,,,,,,,,,,,,,,,,,,,,,,,,,,,,,,,,10000000235,,10000000235,,10000000235,,,,10000000235,,10000000235,,10000000235,,10000000235,,10000000234,,10000000235,,10000000234,,10000000235,,10000000235,,10000000235,,10000000235,,10000000235,,10000000235,,10000000235,,,,24,10000000234,,10000000236,,0,,T-cell phenotype,2022-10-17,10000001084,,10000000235,,10000000235,,10000000235,,10000000235,,10000000235,,10000000235,,10000000235,,0,10000000235,,10000099999,,,
600099,600099,600099,601866,2021-03-15,,,,,,,,,,,,,,,,,,,,,,,,,,,,,,,,,,,,,,,,,,10000000235,,10000000235,,10000000235,,,,10000000234,,10000000234,,10000000234,,10000000235,,10000000235,,10000000234,,10000000234,,10000000235,,10000000234,,10000000234,,10000000235,,10000000235,,10000000235,,10000000235,,,,81,10000000235,,10000000234,,0,,B-cell phenotype,2021-03-15,10000001081,,10000000235,,10000000235,,10000000234,,10000000235,,10000000235,,10000000235,,10000000235,,0,10000000234,,10000000235,,,
600100,600100,600100,601886,2019-09-23,,,,,,,,,,,,,,,,,,,,,,,,,,,,,,,,,,,,,,,,,,10000000235,,10000000235,,10000000235,,,,10000000235,,10000000235,,10000000235,,10000000235,,10000000234,,10000000235,,10000000234,,10000000235,,10000000235,,10000000235,,10000000235,,10000000235,,10000000235,,10000000235,,,,94,10000000234,,10000000236,,0,,T-cell phenotype,2019-09-23,10000001084,,10000000235,,10000000235,,10000000235,,10000000235,,10000000235,,10000000235,,10000000235,,0,10000000235,,10000000235,,,
