lymphoma_assessment_id,person_id,visit_occurrence_id,assessment_date,b_symptoms_yn,fever_yn,night_sweats_yn,weight_loss_percent_6m,prognostic_index_date,ipi_score,ipi_risk_group_concept_id,ipi_risk_group_source_value,aaipi_score,nccn_ipi_score,flipi_score,flipi2_score,mipi_score,mipi_c_risk_group_concept_id,mipi_c_risk_group_source_value,ips_score,pit_score,gelf_high_burden_yn
600001,600001,600001,2021-01-11,0,0,0,0,2021-01-11,2,10000000290,저중간,2,4,2,3,11,10000000290,저중간,5,0,0
600002,600002,600021,2019-08-17,0,0,0,0,2019-08-17,4,10000000292,고위험,3,7,3,5,7,10000000292,고위험,5,1,0
600003,600003,600041,2021-10-28,0,0,0,0,2021-10-28,2,10000000290,저중간,2,2,0,1,3,10000000290,저중간,0,3,0
600004,600004,600058,2019-10-20,0,0,0,0,2019-10-20,3,10000000291,고중간,3,6,0,1,1,10000000291,고중간,6,1,0
600005,600005,600078,2022-09-10,0,0,0,0,2022-09-10,1,10000000289,저위험,1,1,1,2,3,10000000289,저위험,1,0,0
600006,600006,600096,2020-09-02,1,0,1,12.7,2020-09-02,1,10000000289,저위험,1,3,5,1,0,10000000289,저위험,1,4,0
600007,600007,600114,2022-07-05,0,0,0,0,2022-07-05,3,10000000291,고중간,3,3,1,1,5,10000000291,고중간,1,2,1
600008,600008,600134,2021-01-04,0,0,0,0,2021-01-04,2,10000000290,저중간,2,5,3,4,4,10000000290,저중간,4,0,0
600009,600009,600154,2021-04-14,0,0,0,0,2021-04-14,3,10000000291,고중간,3,3,0,1,5,10000000291,고중간,5,4,0
600010,600010,600174,2019-10-31,0,0,0,0,2019-10-31,2,10000000290,저중간,2,5,3,2,1,10000000290,저중간,7,0,0
600011,600011,600192,2020-04-16,0,0,0,0,2020-04-16,4,10000000292,고위험,3,4,5,4,2,10000000292,고위험,6,1,1
600012,600012,600212,2019-10-01,1,0,1,9.9,2019-10-01,2,10000000290,저중간,2,5,3,3,11,10000000290,저중간,0,3,0
600013,600013,600232,2022-06-30,0,0,0,0,2022-06-30,3,10000000291,고중간,3,4,1,4,11,10000000291,고중간,0,0,0
600014,600014,600252,2020-01-11,0,0,0,0,2020-01-11,3,10000000291,고중간,3,6,2,5,11,10000000291,고중간,5,0,0
600015,600015,600272,2021-10-14,0,0,0,0,2021-10-14,1,10000000289,저위험,1,2,4,2,0,10000000289,저위험,7,4,0
600016,600016,600290,2020-06-04,0,0,0,0,2020-06-04,3,10000000291,고중간,3,3,5,3,10,10000000291,고중간,2,3,1
600017,600017,600308,2019-02-01,0,0,0,0,2019-02-01,2,10000000290,저중간,2,4,3,1,7,,저중간,1,2,1
600018,600018,600325,2020-10-14,1,1,1,11.2,2020-10-14,4,10000000292,고위험,3,7,5,4,2,10000000292,고위험,7,0,0
600019,600019,600345,2021-08-15,0,0,0,0,2021-08-15,1,10000000289,저위험,1,3,0,1,4,10000000289,저위험,0,1,0
600020,600020,600363,2020-10-08,0,0,0,0,2020-10-08,0,10000000289,저위험,0,1,2,2,10,10000000289,저위험,0,2,0
600021,600021,600383,2019-05-08,0,0,0,0,2019-05-08,2,10000000290,저중간,2,2,0,3,2,10000000290,저중간,6,0,1
600022,600022,600403,2019-08-14,0,0,0,0,2019-08-14,2,10000000290,저중간,2,4,3,2,7,10000000290,저중간,1,3,0
600023,600023,600417,2020-12-26,1,7,1,11.9,2020-12-26,2,10000000290,저중간,2,4,1,1,0,10000000290,저중간,3,3,0
600024,600024,600437,2020-08-22,0,7,0,0,2020-08-22,1,10000000289,저위험,1,2,0,3,2,10000000289,저위험,2,3,1
600025,600025,600455,2021-05-15,0,0,0,0,2021-05-15,3,10000000291,고중간,3,3,0,4,2,10000000291,고중간,2,0,0
600026,600026,600475,2020-11-04,0,0,0,0,2020-11-04,2,10000000290,저중간,2,3,5,0,1,10000000290,저중간,1,0,0
600027,600027,600495,2020-07-15,0,0,0,0,2020-07-15,2,10000000290,저중간,2,3,2,5,11,10000000290,저중간,1,3,0
600028,600028,600515,2022-12-02,0,0,0,0,2022-12-02,1,10000000289,저위험,1,1,5,2,2,10000000289,저위험,4,2,0
600029,600029,600534,2021-01-16,0,0,0,0,2021-01-16,4,10000000292,고위험,3,6,4,2,10,10000000292,고위험,0,4,0
600030,600030,600553,2019-04-10,1,1,0,6.7,2019-04-10,2,10000000290,저중간,2,3,2,4,7,10000000290,저중간,4,0,0
600031,600031,600573,2020-10-26,1,1,0,11.2,2020-10-26,2,10000000290,저중간,2,5,0,2,3,10000000290,저중간,6,0,1
600032,600032,600593,2019-06-16,0,0,0,0,2019-06-16,2,10000000290,저중간,2,4,2,5,0,10000000290,저중간,2,2,1
600033,600033,600613,2019-11-29,0,0,0,0,2019-11-29,2,10000000290,저중간,2,5,3,0,11,10000000290,저중간,4,2,0
600034,600034,600633,2022-02-08,0,0,0,0,2022-02-08,1,10000000289,저위험,1,4,4,2,2,10000000289,저위험,1,0,0
600035,600035,600651,2020-12-06,0,0,0,0,2020-12-06,3,10000000291,고중간,3,6,1,5,10,10000000291,고중간,5,2,1
600036,600036,600671,2022-09-27,0,0,0,0,2022-09-27,3,10000000291,고중간,3,3,1,1,1,10000000291,고중간,7,4,0
600037,600037,600691,2021-01-05,0,0,0,0,2021-01-05,2,10000000290,저중간,2,2,1,1,0,10000000290,저중간,3,0,0
600038,600038,600709,,0,0,0,0,2019-07-14,2,10000000290,저중간,2,3,4,3,3,10000000290,저중간,1,2,0
600039,600039,600722,2021-05-28,0,0,0,0,2021-05-28,4,10000000292,고위험,3,6,4,2,10,10000000292,고위험,6,3,0
600040,600040,600742,2021-03-03,0,0,0,0,2021-03-03,1,10000000289,저위험,1,1,1,2,3,10000000289,저위험,4,1,0
600041,600041,600762,2021-05-21,0,0,0,0,2021-05-21,2,10000000290,저중간,2,4,3,4,3,10000000290,저중간,0,2,0
600042,600042,600782,2022-08-17,0,0,0,0,2022-08-17,3,10000000291,고중간,3,4,2,5,9,10000000291,고중간,7,4,0
600043,600043,600802,2020-10-15,1,0,1,8.4,2020-10-15,1,10000000289,저위험,1,3,5,5,7,10000000289,저위험,4,2,0
600044,600044,600820,2019-03-30,0,0,0,0,2019-03-30,3,10000000291,고중간,3,3,3,0,9,10000000291,고중간,4,3,1
600045,600045,600835,2020-07-27,0,0,0,0,2020-07-27,0,10000000289,저위험,0,2,1,1,3,10000000289,저위험,5,2,0
600046,600046,600852,2022-10-25,0,0,0,0,2022-10-25,2,10000000290,저중간,2,3,4,4,3,10000000290,저중간,6,4,0
600047,600047,600872,2022-09-17,0,0,0,0,2022-09-17,1,10000000289,저위험,1,4,4,2,2,10000000289,저위험,5,2,0
600048,600048,600884,2022-10-09,1,0,0,11.1,2022-10-09,0,10000000289,저위험,0,0,4,4,0,10000000289,저위험,6,1,0
600049,600049,600904,2020-06-25,1,1,0,8.3,2020-06-25,2,10000000290,저중간,2,4,4,5,10,10000000290,저중간,2,3,1
600050,600050,600922,,0,0,0,0,2019-05-20,3,10000000291,고중간,3,3,0,2,9,10000000291,고중간,2,1,0
600051,600051,600940,2022-02-18,1,1,1,10.9,2022-02-18,2,10000000290,저중간,2,2,3,1,11,10000000290,저중간,1,2,1
600052,600052,600960,2019-02-11,0,0,0,0,2019-02-11,3,10000000291,고중간,3,6,5,3,9,10000000291,고중간,1,2,0
600053,600053,600980,2020-06-10,0,0,0,0,2020-06-10,2,10000000290,저중간,2,2,0,0,0,10000000290,저중간,0,0,0
600054,600054,601000,2022-02-24,0,0,0,0,2022-02-24,2,10000000290,저중간,2,3,0,4,3,10000000290,저중간,6,4,1
600055,600055,601020,2021-09-07,0,0,0,0,2021-09-07,2,10000000290,저중간,2,3,2,1,3,10000000290,저중간,1,0,1
600056,600056,601038,2019-06-10,0,0,0,0,2019-06-10,2,10000000290,저중간,2,4,5,0,3,10000000290,저중간,2,4,0
600057,600057,601056,2021-07-27,0,0,0,0,2021-07-27,2,10000000290,저중간,2,3,0,2,2,10000000290,저중간,0,1,0
600058,600058,601075,2021-08-02,0,0,0,0,2021-08-02,2,10000000290,저중간,2,4,5,2,0,10000000290,저중간,2,2,0
600059,600059,601095,2020-11-27,0,0,0,0,2020-11-27,3,10000000291,고중간,3,3,2,5,3,10000000291,고중간,5,2,1
600060,600060,601115,2019-02-04,0,0,0,0,2019-02-04,2,10000000290,저중간,2,3,0,2,0,10000000290,저중간,3,0,0
600061,600061,601135,2020-08-15,1,0,0,10,2020-08-15,3,10000000291,고중간,3,5,0,3,0,,고중간,4,2,1
600062,600062,601153,2021-06-19,0,0,0,0,2021-06-19,3,10000000291,고중간,3,6,0,0,2,10000000291,고중간,5,1,0
600063,600063,601173,2022-12-31,0,0,0,0,2022-12-31,0,10000000289,저위험,0,1,0,2,6,10000000289,저위험,7,1,0
600064,600064,601193,2020-09-28,0,0,0,0,2020-09-28,2,10000000290,저중간,2,2,3,4,4,,저중간,6,0,0
600065,600065,601211,2019-07-10,0,0,0,0,2019-07-10,3,10000000291,고중간,3,5,2,3,9,10000000291,고중간,7,1,0
600066,600066,601230,2019-12-07,0,0,0,0,2019-12-07,2,10000000290,저중간,2,4,2,1,0,10000000290,저중간,1,0,0
600067,600067,601250,2021-01-08,0,7,0,0,2021-01-08,2,10000000290,저중간,2,2,2,2,5,10000000290,저중간,5,3,0
600068,600068,601270,2021-06-15,1,1,0,12,2021-06-15,1,10000000289,저위험,1,3,3,5,11,10000000289,저위험,7,1,1
600069,600069,601286,2020-06-15,0,0,0,0,2020-06-15,2,10000000290,저중간,2,3,5,1,10,10000000290,저중간,7,0,0
600070,600070,601305,2020-09-20,0,0,0,0,2020-09-20,1,10000000289,저위험,1,1,0,4,3,10000000289,저위험,0,0,0
600071,600071,601325,2022-12-05,0,0,0,0,2022-12-05,1,10000000289,저위험,1,4,4,0,11,10000000289,저위험,1,3,0
600072,600072,601343,2020-04-27,1,1,0,13.3,2020-04-27,1,10000000289,저위험,1,2,1,1,7,10000000289,저위험,6,1,1
600073,600073,601363,2021-01-17,0,0,0,0,2021-01-17,1,10000000289,저위험,1,2,0,5,5,10000000289,저위험,4,0,0
600074,600074,601380,2021-09-10,1,0,1,12.5,2021-09-10,1,10000000289,저위험,1,1,2,5,10,10000000289,저위험,6,1,0
600075,600075,601398,2019-11-25,0,0,0,0,2019-11-25,0,10000000289,저위험,0,2,4,4,2,10000000289,저위험,6,1,0
600076,600076,601416,2019-06-04,0,0,0,0,2019-06-04,2,10000000290,저중간,2,2,1,3,9,10000000290,저중간,7,2,0
600077,600077,601436,2021-06-21,1,1,1,12.2,2021-06-21,2,10000000290,저중간,2,5,5,1,10,10000000290,저중간,1,4,1
600078,600078,601456,2019-11-15,1,1,1,11.8,2019-11-15,3,10000000291,고중간,3,5,2,5,7,10000000291,고중간,0,2,1
600079,600079,601476,2021-04-07,0,0,0,0,2021-04-07,0,10000000289,저위험,0,3,4,1,1,10000000289,저위험,7,3,0
600080,600080,601496,2021-01-18,0,0,0,0,2021-01-18,3,10000000291,고중간,3,5,3,1,4,10000000291,고중간,7,4,0
600081,600081,601516,2021-11-06,0,0,0,0,2021-11-06,2,10000000290,저중간,2,5,1,4,1,10000000290,저중간,5,1,0
600082,600082,601536,2021-10-17,0,0,0,0,2021-10-17,2,10000000290,저중간,2,2,2,0,0,10000000290,저중간,1,3,0
600083,600083,601556,2019-11-13,1,1,0,10.6,2019-11-13,2,10000000290,저중간,2,5,4,2,5,10000000290,저중간,1,0,0
600084,600084,601576,2019-05-14,0,0,0,0,2019-05-14,1,10000000289,저위험,1,2,1,4,6,10000000289,저위험,5,3,0
600085,600085,601596,2020-02-18,0,0,0,0,2020-02-18,0,10000000289,저위험,0,0,4,2,5,10000000289,저위험,7,0,0
600086,600086,601615,2020-05-31,0,0,0,0,2020-05-31,3,10000000291,고중간,3,6,5,2,5,10000000291,고중간,2,2,1
600087,600087,601635,,0,0,0,0,2020-11-20,2,10000000290,저중간,2,2,1,4,1,10000000290,저중간,7,4,1
600088,600088,601655,2022-10-19,1,1,1,11.3,2022-10-19,3,10000000291,고중간,3,5,3,2,8,10000000291,고중간,7,4,0
600089,600089,601675,2019-10-06,0,0,0,0,2019-10-06,4,10000000292,고위험,3,7,2,0,5,10000000292,고위험,2,2,1
600090,600090,601695,2021-12-09,0,0,0,0,2021-12-09,1,10000000289,저위험,1,1,5,4,10,10000000289,저위험,0,3,0
600091,600091,601715,2022-02-14,1,0,1,8.9,2022-02-14,2,10000000290,저중간,2,4,0,1,7,10000000290,저중간,6,1,1
600092,600092,601732,2021-12-16,0,0,0,0,2021-12-16,0,10000000289,저위험,0,1,2,1,9,10000000289,저위험,3,4,0
600093,600093,601750,2019-05-16,0,0,0,0,2019-05-16,1,10000000289,저위험,1,1,4,1,10,10000000289,저위험,1,3,0
600094,600094,601770,2021-12-06,0,0,0,0,2021-12-06,2,10000000290,저중간,2,4,2,4,7,10000000290,저중간,2,0,0
600095,600095,601790,2021-01-05,0,0,0,0,2021-01-05,3,10000000291,고중간,3,4,1,0,3,10000000291,고중간,3,2,0
600096,600096,601810,2021-01-29,0,0,0,0,2021-01-29,1,10000000289,저위험,1,4,3,3,1,10000000289,저위험,3,3,0
600097,600097,601829,2020-06-20,0,0,0,0,2020-06-20,2,10000000290,저중간,2,3,0,0,8,10000000290,저중간,2,3,0
600098,600098,601847,2022-10-15,1,1,1,9,2022-10-15,3,10000000291,고중간,3,6,1,1,7,10000000291,고중간,3,3,1
600099,600099,601865,2021-03-09,0,0,0,0,2021-03-09,2,10000000290,저중간,2,2,4,4,11,10000000290,저중간,6,1,0
600100,600100,601885,2019-09-22,0,0,0,0,2019-09-22,1,10000000289,저위험,1,1,0,3,6,10000000289,저위험,1,4,1
