lymphoma_id,person_id,visit_occurrence_id,diagnosis_date,histology_icdo3_code,cell_of_origin,double_expressor_yn,double_hit_triple_hit_status,t_14_18_result,t_11_14_result,mipi_score,hodgkin_ips_score,pit_score,minimal_residual_disease_result,ctdna_result
600001,600001,600001,2022-07-04,9680/3,GCB,0,,Negative,,,,,,
600002,600002,600031,2022-09-14,9699/3,,,,,,,,,,
600003,600003,600050,2026-13-45,9680/3,ABC/non-GCB,0,,,,,,,,
600004,600004,600070,2023-05-23,,GCB,1,Not detected,Negative,,,,,Negative,Detected
600005,600005,600096,2022-11-01,9699/3,,,,,,,,,,
600006,600006,600116,2020-02-12,9702/3,,,,,,,,2,,
600007,600007,600138,2020-03-06,9688/3,GCB,1,Not detected,Negative,,,,,Negative,Detected
600008,600008,600159,2099-01-01,9702/3,,,,,,,,2,,
600009,600009,600182,2023-02-19,9650/3,,,,,,,,,,
600010,600010,600204,2023-02-16,9690/3,,,,Positive,,,,,Negative,
600011,600011,600214,2022-09-01,9690/3,,,,Positive,,,,,Negative,
600012,600012,600225,2023-04-16,9690/3,,,,Positive,,,,,,
600013,600013,600249,2024-03-31,9702/3,,,,,,,,1,,
600014,600014,600267,2019-06-18,9690/3,,,,Positive,,,,,,
600015,600015,600280,2022-05-23,9680/3,GCB,0,Not detected,Negative,,,,,,
600016,600016,600300,2024-07-26,9680/3,GCB,1,Not detected,,,,,,,
600017,999999999,600315,2022-05-09,9702/3,,,,,,,,2,,
600005,600018,600337,2024-08-20,9673/3,,,,,Positive,7,,,,
600019,600019,600352,2021-08-07,9650/3,,,,,,,,,,
600020,600020,600380,2022-01-11,9680/3,GCB,0,Not detected,,,,,,,
600021,600021,600405,2022-12-26,9680/3,GCB,0,,Negative,,,,,Negative,
600022,600022,600424,2024-03-16,9680/3,,1,Not detected,,,,,,,
600023,600023,600442,2019-12-08,9680/3,ABC/non-GCB,1,Double-hit (MYC + BCL2),Negative,,,,,,
600024,600024,600465,2023-12-04,9680/3,ABC/non-GCB,0,Not detected,,,,,,,
600025,600025,600480,2024-09-12,9680/3,GCB,0,Double-hit (MYC + BCL2),,,,,,Positive (1e-4),
600026,600026,600493,2023-02-27,9680/3,ABC/non-GCB,0,Not detected,Negative,,,,,,
600027,600027,600511,2021-03-03,9680/3,GCB,0,Not detected,,,,,,Negative,Not detected
600028,600028,600535,2019-05-05,9650/3,,,,,,,1070,,,
600029,600029,600565,2021-12-21,9680/3,ABC/non-GCB,0,,,,,,,,
600030,600030,600586,2022-11-15,9699/3,,,,,,,,,,
600031,600031,600607,2019-09-03,9680/3,GCB,0,,Negative,,,,,Negative,Not detected
600032,600032,600627,2019-07-16,9699/3,,,,,,,,,,
600033,600033,600662,2022-08-18,9688/3,GCB,0,Not detected,,,,,,Negative,
600034,600034,600683,2021-12-23,9680/3,unclassifiable,0,,Negative,,,,,,Detected
600035,600035,600702,2020-03-18,9680/3,GCB,0,,Negative,,,,,,
600036,600036,600736,2019-09-11,9680/3,ABC/non-GCB,0,,Negative,,,,,,
600037,600037,600772,2023-12-27,9680/3,ABC/non-GCB,0,,,,,,,Negative,
600038,600038,600789,2021-11-23,9680/3,GCB,0,,Positive,,,,,,
600039,600039,600813,2019-04-17,9650/3,,,,,,,1,,,
600040,600040,999999999,2022-10-17,9650/3,,,,,,,,,,
600041,600041,600865,2019-06-03,9650/3,,,,,,,,,,
600042,600042,,2023-07-14,9699/3,,,,,,,,,,
600043,600043,600914,2024-11-28,9680/3,ABC/non-GCB,0,,,,,,,,
600044,600044,600930,,9688/3,ABC/non-GCB,0,,Positive,,,,,,
600045,600045,600950,2022-03-14,9699/3,,,,,,,,,,
600046,600046,600970,2022-01-21,9702/3,,,,,,,,2,,Not detected
600047,600047,600992,2024-06-13,9680/3,ABC/non-GCB,1,Not detected,,,,,,Negative,
600048,600048,601006,2023-07-16,9680/3,GCB,0,Not detected,Positive,,,,,,
600049,600049,601023,2023-08-28,9699/3,,,,,,,,,,
600050,600050,601041,2020-02-02,9702/3,,,,,,,,1,,
600051,600051,601076,2020-11-14,9680/3,GCB,0,Not detected,Negative,,,,,,
600052,600052,601106,2019-01-20,9650/3,,,,,,,,,,
600053,600053,601145,2020-04-28,9650/3,,,,,,,2,,,
600054,600054,601186,2021-09-13,9690/3,,,,Positive,,,,,Positive (1e-4),
600055,600055,601215,2019-03-15,9690/3,,,,Positive,,,,,Positive (1e-4),
600056,600056,601235,2024-04-09,9699/3,,,,,,,,,,
600057,600057,601246,2019-06-07,9680/3,ABC/non-GCB,0,Not detected,,,,,,Negative,
600058,600058,601268,2022-11-28,9650/3,,,,,,,,,,
600059,600059,601299,2023-03-27,9699/3,,,,,,,,,,
600060,,601327,2021-12-11,9673/3,,,,,Positive,7,,,,
600061,600061,601355,2023-10-09,9650/3,,,,,,,3,,,Not detected
600062,600062,600358,2019-02-02,9673/3,,,,,Positive,5,,,,
600063,600063,601389,2022-07-09,9680/3,GCB,0,,,,,,,,
600064,600064,601411,2024-03-02,9680/3,GCB,0,,Negative,,,,,Negative,
600065,600065,601423,2019-01-27,9699/3,,,,,,,,,,
600066,600066,601436,2019-05-29,9650/3,,,,,,,NOT_A_NUMBER,,,Detected
600067,600067,601468,2020-06-28,9684/3,ABC/non-GCB,0,,Negative,,,,,,Detected
600068,600068,601505,2019-02-28,9699/3,,,,,,,,,,
600069,600069,601530,2020-09-29,9690/3,,,,Positive,,,,,Not evaluable,
600070,600070,601554,2020-09-19,9680/3,ABC/non-GCB,1,Not detected,Positive,,,,,,
600071,600071,601575,2024-09-08,9680/3,GCB,NOT_A_NUMBER,Not detected,,,,,,,
600072,600072,601587,2022-04-21,9680/3,ABC/non-GCB,0,Not detected,Negative,,,,,,Not detected
600073,600073,601605,2023-10-03,9680/3,ABC/non-GCB,0,Not detected,,,,,,Negative,
600074,600074,601622,2021-07-12,9673/3,,,,,Positive,NOT_A_NUMBER,,,Negative,
600075,600075,601646,2023-02-27,9702/3,,,,,,,,1040,,
600076,600076,601664,2022-08-22,9650/3,,,,,,,,,,Detected
NOT_A_NUMBER,600077,601687,2023-05-25,9680/3,ABC/non-GCB,0,,Positive,,,,,,
600078,600078,601705,2024-04-13,9680/3,unclassifiable,0,,Positive,,,,,Positive (1e-4),
600079,600079,601720,2023-12-20,BAD-CODE,,,,,,,4,,,Detected
600080,600080,601745,2022-04-23,9699/3,GCB,,,,,,,,,
600081,600081,601768,2023-01-17,9680/3,ABC/non-GCB,1,Not detected,Negative,,,,,Negative,
600082,600082,601789,2024-10-19,9680/3,ABC/non-GCB,0,Not detected,,,,,,,
600083,600083,NOT_A_NUMBER,2023-06-08,9673/3,,,,,Positive,3,,,Negative,
600084,600084,601829,2022-09-27,9702/3,,,,,,,,NOT_A_NUMBER,,
600085,NOT_A_NUMBER,601849,2019-08-17,9699/3,,,,,,,,,,
600087,600087,601884,2024-07-10,9680/3,ABC/non-GCB,0,,Negative,,,,,,
600088,600088,601899,2023-05-28,9702/3,,,,,,,,1,,
600089,600089,601918,2024-03-06,9699/3,,,,,,,,,,
600090,600090,601933,2022-09-10,9680/3,GCB,0,,,,,,,Negative,
600091,600091,601951,2021-01-15,9690/3,,,,Positive,,,,,Not evaluable,
600092,600092,601964,2020-08-21,9650/3,,,,,,,,,,
,600093,601993,2023-01-07,9673/3,,,,,Positive,3,,,,
600094,600094,602017,2019-12-10,9673/3,,,,,Positive,1150,,,,
600095,600095,602045,2023-12-08,9680/3,GCB,0,,Negative,,,,,,
600096,600096,602063,2023-03-05,9699/3,,,,,,,,,,
600097,600097,602072,2022-08-10,9699/3,,,,,,,,,,
600098,600098,602091,2022-07-17,9680/3,,0,,,,,,,,
600099,600099,602113,2024-04-13,9650/3,,,,,,,1,,,Detected
600100,600100,602138,2020-11-29,9650/3,,,,,,,,,,
