observation_id,visit_occurrence_id,person_id,observation_concept_id,observation_source_value,observation_date,observation_type_concept_id,value_as_number,value_as_string,value_as_concept_id,unit_concept_id,value_source_value
600001,600001,600001,4257895,,2022-07-04,32817,1,ECOG 1,,,
600002,600031,600002,4257895,,2022-09-14,32817,1,ECOG 1,,,
600003,600050,600003,4257895,,2023-01-29,32817,0,ECOG 0,,,
600004,999999999,600004,4257895,,2023-05-23,32817,1,ECOG 1,,,
600005,600096,600005,4257895,,2022-11-01,32817,0,ECOG 0,,,
600006,600116,600006,4257895,,2020-02-12,32817,1,ECOG 1,,,
600007,600138,600007,4257895,,2026-13-45,32817,1,ECOG 1,,,
600008,600159,600008,4257895,,2021-10-11,32817,1,ECOG 1,,,
600009,600182,600009,4257895,,2023-02-19,32817,1,ECOG 1,,,
600010,600204,600010,4257895,,2023-02-16,32817,0,ECOG 0,,,
600011,600214,600011,4257895,,2022-09-01,32817,1,ECOG 1,,,
600012,600225,600012,4257895,,2023-04-16,32817,1,ECOG 1,,,
600013,600249,600013,4257895,,2024-03-31,32817,1,ECOG 1,,,
600014,600267,600014,4257895,,2019-06-18,32817,1,ECOG 1,,,
600015,600280,600015,4257895,,2022-05-23,32817,3,ECOG 3,,,
600016,600300,600016,4257895,,2024-07-26,32817,1,ECOG 1,,,
600017,600315,600017,4257895,,2022-05-09,32817,1,ECOG 1,,,
600018,600337,600018,4257895,,2024-08-20,32817,1,ECOG 1,,,
600019,600352,600019,4257895,,2021-08-07,32817,0,ECOG 0,,,
600020,600380,600020,4257895,,2022-01-11,32817,2,ECOG 2,,,
600021,600405,600021,4257895,,2022-12-26,32817,2,ECOG 2,,,
600022,600424,600022,4257895,,2024-03-16,32817,1,ECOG 1,,,
600023,600442,600023,4257895,,2019-12-08,32817,1,ECOG 1,,,
600024,600465,600024,4257895,,2099-01-01,32817,0,ECOG 0,,,
600025,600480,600025,4257895,,2024-09-12,32817,2,ECOG 2,,,
600026,600493,600026,4257895,,2023-02-27,32817,1,ECOG 1,,,
600027,600511,600027,4257895,,2021-03-03,32817,0,ECOG 0,,,
600028,600535,600028,4257895,,2019-05-05,9999999,2,ECOG 2,,,
600029,600565,600029,4257895,,2021-12-21,32817,1,ECOG 1,,,
600030,600586,600030,4257895,,2022-11-15,32817,2,ECOG 2,,,
NOT_A_NUMBER,600607,600031,4257895,,2019-09-03,32817,0,ECOG 0,,,
600032,600627,600032,4257895,,2019-07-16,32817,1,ECOG 1,,,
600033,600662,600033,4257895,,2022-08-18,32817,0,ECOG 0,,,
600034,600683,600034,4257895,,2021-12-23,32817,1,ECOG 1,,,
600035,600702,600035,4257895,,2020-03-18,32817,0,ECOG 0,,,
600036,600736,600036,4257895,,2019-09-11,32817,0,ECOG 0,,,
600037,600772,600037,4257895,,2023-12-27,32817,3,ECOG 3,,,
600038,600789,600038,4257895,,2021-11-23,32817,3,ECOG 3,,,
600039,600813,600039,4257895,,2019-04-17,32817,1,ECOG 1,,,
600040,600842,600040,4257895,,2022-10-17,32817,1,ECOG 1,,,
600041,600865,600041,4257895,,2019-06-03,,0,ECOG 0,,,
600042,600890,600042,4257895,,2023-07-14,32817,0,ECOG 0,,,
600043,600914,600043,4257895,,2024-11-28,NOT_A_NUMBER,3,ECOG 3,,,
600044,600930,600044,4257895,,2020-03-25,32817,1,ECOG 1,,,
600045,600950,600045,4257895,,2022-03-14,32817,1,ECOG 1,,,
600046,600970,600046,4257895,,2022-01-21,32817,0,ECOG 0,,,
600047,600992,600047,4257895,,2024-06-13,32817,2,ECOG 2,,,
,601006,600048,4257895,,2023-07-16,32817,3,ECOG 3,,,
600049,601023,600049,4257895,,2023-08-28,32817,0,ECOG 0,,,
600050,601041,600050,4257895,,2020-02-02,32817,0,ECOG 0,,,
600051,601076,600051,4257895,,2020-11-14,32817,0,ECOG 0,,,
600052,,600052,4257895,,2019-01-20,32817,0,ECOG 0,,,
600053,601145,600053,4257895,,2020-04-28,32817,0,ECOG 0,,,
600054,601186,600054,,,2021-09-13,32817,1,ECOG 1,,,
600055,601215,600055,4257895,,2019-03-15,32817,1,ECOG 1,,,
600056,601235,600056,4257895,,2024-04-09,32817,0,ECOG 0,,,
600057,601246,600057,4257895,,2019-06-07,32817,0,ECOG 0,,,
600058,601268,600058,4257895,,2022-11-28,32817,1,ECOG 1,,,
600059,601299,600059,4257895,,2023-03-27,32817,1,ECOG 1,,,
600060,601327,600060,4257895,,2021-12-11,32817,1,ECOG 1,,,
600061,601355,600061,4257895,,2023-10-09,32817,0,ECOG 0,,,
600062,601379,600062,4257895,,2019-02-02,32817,1,ECOG 1,,,
600063,601389,600063,4257895,,2022-07-09,32817,3,ECOG 3,,,
600064,601411,600064,4257895,,2024-03-02,32817,10001000,ECOG 3,,,
600065,601423,600065,4257895,,2019-01-27,32817,0,ECOG 0,,,
600066,601436,600066,4257895,,2019-05-29,32817,1,ECOG 1,,,
600067,601468,600067,4257895,,2020-06-28,32817,2,ECOG 2,,,
600068,601505,600068,4257895,,2019-02-28,32817,0,ECOG 0,,,
600069,601530,,4257895,,2020-09-29,32817,3,ECOG 3,,,
600070,601554,600070,4257895,,2020-09-19,32817,1,ECOG 1,,,
600071,601575,600071,4257895,,2024-09-08,32817,2,ECOG 2,,,
600072,601587,600072,4257895,,,32817,1,ECOG 1,,,
600073,601605,999999999,4257895,,2023-10-03,32817,0,ECOG 0,,,
600074,601622,600074,4257895,,2021-07-12,32817,0,ECOG 0,,,
600075,601646,600075,4257895,,2023-02-27,32817,1,ECOG 1,,,
600076,NOT_A_NUMBER,600076,4257895,,2022-08-22,32817,1,ECOG 1,,,
600077,601687,600077,4257895,,2023-05-25,32817,1,ECOG 1,,,
600078,601705,600078,4257895,,2024-04-13,32817,1,ECOG 1,,,
600079,601720,600079,4257895,,2023-12-20,32817,0,ECOG 0,,,
600080,601745,600080,4257895,,2022-04-23,32817,1,ECOG 1,,,
600081,601768,600081,4257895,,2023-01-17,32817,NOT_A_NUMBER,ECOG 1,,,
600082,601789,600082,4257895,,2024-10-19,32817,1,ECOG 1,,,
600083,601806,600083,4257895,,2023-06-08,32817,0,ECOG 0,,,
600084,601829,600084,NOT_A_NUMBER,,2022-09-27,32817,1,ECOG 1,,,
600085,601849,600085,4257895,,2019-08-17,32817,2,ECOG 2,,,
600086,601870,600086,4257895,,2024-10-10,32817,1,ECOG 1,,,
600087,601884,600087,4257895,,2024-07-10,32817,2,ECOG 2,,,
600088,601899,600088,4257895,,2023-05-28,32817,2,ECOG 2,,,
600089,601918,600089,4257895,,2024-03-06,32817,1,ECOG 1,,,
600090,601933,600090,4257895,,2022-09-10,32817,0,ECOG 0,,,
600091,601951,600091,4257895,,2021-01-15,32817,2,ECOG 2,,,
600092,601964,NOT_A_NUMBER,4257895,,2020-08-21,32817,1,ECOG 1,,,
600093,601993,600093,4257895,,2023-01-07,32817,1,ECOG 1,,,
600094,602017,600094,4257895,,2019-12-10,32817,1,ECOG 1,,,
600095,602045,600095,4257895,,2023-12-08,32817,1,ECOG 1,,,
600096,602063,600096,4257895,,2023-03-05,32817,0,ECOG 0,,,
600097,602072,600097,4257895,,2022-08-10,32817,0,ECOG 0,,,
600098,602091,600098,4257895,,2022-07-17,32817,0,ECOG 0,,,
600099,602113,600099,4257895,,2024-04-13,32817,1,ECOG 1,,,
600047,602138,600100,4257895,,2020-11-29,32817,1,ECOG 1,,,
