masld_event_id,person_id,visit_occurrence_id,event_date,mash_resolution_yn,fibrosis_improvement_yn,cirrhosis_yn,decompensation_event_yn,portal_hypertension_yn,esophageal_varices_yn,hcc_yn
400001,400001,400003,2022-01-14,0,0,0,0,,,0
400002,400001,400004,2022-07-15,0,0,0,0,,,0
400003,400001,400005,2023-01-13,0,1,0,0,,,0
400004,400001,400006,2023-07-14,0,0,0,0,,,0
400005,400001,400007,2024-01-12,0,0,0,0,,,0
400006,400001,400008,2024-07-12,0,0,0,0,,,0
400007,400001,400009,2025-01-10,0,0,0,0,,,0
400008,400001,400010,2025-07-11,0,0,0,0,,,0
400009,400002,400013,2023-02-17,0,0,0,0,,,0
400010,400002,400014,2023-08-18,0,0,0,0,,,0
400011,400002,400015,2024-02-16,1,0,0,0,,,0
400012,400002,400016,2024-08-16,0,0,0,0,,,0
400013,400002,400017,2025-02-14,0,0,0,0,,,0
400014,400002,400018,2025-08-15,0,0,0,0,,,0
400015,400002,400019,2026-02-13,1,0,0,0,,,0
400016,400003,400022,2021-01-14,0,0,0,0,,,0
400017,400003,400023,2021-07-15,0,0,0,0,,,0
400018,400003,400024,2022-01-13,0,0,0,0,,,0
400019,400003,400025,2022-07-14,0,0,0,0,,,0
400020,400003,400026,2023-01-12,0,0,0,0,,,0
400021,400003,400027,2023-07-13,0,1,0,0,,,0
400022,400003,400028,2024-01-11,0,0,0,0,,,0
400023,400004,400031,2020-04-12,0,0,1,0,,,0
400024,400004,400032,2020-10-11,0,0,1,0,,,0
400025,400004,400033,2021-04-11,0,0,1,0,,,0
400026,400004,400034,2021-10-10,0,0,1,0,,,0
400027,400004,400035,2022-04-10,0,0,1,0,,,0
400028,400004,400036,2022-10-09,0,1,1,0,,,0
400029,400004,400037,2023-04-09,0,0,1,0,,,0
400030,400004,400038,2023-10-08,0,0,1,0,,,0
400031,400005,400041,2021-06-26,0,0,0,0,,,0
400032,400005,400042,2021-12-25,0,0,0,0,,,0
400033,400005,400043,2022-06-25,0,0,0,0,,,0
400034,400005,400044,2022-12-24,0,0,0,0,,,0
400035,400005,400045,2023-06-24,0,0,0,0,,,0
400036,400006,400047,2021-03-22,0,0,0,0,,,0
400037,400006,400048,2021-09-20,0,0,0,0,,,0
400038,400006,400049,2022-03-21,0,0,0,0,,,0
400039,400006,400050,2022-09-19,1,0,0,0,,,0
400040,400006,400051,2023-03-20,0,0,0,0,,,0
400041,400006,400052,2023-09-18,0,0,0,0,,,0
400042,400007,400056,2019-10-04,0,0,1,0,,,0
400043,400007,400057,2020-04-03,0,1,1,0,,,0
400044,400007,400058,2020-10-02,0,0,1,0,,,0
400045,400007,400059,2021-04-02,0,0,1,0,,,0
400046,400007,400060,2021-10-01,0,0,1,0,,,0
400047,400007,400061,2022-04-01,0,0,1,0,,,0
400048,400008,400064,2020-03-01,0,0,0,0,,,0
400049,400008,400065,2020-08-30,0,1,0,0,,,0
400050,400008,400066,2021-02-28,0,0,0,0,,,0
400051,400008,400067,2021-08-29,0,0,0,0,,,0
400052,400008,400068,2022-02-27,0,0,0,0,,,0
400053,400008,400069,2022-08-28,0,0,0,0,,,0
400054,400008,400070,2023-02-26,0,0,0,0,,,0
400055,400008,400071,2023-08-27,0,0,0,0,,,0
400056,400009,400074,2023-06-08,0,0,0,0,,,0
400057,400009,400075,2023-12-07,0,0,0,0,,,0
400058,400009,400076,2024-06-06,0,0,0,0,,,0
400059,400009,400077,2024-12-05,0,0,0,0,,,0
400060,400010,400081,2019-10-01,0,0,0,0,,,0
400061,400010,400082,2020-03-31,0,0,0,0,,,0
400062,400010,400083,2020-09-29,0,0,0,0,,,0
400063,400010,400084,2021-03-30,0,0,0,0,,,0
400064,400011,400087,2022-11-20,0,0,0,0,,,0
400065,400011,400088,2023-05-21,0,0,0,0,,,0
400066,400011,400089,2023-11-19,0,0,0,0,,,0
400067,400012,400092,2020-03-09,0,0,0,0,,,0
400068,400012,400093,2020-09-07,0,0,0,0,,,0
400069,400012,400094,2021-03-08,0,0,0,0,,,0
400070,400012,400095,2021-09-06,0,0,0,0,,,0
400071,400012,400096,2022-03-07,0,0,0,0,,,0
400072,400012,400097,2022-09-05,0,0,0,0,,,0
400073,400012,400098,2023-03-06,0,0,0,0,,,0
400074,400013,400102,2020-10-03,0,0,0,0,,,0
400075,400013,400103,2021-04-03,0,0,0,0,,,0
400076,400013,400104,2021-10-02,0,0,0,0,,,0
400077,400013,400105,2022-04-02,0,0,0,0,,,0
400078,400013,400106,2022-10-01,0,0,0,0,,,0
400079,400014,400109,2022-08-26,0,0,0,0,,,0
400080,400014,400110,2023-02-24,0,0,0,0,,,0
400081,400014,400111,2023-08-25,0,0,0,0,,,0
400082,400015,400114,2020-06-29,0,0,0,0,,,0
400083,400015,400115,2020-12-28,0,0,0,0,,,0
400084,400015,400116,2021-06-28,1,0,0,0,,,0
400085,400016,400120,2020-10-07,0,0,0,0,,,0
400086,400016,400121,2021-04-07,0,0,0,0,,,0
400087,400016,400122,2021-10-06,0,0,0,0,,,0
400088,400016,400123,2022-04-06,0,0,0,0,,,0
400089,400016,400124,2022-10-05,0,0,0,0,,,0
400090,400016,400125,2023-04-05,0,0,0,0,,,0
400091,400017,400128,2021-11-04,0,1,0,0,,,0
400092,400017,400129,2022-05-05,0,1,0,0,,,0
400093,400017,400130,2022-11-03,0,0,0,0,,,0
400094,400017,400131,2023-05-04,0,0,0,0,,,0
400095,400017,400132,2023-11-02,0,0,0,0,,,0
400096,400017,400133,2024-05-02,0,0,0,0,,,0
400097,400017,400134,2024-10-31,0,0,0,0,,,0
400098,400017,400135,2025-05-01,0,0,0,0,,,0
400099,400018,400138,2022-02-08,0,0,0,0,,,0
400100,400018,400139,2022-08-09,0,0,0,0,,,0
400101,400018,400140,2023-02-07,0,0,0,0,,,0
400102,400018,400141,2023-08-08,0,0,0,0,,,0
400103,400019,400144,2022-03-27,0,1,0,0,,,0
400104,400019,400145,2022-09-25,0,0,0,0,,,0
400105,400019,400146,2023-03-26,0,0,0,0,,,0
400106,400019,400147,2023-09-24,0,0,0,0,,,0
400107,400020,400150,2019-11-29,0,0,1,0,,,0
400108,400020,400151,2020-05-29,0,0,1,0,,,0
400109,400020,400152,2020-11-27,0,0,1,0,,,0
400110,400021,400155,2023-06-18,0,0,0,0,,,0
400111,400021,400156,2023-12-17,0,0,0,0,,,0
400112,400021,400157,2024-06-16,0,0,0,0,,,0
400113,400022,400161,2022-01-02,0,0,0,0,,,0
400114,400022,400162,2022-07-03,0,0,0,0,,,0
400115,400022,400163,2023-01-01,0,0,0,0,,,0
400116,400022,400164,2023-07-02,0,0,0,0,,,0
400117,400022,400165,2023-12-31,0,0,0,0,,,0
400118,400022,400166,2024-06-30,0,0,0,0,,,0
400119,400023,400170,2022-02-04,0,0,0,0,,,0
400120,400023,400171,2022-08-05,0,0,0,0,,,0
400121,400023,400172,2023-02-03,0,1,0,0,,,0
400122,400024,400175,2021-05-02,0,0,0,0,,,0
400123,400024,400176,2021-10-31,0,0,0,0,,,0
400124,400024,400177,2022-05-01,0,0,0,0,,,0
400125,400024,400178,2022-10-30,0,0,0,0,,,0
400126,400025,400181,2020-12-29,0,0,0,0,,,0
400127,400025,400182,2021-06-29,0,1,0,0,,,0
400128,400025,400183,2021-12-28,0,0,0,0,,,0
400129,400025,400184,2022-06-28,0,0,0,0,,,0
400130,400025,400185,2022-12-27,0,1,0,0,,,0
400131,400025,400186,2023-06-27,0,1,0,0,,,0
400132,400025,400187,2023-12-26,0,0,0,0,,,0
400133,400025,400188,2024-06-25,0,0,0,0,,,0
400134,400026,400191,2023-05-19,0,1,1,0,,,0
400135,400026,400192,2023-11-17,0,0,1,0,,,0
400136,400026,400193,2024-05-17,0,0,1,0,,,0
400137,400027,400196,2023-06-09,0,0,1,0,,,0
400138,400027,400197,2023-12-08,0,1,1,0,,,0
400139,400027,400198,2024-06-07,0,0,1,0,,,0
400140,400027,400199,2024-12-06,0,0,1,0,,,0
400141,400027,400200,2025-06-06,0,0,1,0,,,0
400142,400028,400203,2022-07-22,0,0,0,0,,,0
400143,400028,400204,2023-01-20,0,0,0,0,,,0
400144,400028,400205,2023-07-21,0,1,0,0,,,0
400145,400028,400206,2024-01-19,0,1,0,0,,,0
400146,400029,400209,2023-03-28,0,0,0,0,,,0
400147,400029,400210,2023-09-26,0,0,0,0,,,0
400148,400029,400211,2024-03-26,0,0,0,0,,,0
400149,400030,400215,2022-12-11,0,0,0,0,,,0
400150,400030,400216,2023-06-11,0,1,0,0,,,0
400151,400030,400217,2023-12-10,1,1,0,0,,,0
400152,400030,400218,2024-06-09,0,0,0,0,,,0
400153,400030,400219,2024-12-08,1,0,0,0,,,0
400154,400030,400220,2025-06-08,0,0,0,0,,,0
400155,400031,400223,2022-12-27,0,0,0,0,,,0
400156,400031,400224,2023-06-27,0,0,0,0,,,0
400157,400031,400225,2023-12-26,0,1,0,0,,,0
400158,400031,400226,2024-06-25,0,0,0,0,,,0
400159,400031,400227,2024-12-24,0,0,0,0,,,0
400160,400031,400228,2025-06-24,0,0,0,0,,,0
400161,400031,400229,2025-12-23,0,0,0,0,,,0
400162,400032,400232,2020-08-16,0,0,0,0,,,0
400163,400032,400233,2021-02-14,0,0,0,0,,,0
400164,400032,400234,2021-08-15,1,1,0,0,,,0
400165,400033,400238,2020-10-25,0,0,0,0,,,0
400166,400033,400239,2021-04-25,0,0,0,0,,,0
400167,400033,400240,2021-10-24,0,0,0,0,,,0
400168,400033,400241,2022-04-24,0,0,0,0,,,0
400169,400033,400242,2022-10-23,0,1,0,0,,,0
400170,400033,400243,2023-04-23,0,0,0,0,,,0
400171,400033,400244,2023-10-22,0,0,0,0,,,0
400172,400034,400247,2021-04-01,0,0,0,0,,,0
400173,400034,400248,2021-09-30,0,0,0,0,,,0
400174,400034,400249,2022-03-31,0,1,0,0,,,0
400175,400034,400250,2022-09-29,0,0,0,0,,,0
400176,400034,400251,2023-03-30,0,0,0,0,,,0
400177,400034,400252,2023-09-28,0,0,0,0,,,0
400178,400035,400255,2021-08-18,0,0,0,0,,,0
400179,400035,400256,2022-02-16,0,0,0,0,,,0
400180,400035,400257,2022-08-17,0,0,0,0,,,0
400181,400035,400258,2023-02-15,0,0,0,0,,,0
400182,400035,400259,2023-08-16,0,0,0,0,,,0
400183,400035,400260,2024-02-14,0,0,0,0,,,0
400184,400036,400263,2022-09-03,0,0,1,0,,,0
400185,400036,400264,2023-03-04,0,0,1,0,,,0
400186,400036,400265,2023-09-02,0,1,1,0,,,0
400187,400036,400266,2024-03-02,0,0,1,0,,,0
400188,400036,400267,2024-08-31,0,0,1,0,,,0
400189,400036,400268,2025-03-01,0,0,1,0,,,0
400190,400036,400269,2025-08-30,0,0,1,0,,,0
400191,400037,400273,2022-09-23,1,0,0,0,,,0
400192,400037,400274,2023-03-24,1,0,0,0,,,0
400193,400037,400275,2023-09-22,0,0,0,0,,,0
400194,400037,400276,2024-03-22,0,0,0,0,,,0
400195,400037,400277,2024-09-20,0,0,0,0,,,0
400196,400037,400278,2025-03-21,0,1,0,0,,,0
400197,400038,400281,2021-01-16,0,0,0,0,,,0
400198,400038,400282,2021-07-17,0,0,0,0,,,0
400199,400038,400283,2022-01-15,0,0,0,0,,,0
400200,400039,400286,2021-02-23,0,0,0,0,,,0
400201,400039,400287,2021-08-24,0,0,0,0,,,0
400202,400039,400288,2022-02-22,0,0,0,0,,,0
400203,400039,400289,2022-08-23,0,0,1,0,,,0
400204,400039,400290,2023-02-21,0,0,1,0,,,0
400205,400039,400291,2023-08-22,0,0,1,0,,,0
400206,400039,400292,2024-02-20,0,0,1,0,,,0
400207,400039,400293,2024-08-20,0,0,1,1,,,0
400208,400040,400296,2023-06-14,0,0,1,0,,,0
400209,400040,400297,2023-12-13,0,0,1,0,,,0
400210,400040,400298,2024-06-12,0,0,1,0,,,0
400211,400041,400301,2020-02-11,0,0,0,0,,,0
400212,400041,400302,2020-08-11,0,0,0,0,,,0
400213,400041,400303,2021-02-09,0,0,0,0,,,0
400214,400042,400306,2020-11-16,0,0,0,0,,,0
400215,400042,400307,2021-05-17,0,0,0,0,,,0
400216,400042,400308,2021-11-15,0,0,0,0,,,0
400217,400043,400312,2022-01-16,0,0,0,0,,,0
400218,400043,400313,2022-07-17,0,1,0,0,,,0
400219,400043,400314,2023-01-15,0,0,0,0,,,0
400220,400043,400315,2023-07-16,0,0,0,0,,,0
400221,400043,400316,2024-01-14,0,0,0,0,,,0
400222,400043,400317,2024-07-14,0,0,0,0,,,0
400223,400043,400318,2025-01-12,0,0,0,0,,,0
400224,400044,400322,2020-08-09,0,0,0,0,,,0
400225,400044,400323,2021-02-07,0,0,0,0,,,0
400226,400044,400324,2021-08-08,0,0,0,0,,,0
400227,400044,400325,2022-02-06,0,1,0,0,,,0
400228,400044,400326,2022-08-07,0,1,0,0,,,0
400229,400045,400329,2022-02-28,0,1,0,0,,,0
400230,400045,400330,2022-08-29,0,0,0,0,,,0
400231,400045,400331,2023-02-27,0,0,0,0,,,0
400232,400046,400335,2021-12-20,0,0,0,0,,,0
400233,400046,400336,2022-06-20,0,1,0,0,,,0
400234,400046,400337,2022-12-19,0,0,0,0,,,0
400235,400046,400338,2023-06-19,0,0,0,0,,,0
400236,400046,400339,2023-12-18,0,0,0,0,,,0
400237,400046,400340,2024-06-17,0,0,0,0,,,0
400238,400046,400341,2024-12-16,0,0,0,0,,,0
400239,400046,400342,2025-06-16,0,1,0,0,,,0
400240,400047,400345,2021-05-24,0,0,0,0,,,0
400241,400047,400346,2021-11-22,0,0,0,0,,,0
400242,400047,400347,2022-05-23,0,0,0,0,,,0
400243,400047,400348,2022-11-21,0,0,0,0,,,0
400244,400047,400349,2023-05-22,0,1,0,0,,,0
400245,400047,400350,2023-11-20,0,0,0,0,,,0
400246,400047,400351,2024-05-20,0,0,0,0,,,0
400247,400048,400354,2022-04-04,1,0,0,0,,,0
400248,400048,400355,2022-10-03,0,1,0,0,,,0
400249,400048,400356,2023-04-03,0,0,0,0,,,0
400250,400048,400357,2023-10-02,0,0,0,0,,,0
400251,400048,400358,2024-04-01,0,0,0,0,,,0
400252,400048,400359,2024-09-30,0,0,0,0,,,0
400253,400048,400360,2025-03-31,0,1,0,0,,,0
400254,400049,400364,2020-01-19,0,0,0,0,,,0
400255,400049,400365,2020-07-19,0,0,0,0,,,0
400256,400049,400366,2021-01-17,0,1,0,0,,,0
400257,400049,400367,2021-07-18,0,1,0,0,,,0
400258,400049,400368,2022-01-16,0,0,0,0,,,0
400259,400049,400369,2022-07-17,0,0,0,0,,,0
400260,400049,400370,2023-01-15,0,0,0,0,,,0
400261,400050,400373,2020-04-22,0,0,0,0,,,0
400262,400050,400374,2020-10-21,0,1,0,0,,,0
400263,400050,400375,2021-04-21,0,0,0,0,,,0
400264,400050,400376,2021-10-20,0,0,0,0,,,0
400265,400050,400377,2022-04-20,0,0,0,0,,,0
400266,400050,400378,2022-10-19,0,1,0,0,,,0
400267,400051,400381,2022-09-02,0,0,0,0,,,0
400268,400051,400382,2023-03-03,0,0,0,0,,,0
400269,400051,400383,2023-09-01,0,0,0,0,,,0
400270,400051,400384,2024-03-01,0,0,0,0,,,0
400271,400051,400385,2024-08-30,0,1,0,0,,,0
400272,400051,400386,2025-02-28,0,1,0,0,,,0
400273,400051,400387,2025-08-29,0,0,0,0,,,0
400274,400051,400388,2026-02-27,0,0,0,0,,,0
400275,400052,400392,2022-08-19,0,0,0,0,,,0
400276,400052,400393,2023-02-17,0,0,0,0,,,0
400277,400052,400394,2023-08-18,1,0,0,0,,,0
400278,400052,400395,2024-02-16,0,1,0,0,,,0
400279,400052,400396,2024-08-16,0,0,0,0,,,0
400280,400052,400397,2025-02-14,0,0,0,0,,,0
400281,400052,400398,2025-08-15,0,0,0,0,,,0
400282,400052,400399,2026-02-13,0,0,0,0,,,0
400283,400053,400402,2019-07-24,0,0,0,0,,,0
400284,400053,400403,2020-01-22,0,0,1,1,,,0
400285,400053,400404,2020-07-22,0,0,1,1,,,0
400286,400053,400405,2021-01-20,0,0,1,0,,,0
400287,400054,400408,2022-09-10,0,0,0,0,,,0
400288,400054,400409,2023-03-11,0,0,0,0,,,0
400289,400054,400410,2023-09-09,0,0,0,0,,,0
400290,400054,400411,2024-03-09,0,0,0,0,,,0
400291,400054,400412,2024-09-07,0,0,0,0,,,0
400292,400054,400413,2025-03-08,0,0,0,0,,,0
400293,400054,400414,2025-09-06,0,0,0,0,,,0
400294,400054,400415,2026-03-07,0,0,0,0,,,0
400295,400055,400419,2020-07-11,0,0,0,0,,,0
400296,400055,400420,2021-01-09,0,1,0,0,,,0
400297,400055,400421,2021-07-10,0,0,0,0,,,0
400298,400055,400422,2022-01-08,0,0,0,0,,,0
400299,400055,400423,2022-07-09,0,0,0,0,,,0
400300,400055,400424,2023-01-07,0,0,0,0,,,0
400301,400055,400425,2023-07-08,0,0,0,0,,,0
400302,400056,400429,2019-07-21,0,0,0,0,,,0
400303,400056,400430,2020-01-19,0,1,0,0,,,0
400304,400056,400431,2020-07-19,0,0,0,0,,,0
400305,400056,400432,2021-01-17,0,0,0,0,,,0
400306,400056,400433,2021-07-18,0,0,0,0,,,0
400307,400057,400437,2020-11-06,0,0,0,0,,,0
400308,400057,400438,2021-05-07,0,0,0,0,,,0
400309,400057,400439,2021-11-05,0,0,0,0,,,0
400310,400057,400440,2022-05-06,0,0,0,0,,,0
400311,400057,400441,2022-11-04,0,0,0,0,,,0
400312,400058,400444,2023-06-10,0,0,0,0,,,0
400313,400058,400445,2023-12-09,0,0,0,0,,,0
400314,400058,400446,2024-06-08,0,0,0,0,,,0
400315,400058,400447,2024-12-07,0,1,0,0,,,0
400316,400058,400448,2025-06-07,0,0,0,0,,,0
400317,400058,400449,2025-12-06,0,0,0,0,,,0
400318,400058,400450,2026-06-06,0,0,0,0,,,0
400319,400059,400453,2020-05-31,0,0,0,0,,,0
400320,400059,400454,2020-11-29,0,0,0,0,,,0
400321,400059,400455,2021-05-30,0,0,0,0,,,0
400322,400060,400458,2021-09-19,0,1,0,0,,,0
400323,400060,400459,2022-03-20,0,0,0,0,,,0
400324,400060,400460,2022-09-18,0,1,0,0,,,0
400325,400060,400461,2023-03-19,0,0,0,0,,,0
400326,400060,400462,2023-09-17,0,0,0,0,,,0
400327,400060,400463,2024-03-17,0,0,0,0,,,0
400328,400060,400464,2024-09-15,0,0,0,0,,,0
400329,400060,400465,2025-03-16,0,0,0,0,,,0
400330,400061,400469,2022-02-07,0,0,0,0,,,0
400331,400061,400470,2022-08-08,0,0,0,0,,,0
400332,400061,400471,2023-02-06,0,1,0,0,,,0
400333,400061,400472,2023-08-07,0,0,0,0,,,0
400334,400062,400475,2020-06-09,0,0,0,0,,,0
400335,400062,400476,2020-12-08,0,0,0,0,,,0
400336,400062,400477,2021-06-08,0,0,1,0,,,0
400337,400062,400478,2021-12-07,0,0,1,0,,,0
400338,400063,400481,2021-10-07,0,0,0,0,,,0
400339,400063,400482,2022-04-07,0,0,0,0,,,0
400340,400063,400483,2022-10-06,1,1,0,0,,,0
400341,400064,400485,2020-07-08,0,0,0,0,,,0
400342,400064,400486,2021-01-06,0,0,0,0,,,0
400343,400064,400487,2021-07-07,0,0,0,0,,,0
400344,400064,400488,2022-01-05,0,0,0,0,,,0
400345,400064,400489,2022-07-06,0,0,0,0,,,0
400346,400064,400490,2023-01-04,0,0,0,0,,,0
400347,400065,400494,2020-10-11,0,0,0,0,,,0
400348,400065,400495,2021-04-11,0,1,0,0,,,0
400349,400065,400496,2021-10-10,0,1,0,0,,,0
400350,400065,400497,2022-04-10,0,1,0,0,,,0
400351,400065,400498,2022-10-09,0,0,0,0,,,0
400352,400065,400499,2023-04-09,0,0,0,0,,,0
400353,400065,400500,2023-10-08,0,0,0,0,,,0
400354,400065,400501,2024-04-07,0,0,0,0,,,0
400355,400066,400504,2020-12-04,0,0,0,0,,,0
400356,400066,400505,2021-06-04,0,0,0,0,,,0
400357,400066,400506,2021-12-03,0,0,0,0,,,0
400358,400066,400507,2022-06-03,0,0,0,0,,,0
400359,400066,400508,2022-12-02,0,0,0,0,,,0
400360,400067,400511,2021-11-28,0,0,0,0,,,0
400361,400067,400512,2022-05-29,0,0,0,0,,,0
400362,400067,400513,2022-11-27,0,0,0,0,,,0
400363,400067,400514,2023-05-28,0,0,0,0,,,0
400364,400067,400515,2023-11-26,0,1,0,0,,,0
400365,400067,400516,2024-05-26,0,0,0,0,,,0
400366,400068,400519,2021-10-14,0,0,0,0,,,0
400367,400068,400520,2022-04-14,0,0,0,0,,,0
400368,400068,400521,2022-10-13,0,0,0,0,,,0
400369,400069,400523,2020-10-09,0,0,0,0,,,0
400370,400069,400524,2021-04-09,0,0,0,0,,,0
400371,400069,400525,2021-10-08,0,1,0,0,,,0
400372,400069,400526,2022-04-08,0,0,0,0,,,0
400373,400069,400527,2022-10-07,0,1,0,0,,,0
400374,400069,400528,2023-04-07,1,0,0,0,,,0
400375,400069,400529,2023-10-06,0,0,0,0,,,0
400376,400070,400533,2021-10-19,0,1,0,0,,,0
400377,400070,400534,2022-04-19,0,0,0,0,,,0
400378,400070,400535,2022-10-18,0,0,0,0,,,0
400379,400071,400538,2020-10-17,0,0,0,0,,,0
400380,400071,400539,2021-04-17,0,0,0,0,,,0
400381,400071,400540,2021-10-16,0,0,0,0,,,0
400382,400071,400541,2022-04-16,0,0,0,0,,,0
400383,400072,400545,2022-04-30,0,1,1,0,,,0
400384,400072,400546,2022-10-29,0,0,1,0,,,0
400385,400072,400547,2023-04-29,0,0,1,0,,,0
400386,400072,400548,2023-10-28,0,0,1,0,,,0
400387,400072,400549,2024-04-27,0,0,1,0,,,0
400388,400072,400550,2024-10-26,0,0,1,0,,,0
400389,400073,400554,2022-04-08,0,0,0,0,,,0
400390,400073,400555,2022-10-07,0,0,0,0,,,0
400391,400073,400556,2023-04-07,0,0,0,0,,,0
400392,400073,400557,2023-10-06,0,0,0,0,,,0
400393,400073,400558,2024-04-05,0,1,0,0,,,0
400394,400073,400559,2024-10-04,0,0,0,0,,,0
400395,400074,400562,2021-12-22,1,0,0,0,,,0
400396,400074,400563,2022-06-22,1,0,0,0,,,0
400397,400074,400564,2022-12-21,0,0,0,0,,,0
400398,400074,400565,2023-06-21,1,0,0,0,,,0
400399,400074,400566,2023-12-20,0,0,0,0,,,0
400400,400075,400570,2019-09-16,0,0,0,0,,,0
400401,400075,400571,2020-03-16,0,1,0,0,,,0
400402,400075,400572,2020-09-14,0,0,0,0,,,0
400403,400075,400573,2021-03-15,0,0,0,0,,,0
400404,400075,400574,2021-09-13,0,0,0,0,,,0
400405,400075,400575,2022-03-14,0,0,0,0,,,0
400406,400076,400578,2022-03-19,0,0,0,0,,,0
400407,400076,400579,2022-09-17,0,0,0,0,,,0
400408,400076,400580,2023-03-18,0,0,0,0,,,0
400409,400076,400581,2023-09-16,0,0,0,0,,,0
400410,400076,400582,2024-03-16,0,0,0,0,,,0
400411,400076,400583,2024-09-14,0,0,0,0,,,0
400412,400076,400584,2025-03-15,0,0,0,0,,,0
400413,400077,400588,2020-12-31,0,0,0,0,,,0
400414,400077,400589,2021-07-01,0,0,0,0,,,0
400415,400077,400590,2021-12-30,0,0,0,0,,,0
400416,400077,400591,2022-06-30,1,1,0,0,,,0
400417,400077,400592,2022-12-29,0,0,0,0,,,0
400418,400078,400596,2020-10-07,0,0,0,0,,,0
400419,400078,400597,2021-04-07,0,0,0,0,,,0
400420,400078,400598,2021-10-06,0,1,0,0,,,0
400421,400078,400599,2022-04-06,0,0,0,0,,,0
400422,400078,400600,2022-10-05,0,0,0,0,,,0
400423,400078,400601,2023-04-05,0,0,0,0,,,0
400424,400078,400602,2023-10-04,0,0,0,0,,,0
400425,400079,400606,2023-03-16,0,1,0,0,,,0
400426,400079,400607,2023-09-14,0,0,0,0,,,0
400427,400079,400608,2024-03-14,1,0,0,0,,,0
400428,400079,400609,2024-09-12,0,0,0,0,,,0
400429,400080,400612,2022-07-16,0,1,0,0,,,0
400430,400080,400613,2023-01-14,0,0,1,0,,,0
400431,400080,400614,2023-07-15,0,0,1,0,,,0
400432,400081,400616,2023-02-15,0,0,0,0,,,0
400433,400081,400617,2023-08-16,0,0,0,0,,,0
400434,400081,400618,2024-02-14,0,0,0,0,,,0
400435,400081,400619,2024-08-14,0,0,0,0,,,0
400436,400081,400620,2025-02-12,0,0,0,0,,,0
400437,400081,400621,2025-08-13,0,0,0,0,,,0
400438,400081,400622,2026-02-11,0,0,0,0,,,0
400439,400082,400625,2022-02-25,0,1,0,0,,,0
400440,400082,400626,2022-08-26,0,0,0,0,,,0
400441,400082,400627,2023-02-24,0,0,0,0,,,0
400442,400082,400628,2023-08-25,0,0,0,0,,,0
400443,400082,400629,2024-02-23,0,0,0,0,,,0
400444,400082,400630,2024-08-23,0,0,0,0,,,0
400445,400082,400631,2025-02-21,0,0,0,0,,,0
400446,400082,400632,2025-08-22,0,0,0,0,,,0
400447,400083,400634,2020-09-11,0,0,0,0,,,0
400448,400083,400635,2021-03-12,0,0,0,0,,,0
400449,400083,400636,2021-09-10,0,0,0,0,,,0
400450,400083,400637,2022-03-11,0,0,0,0,,,0
400451,400083,400638,2022-09-09,0,0,0,0,,,0
400452,400083,400639,2023-03-10,0,0,0,0,,,0
400453,400084,400642,2021-09-11,0,0,0,0,,,0
400454,400084,400643,2022-03-12,0,0,0,0,,,0
400455,400084,400644,2022-09-10,0,0,0,0,,,0
400456,400084,400645,2023-03-11,0,0,0,0,,,0
400457,400084,400646,2023-09-09,0,0,0,0,,,0
400458,400085,400649,2020-05-24,1,0,0,0,,,0
400459,400085,400650,2020-11-22,0,0,0,0,,,0
400460,400085,400651,2021-05-23,0,0,0,0,,,0
400461,400085,400652,2021-11-21,0,0,0,0,,,0
400462,400086,400655,2019-09-08,0,0,0,0,,,0
400463,400086,400656,2020-03-08,0,0,0,0,,,0
400464,400086,400657,2020-09-06,0,0,0,0,,,0
400465,400087,400660,2019-09-03,0,1,0,0,,,0
400466,400087,400661,2020-03-03,0,0,0,0,,,0
400467,400087,400662,2020-09-01,0,0,0,0,,,0
400468,400087,400663,2021-03-02,0,0,0,0,,,0
400469,400088,400667,2020-09-22,0,0,1,1,,,0
400470,400088,400668,2021-03-23,0,0,1,0,,,0
400471,400088,400669,2021-09-21,0,0,1,0,,,0
400472,400088,400670,2022-03-22,0,0,1,0,,,0
400473,400088,400671,2022-09-20,0,1,1,0,,,0
400474,400089,400675,2020-07-31,0,0,0,0,,,0
400475,400089,400676,2021-01-29,0,0,0,0,,,0
400476,400089,400677,2021-07-30,0,0,0,0,,,0
400477,400089,400678,2022-01-28,0,0,0,0,,,0
400478,400089,400679,2022-07-29,0,0,0,0,,,0
400479,400089,400680,2023-01-27,0,0,0,0,,,0
400480,400089,400681,2023-07-28,0,0,0,0,,,0
400481,400090,400684,2022-10-18,0,0,0,0,,,0
400482,400090,400685,2023-04-18,0,0,0,0,,,0
400483,400090,400686,2023-10-17,0,0,0,0,,,0
400484,400091,400689,2020-12-02,0,0,0,0,,,0
400485,400091,400690,2021-06-02,0,0,0,0,,,0
400486,400091,400691,2021-12-01,0,0,0,0,,,0
400487,400091,400692,2022-06-01,0,0,0,0,,,0
400488,400091,400693,2022-11-30,0,0,0,0,,,0
400489,400091,400694,2023-05-31,0,0,0,0,,,0
400490,400091,400695,2023-11-29,0,0,0,0,,,0
400491,400092,400699,2019-09-06,0,0,0,0,,,0
400492,400092,400700,2020-03-06,0,0,0,0,,,0
400493,400092,400701,2020-09-04,0,0,0,0,,,0
400494,400092,400702,2021-03-05,0,0,0,0,,,0
400495,400092,400703,2021-09-03,0,1,0,0,,,0
400496,400092,400704,2022-03-04,0,0,0,0,,,0
400497,400093,400706,2023-03-28,0,1,0,0,,,0
400498,400093,400707,2023-09-26,0,0,0,0,,,0
400499,400093,400708,2024-03-26,0,0,0,0,,,0
400500,400093,400709,2024-09-24,0,1,0,0,,,0
400501,400093,400710,2025-03-25,0,0,0,0,,,0
400502,400093,400711,2025-09-23,0,0,0,0,,,0
400503,400093,400712,2026-03-24,0,0,0,0,,,0
400504,400094,400716,2019-07-06,0,0,1,0,,,0
400505,400094,400717,2020-01-04,0,0,1,0,,,0
400506,400094,400718,2020-07-04,0,0,1,0,,,0
400507,400094,400719,2021-01-02,0,0,1,0,,,0
400508,400094,400720,2021-07-03,0,0,1,0,,,0
400509,400094,400721,2022-01-01,0,1,1,0,,,0
400510,400094,400722,2022-07-02,0,1,1,0,,,0
400511,400095,400725,2021-03-15,0,0,0,0,,,0
400512,400095,400726,2021-09-13,0,1,0,0,,,0
400513,400095,400727,2022-03-14,0,0,0,0,,,0
400514,400096,400730,2020-07-12,0,0,0,0,,,0
400515,400096,400731,2021-01-10,0,1,0,0,,,0
400516,400096,400732,2021-07-11,0,0,0,0,,,0
400517,400096,400733,2022-01-09,0,0,0,0,,,0
400518,400097,400736,2023-03-17,0,0,0,0,,,0
400519,400097,400737,2023-09-15,0,0,0,0,,,0
400520,400097,400738,2024-03-15,0,0,0,0,,,0
400521,400097,400739,2024-09-13,0,1,0,0,,,0
400522,400097,400740,2025-03-14,0,0,0,0,,,0
400523,400098,400742,2020-04-19,0,0,0,0,,,0
400524,400098,400743,2020-10-18,0,0,0,0,,,0
400525,400098,400744,2021-04-18,0,0,0,0,,,0
400526,400098,400745,2021-10-17,0,0,0,0,,,0
400527,400098,400746,2022-04-17,0,0,0,0,,,0
400528,400098,400747,2022-10-16,0,0,0,0,,,0
400529,400098,400748,2023-04-16,0,0,0,0,,,0
400530,400099,400751,2022-10-28,0,0,0,0,,,0
400531,400099,400752,2023-04-28,0,0,0,0,,,0
400532,400099,400753,2023-10-27,0,0,0,0,,,0
400533,400099,400754,2024-04-26,0,0,0,0,,,0
400534,400099,400755,2024-10-25,0,0,0,0,,,0
400535,400100,400758,2021-07-20,0,0,0,0,,,0
400536,400100,400759,2022-01-18,0,0,0,0,,,0
400537,400100,400760,2022-07-19,0,0,0,0,,,0
400538,400100,400761,2023-01-17,0,0,0,0,,,0
400539,400100,400762,2023-07-18,0,0,0,0,,,0
400540,400100,400763,2024-01-16,1,0,1,0,,,0
400541,400100,400764,2024-07-16,0,0,1,0,,,0
