observation_id,visit_occurrence_id,person_id,observation_concept_id,observation_date,observation_type_concept_id,value_as_number,value_as_string,unit_concept_id
400001,400001,400001,4275495,2021-10-08,32817,,Never smoker,
400002,400001,400001,4083515,2021-10-08,32817,,"Lifestyle counselling: weight loss 7-10%, Mediterranean diet",
400003,400002,400001,4083515,2021-11-06,32817,,Lifestyle counselling reinforced,
400004,400004,400001,4083515,2022-04-08,32817,,Lifestyle counselling; weight 69.9 kg,
400005,400006,400001,4083515,2022-10-25,32817,,Lifestyle counselling; weight 69.3 kg,
400006,400008,400001,4083515,2023-04-17,32817,,Lifestyle counselling; weight 68.2 kg,
400007,400010,400001,4083515,2023-10-04,32817,,Lifestyle counselling; weight 67.8 kg,
400008,400012,400001,4083515,2024-03-27,32817,,Lifestyle counselling; weight 66.8 kg,
400009,400014,400001,4083515,2024-10-10,32817,,Lifestyle counselling; weight 66.3 kg,
400010,400016,400001,4083515,2025-04-09,32817,,Lifestyle counselling; weight 65.2 kg,
400011,400018,400001,4083515,2025-10-20,32817,,Lifestyle counselling; weight 64.6 kg,
400012,400020,400001,4083515,2026-04-26,32817,,Lifestyle counselling; weight 63.9 kg,
400013,400022,400002,4275495,2019-05-10,32817,,Current smoker,
400014,400022,400002,4083515,2019-05-10,32817,,"Lifestyle counselling: weight loss 7-10%, Mediterranean diet",
400015,400023,400002,4083515,2019-06-09,32817,,Lifestyle counselling reinforced,
400016,400025,400002,4083515,2019-11-18,32817,,Lifestyle counselling; weight 68.5 kg,
400017,400027,400002,4083515,2020-05-14,32817,,Lifestyle counselling; weight 69.2 kg,
400018,400029,400002,4083515,2020-11-19,32817,,Lifestyle counselling; weight 70.0 kg,
400019,400031,400002,4083515,2021-05-19,32817,,Lifestyle counselling; weight 70.7 kg,
400020,400033,400003,4275495,2023-11-02,32817,,Never smoker,
400021,400033,400003,4083515,2023-11-02,32817,,"Lifestyle counselling: weight loss 7-10%, Mediterranean diet",
400022,400034,400003,4083515,2023-11-30,32817,,Lifestyle counselling reinforced,
400023,400036,400003,4083515,2024-05-13,32817,,Lifestyle counselling; weight 90.8 kg,
400024,400038,400003,4083515,2024-11-26,32817,,Lifestyle counselling; weight 89.8 kg,
400025,400040,400003,4083515,2025-06-10,32817,,Lifestyle counselling; weight 89.0 kg,
400026,400042,400003,4083515,2025-12-15,32817,,Lifestyle counselling; weight 88.0 kg,
400027,400044,400004,4275495,2024-08-27,32817,,Never smoker,
400028,400044,400004,4083515,2024-08-27,32817,,"Lifestyle counselling: weight loss 7-10%, Mediterranean diet",
400029,400045,400004,4083515,2024-09-28,32817,,Lifestyle counselling reinforced,
400030,400046,400004,4083515,2025-02-20,32817,,Lifestyle counselling; weight 62.9 kg,
400031,400047,400004,4083515,2025-08-13,32817,,Lifestyle counselling; weight 62.3 kg,
400032,400048,400004,4083515,2026-02-05,32817,,Lifestyle counselling; weight 61.4 kg,
400033,400049,400004,4083515,2026-07-31,32817,,Lifestyle counselling; weight 60.4 kg,
400034,400050,400005,4275495,2022-09-14,32817,,Never smoker,
400035,400050,400005,4083515,2022-09-14,32817,,"Lifestyle counselling: weight loss 7-10%, Mediterranean diet",
400036,400051,400005,4083515,2022-10-19,32817,,Lifestyle counselling reinforced,
400037,400052,400005,4083515,2023-03-21,32817,,Lifestyle counselling; weight 84.4 kg,
400038,400053,400005,4083515,2023-10-06,32817,,Lifestyle counselling; weight 85.0 kg,
400039,400054,400005,4083515,2024-04-03,32817,,Lifestyle counselling; weight 85.4 kg,
400040,400055,400005,4083515,2024-10-02,32817,,Lifestyle counselling; weight 85.3 kg,
400041,400056,400005,4083515,2025-04-20,32817,,Lifestyle counselling; weight 85.2 kg,
400042,400057,400005,4083515,2025-11-02,32817,,Lifestyle counselling; weight 85.4 kg,
400043,400058,400006,4275495,2021-06-18,32817,,Never smoker,
400044,400058,400006,4083515,2021-06-18,32817,,"Lifestyle counselling: weight loss 7-10%, Mediterranean diet",
400045,400059,400006,4083515,2021-07-19,32817,,Lifestyle counselling reinforced,
400046,400061,400006,4083515,2021-12-13,32817,,Lifestyle counselling; weight 95.3 kg,
400047,400063,400006,4083515,2022-06-02,32817,,Lifestyle counselling; weight 95.4 kg,
400048,400065,400006,4083515,2022-11-24,32817,,Lifestyle counselling; weight 94.9 kg,
400049,400067,400006,4083515,2023-05-28,32817,,Lifestyle counselling; weight 94.6 kg,
400050,400069,400007,4275495,2024-07-01,32817,,Never smoker,
400051,400069,400007,4083515,2024-07-01,32817,,"Lifestyle counselling: weight loss 7-10%, Mediterranean diet",
400052,400070,400007,4083515,2024-08-01,32817,,Lifestyle counselling reinforced,
400053,400072,400007,4083515,2024-12-20,32817,,Lifestyle counselling; weight 89.1 kg,
400054,400074,400007,4083515,2025-07-01,32817,,Lifestyle counselling; weight 88.8 kg,
400055,400076,400007,4083515,2025-12-29,32817,,Lifestyle counselling; weight 88.1 kg,
400056,400078,400007,4083515,2026-06-28,32817,,Lifestyle counselling; weight 87.3 kg,
400057,400079,400008,4275495,2024-06-11,32817,,Never smoker,
400058,400079,400008,4083515,2024-06-11,32817,,"Lifestyle counselling: weight loss 7-10%, Mediterranean diet",
400059,400080,400008,4083515,2024-07-14,32817,,Lifestyle counselling reinforced,
400060,400081,400008,4083515,2024-12-07,32817,,Lifestyle counselling; weight 70.4 kg,
400061,400082,400008,4083515,2025-06-17,32817,,Lifestyle counselling; weight 71.1 kg,
400062,400083,400008,4083515,2025-12-25,32817,,Lifestyle counselling; weight 71.1 kg,
400063,400084,400008,4083515,2026-06-25,32817,,Lifestyle counselling; weight 70.9 kg,
400064,400085,400009,4275495,2023-07-31,32817,,Current smoker,
400065,400085,400009,4083515,2023-07-31,32817,,"Lifestyle counselling: weight loss 7-10%, Mediterranean diet",
400066,400086,400009,4083515,2023-08-31,32817,,Lifestyle counselling reinforced,
400067,400088,400009,4083515,2024-02-09,32817,,Lifestyle counselling; weight 98.0 kg,
400068,400090,400009,4083515,2024-08-25,32817,,Lifestyle counselling; weight 97.6 kg,
400069,400092,400009,4083515,2025-02-11,32817,,Lifestyle counselling; weight 97.2 kg,
400070,400094,400009,4083515,2025-08-16,32817,,Lifestyle counselling; weight 96.0 kg,
400071,400096,400009,4083515,2026-02-16,32817,,Lifestyle counselling; weight 95.0 kg,
400072,400098,400010,4275495,2023-05-30,32817,,Never smoker,
400073,400098,400010,4083515,2023-05-30,32817,,"Lifestyle counselling: weight loss 7-10%, Mediterranean diet",
400074,400099,400010,4083515,2023-06-29,32817,,Lifestyle counselling reinforced,
400075,400101,400010,4083515,2023-11-27,32817,,Lifestyle counselling; weight 68.6 kg,
400076,400103,400010,4083515,2024-05-18,32817,,Lifestyle counselling; weight 68.0 kg,
400077,400105,400010,4083515,2024-11-05,32817,,Lifestyle counselling; weight 67.3 kg,
400078,400107,400010,4083515,2025-05-08,32817,,Lifestyle counselling; weight 66.7 kg,
400079,400109,400010,4083515,2025-11-12,32817,,Lifestyle counselling; weight 66.1 kg,
400080,400111,400010,4083515,2026-05-13,32817,,Lifestyle counselling; weight 65.2 kg,
400081,400113,400011,4275495,2021-06-10,32817,,Never smoker,
400082,400113,400011,4083515,2021-06-10,32817,,"Lifestyle counselling: weight loss 7-10%, Mediterranean diet",
400083,400114,400011,4083515,2021-07-13,32817,,Lifestyle counselling reinforced,
400084,400116,400011,4083515,2021-12-12,32817,,Lifestyle counselling; weight 69.4 kg,
400085,400118,400011,4083515,2022-06-23,32817,,Lifestyle counselling; weight 68.9 kg,
400086,400120,400011,4083515,2022-12-30,32817,,Lifestyle counselling; weight 68.5 kg,
400087,400122,400011,4083515,2023-06-20,32817,,Lifestyle counselling; weight 68.0 kg,
400088,400124,400012,4275495,2023-04-23,32817,,Current smoker,
400089,400124,400012,4083515,2023-04-23,32817,,"Lifestyle counselling: weight loss 7-10%, Mediterranean diet",
400090,400125,400012,4083515,2023-05-22,32817,,Lifestyle counselling reinforced,
400091,400126,400012,4083515,2023-10-14,32817,,Lifestyle counselling; weight 70.4 kg,
400092,400127,400012,4083515,2024-04-26,32817,,Lifestyle counselling; weight 71.0 kg,
400093,400128,400012,4083515,2024-11-10,32817,,Lifestyle counselling; weight 70.4 kg,
400094,400129,400012,4083515,2025-05-05,32817,,Lifestyle counselling; weight 70.0 kg,
400095,400130,400013,4275495,2019-06-04,32817,,Current smoker,
400096,400130,400013,4083515,2019-06-04,32817,,"Lifestyle counselling: weight loss 7-10%, Mediterranean diet",
400097,400131,400013,4083515,2019-07-03,32817,,Lifestyle counselling reinforced,
400098,400132,400013,4083515,2019-12-19,32817,,Lifestyle counselling; weight 80.7 kg,
400099,400133,400013,4083515,2020-07-03,32817,,Lifestyle counselling; weight 81.3 kg,
400100,400134,400013,4083515,2021-01-16,32817,,Lifestyle counselling; weight 81.3 kg,
400101,400135,400013,4083515,2021-07-20,32817,,Lifestyle counselling; weight 81.8 kg,
400102,400136,400013,4083515,2022-02-05,32817,,Lifestyle counselling; weight 81.7 kg,
400103,400137,400013,4083515,2022-07-29,32817,,Lifestyle counselling; weight 81.5 kg,
400104,400138,400014,4275495,2021-03-17,32817,,Never smoker,
400105,400138,400014,4083515,2021-03-17,32817,,"Lifestyle counselling: weight loss 7-10%, Mediterranean diet",
400106,400139,400014,4083515,2021-04-21,32817,,Lifestyle counselling reinforced,
400107,400140,400014,4083515,2021-09-03,32817,,Lifestyle counselling; weight 68.9 kg,
400108,400141,400014,4083515,2022-02-27,32817,,Lifestyle counselling; weight 69.6 kg,
400109,400142,400014,4083515,2022-09-07,32817,,Lifestyle counselling; weight 69.0 kg,
400110,400143,400014,4083515,2023-03-26,32817,,Lifestyle counselling; weight 68.7 kg,
400111,400144,400014,4083515,2023-09-19,32817,,Lifestyle counselling; weight 69.1 kg,
400112,400145,400015,4275495,2021-10-22,32817,,Never smoker,
400113,400145,400015,4083515,2021-10-22,32817,,"Lifestyle counselling: weight loss 7-10%, Mediterranean diet",
400114,400146,400015,4083515,2021-11-20,32817,,Lifestyle counselling reinforced,
400115,400148,400015,4083515,2022-04-14,32817,,Lifestyle counselling; weight 59.7 kg,
400116,400150,400015,4083515,2022-10-30,32817,,Lifestyle counselling; weight 59.6 kg,
400117,400152,400015,4083515,2023-04-28,32817,,Lifestyle counselling; weight 59.2 kg,
400118,400154,400015,4083515,2023-10-21,32817,,Lifestyle counselling; weight 59.5 kg,
400119,400156,400015,4083515,2024-05-04,32817,,Lifestyle counselling; weight 59.7 kg,
400120,400158,400015,4083515,2024-11-03,32817,,Lifestyle counselling; weight 59.4 kg,
400121,400160,400015,4083515,2025-05-17,32817,,Lifestyle counselling; weight 60.0 kg,
400122,400162,400015,4083515,2025-11-11,32817,,Lifestyle counselling; weight 59.9 kg,
400123,400165,400015,4083515,2026-05-05,32817,,Lifestyle counselling; weight 59.6 kg,
400124,400167,400016,4275495,2021-09-26,32817,,Never smoker,
400125,400167,400016,4083515,2021-09-26,32817,,"Lifestyle counselling: weight loss 7-10%, Mediterranean diet",
400126,400168,400016,4083515,2021-10-28,32817,,Lifestyle counselling reinforced,
400127,400170,400016,4083515,2022-04-08,32817,,Lifestyle counselling; weight 67.4 kg,
400128,400172,400016,4083515,2022-10-09,32817,,Lifestyle counselling; weight 66.8 kg,
400129,400174,400016,4083515,2023-04-22,32817,,Lifestyle counselling; weight 66.2 kg,
400130,400176,400016,4083515,2023-11-04,32817,,Lifestyle counselling; weight 65.4 kg,
400131,400178,400016,4083515,2024-05-11,32817,,Lifestyle counselling; weight 64.7 kg,
400132,400180,400016,4083515,2024-11-17,32817,,Lifestyle counselling; weight 63.5 kg,
400133,400182,400016,4083515,2025-05-18,32817,,Lifestyle counselling; weight 62.6 kg,
400134,400184,400016,4083515,2025-11-07,32817,,Lifestyle counselling; weight 61.7 kg,
400135,400186,400016,4083515,2026-05-09,32817,,Lifestyle counselling; weight 60.6 kg,
400136,400188,400017,4275495,2020-07-16,32817,,Current smoker,
400137,400188,400017,4083515,2020-07-16,32817,,"Lifestyle counselling: weight loss 7-10%, Mediterranean diet",
400138,400189,400017,4083515,2020-08-14,32817,,Lifestyle counselling reinforced,
400139,400191,400017,4083515,2021-01-18,32817,,Lifestyle counselling; weight 65.6 kg,
400140,400193,400017,4083515,2021-08-05,32817,,Lifestyle counselling; weight 65.5 kg,
400141,400195,400017,4083515,2022-01-27,32817,,Lifestyle counselling; weight 65.2 kg,
400142,400197,400017,4083515,2022-07-20,32817,,Lifestyle counselling; weight 66.0 kg,
400143,400199,400017,4083515,2023-02-02,32817,,Lifestyle counselling; weight 65.5 kg,
400144,400201,400017,4083515,2023-07-31,32817,,Lifestyle counselling; weight 65.5 kg,
400145,400203,400017,4083515,2024-01-28,32817,,Lifestyle counselling; weight 65.5 kg,
400146,400205,400017,4083515,2024-08-05,32817,,Lifestyle counselling; weight 66.1 kg,
400147,400207,400017,4083515,2025-01-30,32817,,Lifestyle counselling; weight 65.9 kg,
400148,400209,400017,4083515,2025-08-01,32817,,Lifestyle counselling; weight 66.3 kg,
400149,400211,400018,4275495,2019-03-20,32817,,Never smoker,
400150,400211,400018,4083515,2019-03-20,32817,,"Lifestyle counselling: weight loss 7-10%, Mediterranean diet",
400151,400212,400018,4083515,2019-04-22,32817,,Lifestyle counselling reinforced,
400152,400215,400018,4083515,2019-09-26,32817,,Lifestyle counselling; weight 89.4 kg,
400153,400217,400018,4083515,2020-03-15,32817,,Lifestyle counselling; weight 89.3 kg,
400154,400219,400018,4083515,2020-09-04,32817,,Lifestyle counselling; weight 89.0 kg,
400155,400221,400018,4083515,2021-03-20,32817,,Lifestyle counselling; weight 89.6 kg,
400156,400223,400018,4083515,2021-09-13,32817,,Lifestyle counselling; weight 90.0 kg,
400157,400225,400018,4083515,2022-03-06,32817,,Lifestyle counselling; weight 89.5 kg,
400158,400227,400019,4275495,2020-12-06,32817,,Current smoker,
400159,400227,400019,4083515,2020-12-06,32817,,"Lifestyle counselling: weight loss 7-10%, Mediterranean diet",
400160,400228,400019,4083515,2021-01-09,32817,,Lifestyle counselling reinforced,
400161,400230,400019,4083515,2021-06-06,32817,,Lifestyle counselling; weight 89.6 kg,
400162,400232,400019,4083515,2021-12-19,32817,,Lifestyle counselling; weight 89.2 kg,
400163,400234,400019,4083515,2022-07-01,32817,,Lifestyle counselling; weight 89.4 kg,
400164,400236,400019,4083515,2023-01-15,32817,,Lifestyle counselling; weight 90.1 kg,
400165,400238,400019,4083515,2023-07-16,32817,,Lifestyle counselling; weight 90.5 kg,
400166,400240,400019,4083515,2024-01-10,32817,,Lifestyle counselling; weight 91.1 kg,
400167,400242,400019,4083515,2024-07-16,32817,,Lifestyle counselling; weight 91.5 kg,
400168,400244,400020,4275495,2020-08-27,32817,,Never smoker,
400169,400244,400020,4083515,2020-08-27,32817,,"Lifestyle counselling: weight loss 7-10%, Mediterranean diet",
400170,400245,400020,4083515,2020-09-26,32817,,Lifestyle counselling reinforced,
400171,400249,400020,4083515,2021-03-15,32817,,Lifestyle counselling; weight 57.2 kg,
400172,400251,400020,4083515,2021-09-02,32817,,Lifestyle counselling; weight 57.0 kg,
400173,400255,400020,4083515,2022-05-02,32817,,Lifestyle counselling; weight 57.0 kg,
400174,400257,400020,4083515,2022-11-13,32817,,Lifestyle counselling; weight 56.7 kg,
400175,400259,400020,4083515,2023-05-25,32817,,Lifestyle counselling; weight 57.0 kg,
400176,400261,400020,4083515,2023-11-24,32817,,Lifestyle counselling; weight 56.5 kg,
400177,400263,400020,4083515,2024-05-12,32817,,Lifestyle counselling; weight 57.0 kg,
400178,400265,400021,4275495,2021-08-10,32817,,Current smoker,
400179,400265,400021,4083515,2021-08-10,32817,,"Lifestyle counselling: weight loss 7-10%, Mediterranean diet",
400180,400266,400021,4083515,2021-09-07,32817,,Lifestyle counselling reinforced,
400181,400269,400021,4083515,2022-02-22,32817,,Lifestyle counselling; weight 88.3 kg,
400182,400271,400021,4083515,2022-08-11,32817,,Lifestyle counselling; weight 87.2 kg,
400183,400273,400021,4083515,2023-02-25,32817,,Lifestyle counselling; weight 86.2 kg,
400184,400275,400021,4083515,2023-09-05,32817,,Lifestyle counselling; weight 85.5 kg,
400185,400277,400021,4083515,2024-03-08,32817,,Lifestyle counselling; weight 85.1 kg,
400186,400279,400021,4083515,2024-09-17,32817,,Lifestyle counselling; weight 84.2 kg,
400187,400281,400021,4083515,2025-03-15,32817,,Lifestyle counselling; weight 83.6 kg,
400188,400283,400021,4083515,2025-09-29,32817,,Lifestyle counselling; weight 83.0 kg,
400189,400285,400021,4083515,2026-04-03,32817,,Lifestyle counselling; weight 82.6 kg,
400190,400287,400022,4275495,2024-06-02,32817,,Never smoker,
400191,400287,400022,4083515,2024-06-02,32817,,"Lifestyle counselling: weight loss 7-10%, Mediterranean diet",
400192,400288,400022,4083515,2024-07-01,32817,,Lifestyle counselling reinforced,
400193,400292,400022,4083515,2024-12-04,32817,,Lifestyle counselling; weight 56.9 kg,
400194,400294,400022,4083515,2025-06-20,32817,,Lifestyle counselling; weight 56.0 kg,
400195,400296,400023,4275495,2022-05-11,32817,,Never smoker,
400196,400296,400023,4083515,2022-05-11,32817,,"Lifestyle counselling: weight loss 7-10%, Mediterranean diet",
400197,400297,400023,4083515,2022-06-12,32817,,Lifestyle counselling reinforced,
400198,400299,400023,4083515,2022-11-19,32817,,Lifestyle counselling; weight 60.6 kg,
400199,400301,400023,4083515,2023-05-19,32817,,Lifestyle counselling; weight 59.6 kg,
400200,400303,400023,4083515,2023-11-10,32817,,Lifestyle counselling; weight 58.6 kg,
400201,400306,400023,4083515,2024-08-11,32817,,Lifestyle counselling; weight 57.8 kg,
400202,400308,400024,4275495,2020-12-04,32817,,Never smoker,
400203,400308,400024,4083515,2020-12-04,32817,,"Lifestyle counselling: weight loss 7-10%, Mediterranean diet",
400204,400309,400024,4083515,2021-01-08,32817,,Lifestyle counselling reinforced,
400205,400311,400024,4083515,2021-05-25,32817,,Lifestyle counselling; weight 93.6 kg,
400206,400313,400024,4083515,2021-11-25,32817,,Lifestyle counselling; weight 92.8 kg,
400207,400315,400024,4083515,2022-05-17,32817,,Lifestyle counselling; weight 92.2 kg,
400208,400317,400024,4083515,2022-11-24,32817,,Lifestyle counselling; weight 91.6 kg,
400209,400319,400024,4083515,2023-05-19,32817,,Lifestyle counselling; weight 90.7 kg,
400210,400321,400024,4083515,2023-11-08,32817,,Lifestyle counselling; weight 90.3 kg,
400211,400323,400024,4083515,2024-05-16,32817,,Lifestyle counselling; weight 89.9 kg,
400212,400325,400024,4083515,2024-11-13,32817,,Lifestyle counselling; weight 89.3 kg,
400213,400327,400024,4083515,2025-05-11,32817,,Lifestyle counselling; weight 88.7 kg,
400214,400329,400024,4083515,2025-11-15,32817,,Lifestyle counselling; weight 88.4 kg,
400215,400331,400025,4275495,2024-07-13,32817,,Never smoker,
400216,400331,400025,4083515,2024-07-13,32817,,"Lifestyle counselling: weight loss 7-10%, Mediterranean diet",
400217,400332,400025,4083515,2024-08-14,32817,,Lifestyle counselling reinforced,
400218,400335,400025,4083515,2025-01-09,32817,,Lifestyle counselling; weight 90.5 kg,
400219,400337,400025,4083515,2025-07-11,32817,,Lifestyle counselling; weight 91.1 kg,
400220,400339,400025,4083515,2026-01-26,32817,,Lifestyle counselling; weight 91.2 kg,
400221,400341,400025,4083515,2026-08-10,32817,,Lifestyle counselling; weight 91.3 kg,
400222,400342,400026,4275495,2021-04-22,32817,,Never smoker,
400223,400342,400026,4083515,2021-04-22,32817,,"Lifestyle counselling: weight loss 7-10%, Mediterranean diet",
400224,400343,400026,4083515,2021-05-20,32817,,Lifestyle counselling reinforced,
400225,400345,400026,4083515,2021-10-29,32817,,Lifestyle counselling; weight 71.6 kg,
400226,400347,400026,4083515,2022-04-20,32817,,Lifestyle counselling; weight 71.0 kg,
400227,400349,400026,4083515,2022-10-17,32817,,Lifestyle counselling; weight 70.0 kg,
400228,400351,400026,4083515,2023-04-10,32817,,Lifestyle counselling; weight 69.3 kg,
400229,400353,400026,4083515,2023-10-06,32817,,Lifestyle counselling; weight 68.8 kg,
400230,400355,400026,4083515,2024-04-14,32817,,Lifestyle counselling; weight 67.8 kg,
400231,400357,400026,4083515,2024-10-20,32817,,Lifestyle counselling; weight 66.7 kg,
400232,400359,400026,4083515,2025-04-17,32817,,Lifestyle counselling; weight 65.6 kg,
400233,400361,400027,4275495,2020-10-18,32817,,Never smoker,
400234,400361,400027,4083515,2020-10-18,32817,,"Lifestyle counselling: weight loss 7-10%, Mediterranean diet",
400235,400362,400027,4083515,2020-11-17,32817,,Lifestyle counselling reinforced,
400236,400364,400027,4083515,2021-04-14,32817,,Lifestyle counselling; weight 91.8 kg,
400237,400366,400027,4083515,2021-10-02,32817,,Lifestyle counselling; weight 92.2 kg,
400238,400368,400027,4083515,2022-04-05,32817,,Lifestyle counselling; weight 92.8 kg,
400239,400370,400027,4083515,2022-10-21,32817,,Lifestyle counselling; weight 92.8 kg,
400240,400372,400027,4083515,2023-04-26,32817,,Lifestyle counselling; weight 92.3 kg,
400241,400374,400027,4083515,2023-10-15,32817,,Lifestyle counselling; weight 92.6 kg,
400242,400376,400028,4275495,2019-03-29,32817,,Current smoker,
400243,400376,400028,4083515,2019-03-29,32817,,"Lifestyle counselling: weight loss 7-10%, Mediterranean diet",
400244,400377,400028,4083515,2019-04-30,32817,,Lifestyle counselling reinforced,
400245,400379,400028,4083515,2019-10-12,32817,,Lifestyle counselling; weight 65.8 kg,
400246,400381,400028,4083515,2020-04-17,32817,,Lifestyle counselling; weight 65.1 kg,
400247,400383,400028,4083515,2020-10-27,32817,,Lifestyle counselling; weight 64.6 kg,
400248,400385,400028,4083515,2021-05-03,32817,,Lifestyle counselling; weight 64.0 kg,
400249,400387,400028,4083515,2021-11-15,32817,,Lifestyle counselling; weight 63.5 kg,
400250,400389,400028,4083515,2022-05-07,32817,,Lifestyle counselling; weight 62.6 kg,
400251,400391,400029,4275495,2022-05-14,32817,,Never smoker,
400252,400391,400029,4083515,2022-05-14,32817,,"Lifestyle counselling: weight loss 7-10%, Mediterranean diet",
400253,400392,400029,4083515,2022-06-17,32817,,Lifestyle counselling reinforced,
400254,400394,400029,4083515,2022-11-15,32817,,Lifestyle counselling; weight 73.3 kg,
400255,400396,400029,4083515,2023-05-31,32817,,Lifestyle counselling; weight 72.5 kg,
400256,400398,400029,4083515,2023-11-22,32817,,Lifestyle counselling; weight 71.6 kg,
400257,400400,400029,4083515,2024-06-06,32817,,Lifestyle counselling; weight 71.1 kg,
400258,400402,400029,4083515,2024-12-15,32817,,Lifestyle counselling; weight 70.1 kg,
400259,400404,400029,4083515,2025-06-11,32817,,Lifestyle counselling; weight 69.1 kg,
400260,400406,400030,4275495,2020-10-30,32817,,Never smoker,
400261,400406,400030,4083515,2020-10-30,32817,,"Lifestyle counselling: weight loss 7-10%, Mediterranean diet",
400262,400407,400030,4083515,2020-11-28,32817,,Lifestyle counselling reinforced,
400263,400411,400030,4083515,2021-04-19,32817,,Lifestyle counselling; weight 58.4 kg,
400264,400413,400030,4083515,2021-10-27,32817,,Lifestyle counselling; weight 57.2 kg,
400265,400415,400030,4083515,2022-04-21,32817,,Lifestyle counselling; weight 56.3 kg,
400266,400417,400030,4083515,2022-10-08,32817,,Lifestyle counselling; weight 55.8 kg,
400267,400419,400030,4083515,2023-04-16,32817,,Lifestyle counselling; weight 54.8 kg,
400268,400421,400030,4083515,2023-10-15,32817,,Lifestyle counselling; weight 54.1 kg,
400269,400423,400031,4275495,2024-03-10,32817,,Never smoker,
400270,400423,400031,4083515,2024-03-10,32817,,"Lifestyle counselling: weight loss 7-10%, Mediterranean diet",
400271,400424,400031,4083515,2024-04-07,32817,,Lifestyle counselling reinforced,
400272,400426,400031,4083515,2024-09-06,32817,,Lifestyle counselling; weight 59.6 kg,
400273,400428,400031,4083515,2025-03-04,32817,,Lifestyle counselling; weight 60.3 kg,
400274,400430,400031,4083515,2025-09-10,32817,,Lifestyle counselling; weight 59.9 kg,
400275,400432,400031,4083515,2026-03-26,32817,,Lifestyle counselling; weight 59.5 kg,
400276,400434,400032,4275495,2019-09-14,32817,,Never smoker,
400277,400434,400032,4083515,2019-09-14,32817,,"Lifestyle counselling: weight loss 7-10%, Mediterranean diet",
400278,400435,400032,4083515,2019-10-17,32817,,Lifestyle counselling reinforced,
400279,400437,400032,4083515,2020-03-13,32817,,Lifestyle counselling; weight 61.8 kg,
400280,400439,400032,4083515,2020-09-05,32817,,Lifestyle counselling; weight 61.0 kg,
400281,400441,400032,4083515,2021-03-16,32817,,Lifestyle counselling; weight 59.9 kg,
400282,400443,400032,4083515,2021-09-13,32817,,Lifestyle counselling; weight 59.0 kg,
400283,400445,400032,4083515,2022-03-17,32817,,Lifestyle counselling; weight 58.3 kg,
400284,400447,400032,4083515,2022-09-12,32817,,Lifestyle counselling; weight 57.7 kg,
400285,400450,400033,4275495,2022-10-07,32817,,Current smoker,
400286,400450,400033,4083515,2022-10-07,32817,,"Lifestyle counselling: weight loss 7-10%, Mediterranean diet",
400287,400451,400033,4083515,2022-11-09,32817,,Lifestyle counselling reinforced,
400288,400455,400033,4083515,2023-04-08,32817,,Lifestyle counselling; weight 63.5 kg,
400289,400457,400033,4083515,2023-10-06,32817,,Lifestyle counselling; weight 63.1 kg,
400290,400459,400033,4083515,2024-04-16,32817,,Lifestyle counselling; weight 62.2 kg,
400291,400461,400033,4083515,2024-10-05,32817,,Lifestyle counselling; weight 61.7 kg,
400292,400463,400033,4083515,2025-03-28,32817,,Lifestyle counselling; weight 60.9 kg,
400293,400465,400033,4083515,2025-10-07,32817,,Lifestyle counselling; weight 60.3 kg,
400294,400467,400033,4083515,2026-04-20,32817,,Lifestyle counselling; weight 59.3 kg,
400295,400469,400034,4275495,2022-03-09,32817,,Never smoker,
400296,400469,400034,4083515,2022-03-09,32817,,"Lifestyle counselling: weight loss 7-10%, Mediterranean diet",
400297,400470,400034,4083515,2022-04-06,32817,,Lifestyle counselling reinforced,
400298,400471,400034,4083515,2022-08-27,32817,,Lifestyle counselling; weight 93.1 kg,
400299,400472,400034,4083515,2023-02-19,32817,,Lifestyle counselling; weight 92.5 kg,
400300,400473,400034,4083515,2023-08-18,32817,,Lifestyle counselling; weight 92.2 kg,
400301,400474,400034,4083515,2024-02-09,32817,,Lifestyle counselling; weight 91.7 kg,
400302,400475,400034,4083515,2024-08-08,32817,,Lifestyle counselling; weight 90.6 kg,
400303,400476,400034,4083515,2025-02-06,32817,,Lifestyle counselling; weight 90.2 kg,
400304,400477,400034,4083515,2025-08-02,32817,,Lifestyle counselling; weight 89.1 kg,
400305,400478,400034,4083515,2026-01-20,32817,,Lifestyle counselling; weight 88.1 kg,
400306,400479,400034,4083515,2026-07-12,32817,,Lifestyle counselling; weight 87.6 kg,
400307,400480,400035,4275495,2020-02-23,32817,,Never smoker,
400308,400480,400035,4083515,2020-02-23,32817,,"Lifestyle counselling: weight loss 7-10%, Mediterranean diet",
400309,400481,400035,4083515,2020-03-27,32817,,Lifestyle counselling reinforced,
400310,400483,400035,4083515,2020-09-09,32817,,Lifestyle counselling; weight 69.2 kg,
400311,400485,400035,4083515,2021-03-10,32817,,Lifestyle counselling; weight 69.5 kg,
400312,400487,400035,4083515,2021-09-21,32817,,Lifestyle counselling; weight 69.5 kg,
400313,400489,400035,4083515,2022-03-23,32817,,Lifestyle counselling; weight 69.0 kg,
400314,400491,400035,4083515,2022-10-02,32817,,Lifestyle counselling; weight 68.6 kg,
400315,400493,400035,4083515,2023-04-19,32817,,Lifestyle counselling; weight 68.5 kg,
400316,400495,400036,4275495,2019-05-13,32817,,Never smoker,
400317,400495,400036,4083515,2019-05-13,32817,,"Lifestyle counselling: weight loss 7-10%, Mediterranean diet",
400318,400496,400036,4083515,2019-06-15,32817,,Lifestyle counselling reinforced,
400319,400499,400036,4083515,2019-11-26,32817,,Lifestyle counselling; weight 77.5 kg,
400320,400501,400036,4083515,2020-06-07,32817,,Lifestyle counselling; weight 77.5 kg,
400321,400503,400036,4083515,2020-12-06,32817,,Lifestyle counselling; weight 78.0 kg,
400322,400505,400036,4083515,2021-06-17,32817,,Lifestyle counselling; weight 78.7 kg,
400323,400507,400037,4275495,2021-04-05,32817,,Never smoker,
400324,400507,400037,4083515,2021-04-05,32817,,"Lifestyle counselling: weight loss 7-10%, Mediterranean diet",
400325,400508,400037,4083515,2021-05-04,32817,,Lifestyle counselling reinforced,
400326,400510,400037,4083515,2021-10-11,32817,,Lifestyle counselling; weight 107.0 kg,
400327,400512,400037,4083515,2022-04-29,32817,,Lifestyle counselling; weight 107.6 kg,
400328,400514,400037,4083515,2022-11-10,32817,,Lifestyle counselling; weight 108.3 kg,
400329,400516,400037,4083515,2023-05-07,32817,,Lifestyle counselling; weight 108.0 kg,
400330,400518,400037,4083515,2023-11-04,32817,,Lifestyle counselling; weight 108.7 kg,
400331,400520,400037,4083515,2024-05-17,32817,,Lifestyle counselling; weight 108.9 kg,
400332,400522,400037,4083515,2024-11-15,32817,,Lifestyle counselling; weight 108.8 kg,
400333,400524,400038,4275495,2022-07-27,32817,,Never smoker,
400334,400524,400038,4083515,2022-07-27,32817,,"Lifestyle counselling: weight loss 7-10%, Mediterranean diet",
400335,400525,400038,4083515,2022-08-26,32817,,Lifestyle counselling reinforced,
400336,400527,400038,4083515,2023-02-06,32817,,Lifestyle counselling; weight 68.8 kg,
400337,400529,400038,4083515,2023-08-07,32817,,Lifestyle counselling; weight 68.5 kg,
400338,400531,400038,4083515,2024-02-22,32817,,Lifestyle counselling; weight 68.8 kg,
400339,400533,400038,4083515,2024-09-08,32817,,Lifestyle counselling; weight 68.7 kg,
400340,400535,400038,4083515,2025-03-17,32817,,Lifestyle counselling; weight 68.8 kg,
400341,400537,400038,4083515,2025-09-03,32817,,Lifestyle counselling; weight 68.3 kg,
400342,400539,400038,4083515,2026-03-04,32817,,Lifestyle counselling; weight 68.5 kg,
400343,400541,400039,4275495,2020-07-23,32817,,Current smoker,
400344,400541,400039,4083515,2020-07-23,32817,,"Lifestyle counselling: weight loss 7-10%, Mediterranean diet",
400345,400542,400039,4083515,2020-08-22,32817,,Lifestyle counselling reinforced,
400346,400544,400039,4083515,2021-01-14,32817,,Lifestyle counselling; weight 79.6 kg,
400347,400546,400039,4083515,2021-07-25,32817,,Lifestyle counselling; weight 78.6 kg,
400348,400548,400039,4083515,2022-02-10,32817,,Lifestyle counselling; weight 78.3 kg,
400349,400550,400039,4083515,2022-08-21,32817,,Lifestyle counselling; weight 77.6 kg,
400350,400552,400039,4083515,2023-02-10,32817,,Lifestyle counselling; weight 76.5 kg,
400351,400554,400039,4083515,2023-08-12,32817,,Lifestyle counselling; weight 76.1 kg,
400352,400556,400039,4083515,2024-02-26,32817,,Lifestyle counselling; weight 75.1 kg,
400353,400558,400040,4275495,2020-07-25,32817,,Never smoker,
400354,400558,400040,4083515,2020-07-25,32817,,"Lifestyle counselling: weight loss 7-10%, Mediterranean diet",
400355,400559,400040,4083515,2020-08-24,32817,,Lifestyle counselling reinforced,
400356,400561,400040,4083515,2021-01-21,32817,,Lifestyle counselling; weight 100.8 kg,
400357,400563,400040,4083515,2021-08-05,32817,,Lifestyle counselling; weight 101.5 kg,
400358,400566,400040,4083515,2022-02-19,32817,,Lifestyle counselling; weight 102.0 kg,
400359,400568,400040,4083515,2022-08-20,32817,,Lifestyle counselling; weight 102.1 kg,
400360,400570,400040,4083515,2023-02-10,32817,,Lifestyle counselling; weight 101.7 kg,
400361,400572,400040,4083515,2023-08-17,32817,,Lifestyle counselling; weight 101.9 kg,
400362,400574,400040,4083515,2024-02-18,32817,,Lifestyle counselling; weight 101.7 kg,
400363,400576,400041,4275495,2019-04-01,32817,,Never smoker,
400364,400576,400041,4083515,2019-04-01,32817,,"Lifestyle counselling: weight loss 7-10%, Mediterranean diet",
400365,400577,400041,4083515,2019-05-04,32817,,Lifestyle counselling reinforced,
400366,400579,400041,4083515,2019-10-03,32817,,Lifestyle counselling; weight 75.7 kg,
400367,400581,400041,4083515,2020-03-21,32817,,Lifestyle counselling; weight 74.8 kg,
400368,400583,400041,4083515,2020-10-03,32817,,Lifestyle counselling; weight 74.0 kg,
400369,400585,400041,4083515,2021-04-18,32817,,Lifestyle counselling; weight 73.3 kg,
400370,400587,400041,4083515,2021-10-31,32817,,Lifestyle counselling; weight 72.6 kg,
400371,400589,400042,4275495,2020-02-16,32817,,Never smoker,
400372,400589,400042,4083515,2020-02-16,32817,,"Lifestyle counselling: weight loss 7-10%, Mediterranean diet",
400373,400590,400042,4083515,2020-03-15,32817,,Lifestyle counselling reinforced,
400374,400591,400042,4083515,2020-08-13,32817,,Lifestyle counselling; weight 70.7 kg,
400375,400592,400042,4083515,2021-02-27,32817,,Lifestyle counselling; weight 70.5 kg,
400376,400593,400042,4083515,2021-08-25,32817,,Lifestyle counselling; weight 70.4 kg,
400377,400594,400042,4083515,2022-03-02,32817,,Lifestyle counselling; weight 71.1 kg,
400378,400595,400042,4083515,2022-09-07,32817,,Lifestyle counselling; weight 71.1 kg,
400379,400596,400042,4083515,2023-02-26,32817,,Lifestyle counselling; weight 71.8 kg,
400380,400597,400042,4083515,2023-09-14,32817,,Lifestyle counselling; weight 71.6 kg,
400381,400598,400042,4083515,2024-03-18,32817,,Lifestyle counselling; weight 72.3 kg,
400382,400599,400042,4083515,2024-09-28,32817,,Lifestyle counselling; weight 72.7 kg,
400383,400600,400043,4275495,2023-06-27,32817,,Never smoker,
400384,400600,400043,4083515,2023-06-27,32817,,"Lifestyle counselling: weight loss 7-10%, Mediterranean diet",
400385,400601,400043,4083515,2023-07-28,32817,,Lifestyle counselling reinforced,
400386,400605,400043,4083515,2024-01-01,32817,,Lifestyle counselling; weight 79.6 kg,
400387,400607,400043,4083515,2024-07-12,32817,,Lifestyle counselling; weight 78.7 kg,
400388,400609,400043,4083515,2025-01-01,32817,,Lifestyle counselling; weight 78.2 kg,
400389,400611,400043,4083515,2025-07-16,32817,,Lifestyle counselling; weight 77.5 kg,
400390,400613,400043,4083515,2026-01-31,32817,,Lifestyle counselling; weight 76.9 kg,
400391,400615,400043,4083515,2026-08-01,32817,,Lifestyle counselling; weight 76.4 kg,
400392,400616,400044,4275495,2024-01-05,32817,,Current smoker,
400393,400616,400044,4083515,2024-01-05,32817,,"Lifestyle counselling: weight loss 7-10%, Mediterranean diet",
400394,400617,400044,4083515,2024-02-05,32817,,Lifestyle counselling reinforced,
400395,400619,400044,4083515,2024-06-25,32817,,Lifestyle counselling; weight 82.0 kg,
400396,400621,400044,4083515,2024-12-29,32817,,Lifestyle counselling; weight 81.9 kg,
400397,400623,400044,4083515,2025-06-21,32817,,Lifestyle counselling; weight 81.7 kg,
400398,400625,400044,4083515,2025-12-24,32817,,Lifestyle counselling; weight 81.7 kg,
400399,400627,400044,4083515,2026-06-19,32817,,Lifestyle counselling; weight 82.3 kg,
400400,400628,400045,4275495,2021-08-04,32817,,Never smoker,
400401,400628,400045,4083515,2021-08-04,32817,,"Lifestyle counselling: weight loss 7-10%, Mediterranean diet",
400402,400629,400045,4083515,2021-09-06,32817,,Lifestyle counselling reinforced,
400403,400631,400045,4083515,2022-01-22,32817,,Lifestyle counselling; weight 86.9 kg,
400404,400634,400045,4083515,2022-08-08,32817,,Lifestyle counselling; weight 87.5 kg,
400405,400636,400045,4083515,2023-02-21,32817,,Lifestyle counselling; weight 87.1 kg,
400406,400638,400045,4083515,2023-08-21,32817,,Lifestyle counselling; weight 86.7 kg,
400407,400640,400045,4083515,2024-02-15,32817,,Lifestyle counselling; weight 86.9 kg,
400408,400642,400045,4083515,2024-08-03,32817,,Lifestyle counselling; weight 86.8 kg,
400409,400644,400046,4275495,2022-01-26,32817,,Current smoker,
400410,400644,400046,4083515,2022-01-26,32817,,"Lifestyle counselling: weight loss 7-10%, Mediterranean diet",
400411,400645,400046,4083515,2022-02-28,32817,,Lifestyle counselling reinforced,
400412,400646,400046,4083515,2022-08-10,32817,,Lifestyle counselling; weight 87.0 kg,
400413,400647,400046,4083515,2023-02-10,32817,,Lifestyle counselling; weight 86.3 kg,
400414,400648,400046,4083515,2023-08-21,32817,,Lifestyle counselling; weight 85.8 kg,
400415,400649,400046,4083515,2024-02-19,32817,,Lifestyle counselling; weight 85.1 kg,
400416,400650,400047,4275495,2022-03-08,32817,,Never smoker,
400417,400650,400047,4083515,2022-03-08,32817,,"Lifestyle counselling: weight loss 7-10%, Mediterranean diet",
400418,400651,400047,4083515,2022-04-11,32817,,Lifestyle counselling reinforced,
400419,400655,400047,4083515,2022-09-15,32817,,Lifestyle counselling; weight 77.8 kg,
400420,400657,400047,4083515,2023-04-03,32817,,Lifestyle counselling; weight 78.3 kg,
400421,400659,400047,4083515,2023-09-22,32817,,Lifestyle counselling; weight 78.5 kg,
400422,400661,400047,4083515,2024-04-04,32817,,Lifestyle counselling; weight 79.0 kg,
400423,400663,400047,4083515,2024-10-11,32817,,Lifestyle counselling; weight 78.7 kg,
400424,400665,400048,4275495,2021-12-19,32817,,Never smoker,
400425,400665,400048,4083515,2021-12-19,32817,,"Lifestyle counselling: weight loss 7-10%, Mediterranean diet",
400426,400666,400048,4083515,2022-01-16,32817,,Lifestyle counselling reinforced,
400427,400670,400048,4083515,2022-06-21,32817,,Lifestyle counselling; weight 62.6 kg,
400428,400672,400048,4083515,2022-12-09,32817,,Lifestyle counselling; weight 63.1 kg,
400429,400674,400048,4083515,2023-06-21,32817,,Lifestyle counselling; weight 63.7 kg,
400430,400676,400048,4083515,2023-12-30,32817,,Lifestyle counselling; weight 63.1 kg,
400431,400678,400049,4275495,2023-02-22,32817,,Never smoker,
400432,400678,400049,4083515,2023-02-22,32817,,"Lifestyle counselling: weight loss 7-10%, Mediterranean diet",
400433,400679,400049,4083515,2023-03-27,32817,,Lifestyle counselling reinforced,
400434,400681,400049,4083515,2023-09-04,32817,,Lifestyle counselling; weight 80.0 kg,
400435,400683,400049,4083515,2024-03-14,32817,,Lifestyle counselling; weight 79.5 kg,
400436,400685,400049,4083515,2024-09-19,32817,,Lifestyle counselling; weight 79.7 kg,
400437,400687,400049,4083515,2025-03-20,32817,,Lifestyle counselling; weight 79.5 kg,
400438,400689,400050,4275495,2023-09-06,32817,,Never smoker,
400439,400689,400050,4083515,2023-09-06,32817,,"Lifestyle counselling: weight loss 7-10%, Mediterranean diet",
400440,400690,400050,4083515,2023-10-06,32817,,Lifestyle counselling reinforced,
400441,400693,400050,4083515,2024-03-08,32817,,Lifestyle counselling; weight 96.6 kg,
400442,400695,400050,4083515,2024-09-20,32817,,Lifestyle counselling; weight 96.9 kg,
400443,400697,400050,4083515,2025-03-21,32817,,Lifestyle counselling; weight 96.9 kg,
400444,400699,400050,4083515,2025-09-21,32817,,Lifestyle counselling; weight 97.4 kg,
400445,400701,400051,4275495,2022-02-16,32817,,Current smoker,
400446,400701,400051,4083515,2022-02-16,32817,,"Lifestyle counselling: weight loss 7-10%, Mediterranean diet",
400447,400702,400051,4083515,2022-03-20,32817,,Lifestyle counselling reinforced,
400448,400704,400051,4083515,2022-08-17,32817,,Lifestyle counselling; weight 97.3 kg,
400449,400706,400051,4083515,2023-02-24,32817,,Lifestyle counselling; weight 96.5 kg,
400450,400708,400051,4083515,2023-08-29,32817,,Lifestyle counselling; weight 96.1 kg,
400451,400710,400051,4083515,2024-02-22,32817,,Lifestyle counselling; weight 95.6 kg,
400452,400712,400052,4275495,2019-10-08,32817,,Never smoker,
400453,400712,400052,4083515,2019-10-08,32817,,"Lifestyle counselling: weight loss 7-10%, Mediterranean diet",
400454,400713,400052,4083515,2019-11-06,32817,,Lifestyle counselling reinforced,
400455,400715,400052,4083515,2020-04-25,32817,,Lifestyle counselling; weight 58.3 kg,
400456,400717,400052,4083515,2020-11-02,32817,,Lifestyle counselling; weight 58.4 kg,
400457,400719,400052,4083515,2021-05-09,32817,,Lifestyle counselling; weight 58.6 kg,
400458,400721,400052,4083515,2021-11-06,32817,,Lifestyle counselling; weight 58.1 kg,
400459,400723,400052,4083515,2022-05-04,32817,,Lifestyle counselling; weight 57.6 kg,
400460,400725,400052,4083515,2022-11-06,32817,,Lifestyle counselling; weight 57.4 kg,
400461,400727,400052,4083515,2023-04-26,32817,,Lifestyle counselling; weight 57.5 kg,
400462,400729,400052,4083515,2023-11-03,32817,,Lifestyle counselling; weight 56.9 kg,
400463,400731,400053,4275495,2023-03-07,32817,,Never smoker,
400464,400731,400053,4083515,2023-03-07,32817,,"Lifestyle counselling: weight loss 7-10%, Mediterranean diet",
400465,400732,400053,4083515,2023-04-11,32817,,Lifestyle counselling reinforced,
400466,400733,400053,4083515,2023-08-28,32817,,Lifestyle counselling; weight 46.9 kg,
400467,400734,400053,4083515,2024-02-19,32817,,Lifestyle counselling; weight 47.3 kg,
400468,400735,400053,4083515,2024-09-03,32817,,Lifestyle counselling; weight 46.7 kg,
400469,400736,400053,4083515,2025-03-12,32817,,Lifestyle counselling; weight 47.4 kg,
400470,400737,400053,4083515,2025-08-29,32817,,Lifestyle counselling; weight 47.0 kg,
400471,400738,400054,4275495,2022-05-14,32817,,Current smoker,
400472,400738,400054,4083515,2022-05-14,32817,,"Lifestyle counselling: weight loss 7-10%, Mediterranean diet",
400473,400739,400054,4083515,2022-06-12,32817,,Lifestyle counselling reinforced,
400474,400740,400054,4083515,2022-10-31,32817,,Lifestyle counselling; weight 75.2 kg,
400475,400741,400054,4083515,2023-05-01,32817,,Lifestyle counselling; weight 75.1 kg,
400476,400742,400054,4083515,2023-11-12,32817,,Lifestyle counselling; weight 75.1 kg,
400477,400743,400054,4083515,2024-05-30,32817,,Lifestyle counselling; weight 74.9 kg,
400478,400744,400054,4083515,2024-11-27,32817,,Lifestyle counselling; weight 75.6 kg,
400479,400745,400054,4083515,2025-05-26,32817,,Lifestyle counselling; weight 76.3 kg,
400480,400746,400054,4083515,2025-12-07,32817,,Lifestyle counselling; weight 76.7 kg,
400481,400747,400054,4083515,2026-06-13,32817,,Lifestyle counselling; weight 76.8 kg,
400482,400748,400055,4275495,2023-11-23,32817,,Current smoker,
400483,400748,400055,4083515,2023-11-23,32817,,"Lifestyle counselling: weight loss 7-10%, Mediterranean diet",
400484,400749,400055,4083515,2023-12-23,32817,,Lifestyle counselling reinforced,
400485,400750,400055,4083515,2024-05-16,32817,,Lifestyle counselling; weight 86.4 kg,
400486,400751,400055,4083515,2024-11-30,32817,,Lifestyle counselling; weight 86.5 kg,
400487,400752,400055,4083515,2025-06-16,32817,,Lifestyle counselling; weight 86.8 kg,
400488,400753,400055,4083515,2025-12-25,32817,,Lifestyle counselling; weight 87.6 kg,
400489,400754,400056,4275495,2024-03-26,32817,,Current smoker,
400490,400754,400056,4083515,2024-03-26,32817,,"Lifestyle counselling: weight loss 7-10%, Mediterranean diet",
400491,400755,400056,4083515,2024-04-23,32817,,Lifestyle counselling reinforced,
400492,400757,400056,4083515,2024-09-12,32817,,Lifestyle counselling; weight 62.6 kg,
400493,400759,400056,4083515,2025-03-11,32817,,Lifestyle counselling; weight 63.3 kg,
400494,400761,400056,4083515,2025-09-06,32817,,Lifestyle counselling; weight 63.6 kg,
400495,400763,400056,4083515,2026-02-26,32817,,Lifestyle counselling; weight 64.2 kg,
400496,400765,400056,4083515,2026-08-29,32817,,Lifestyle counselling; weight 64.1 kg,
400497,400766,400057,4275495,2022-10-13,32817,,Current smoker,
400498,400766,400057,4083515,2022-10-13,32817,,"Lifestyle counselling: weight loss 7-10%, Mediterranean diet",
400499,400767,400057,4083515,2022-11-12,32817,,Lifestyle counselling reinforced,
400500,400769,400057,4083515,2023-04-14,32817,,Lifestyle counselling; weight 64.2 kg,
400501,400771,400057,4083515,2023-10-19,32817,,Lifestyle counselling; weight 63.8 kg,
400502,400773,400057,4083515,2024-04-21,32817,,Lifestyle counselling; weight 64.0 kg,
400503,400775,400057,4083515,2024-10-25,32817,,Lifestyle counselling; weight 63.7 kg,
400504,400777,400057,4083515,2025-04-20,32817,,Lifestyle counselling; weight 63.8 kg,
400505,400779,400057,4083515,2025-11-03,32817,,Lifestyle counselling; weight 63.5 kg,
400506,400782,400058,4275495,2023-03-08,32817,,Current smoker,
400507,400782,400058,4083515,2023-03-08,32817,,"Lifestyle counselling: weight loss 7-10%, Mediterranean diet",
400508,400783,400058,4083515,2023-04-10,32817,,Lifestyle counselling reinforced,
400509,400785,400058,4083515,2023-09-08,32817,,Lifestyle counselling; weight 87.9 kg,
400510,400787,400058,4083515,2024-02-26,32817,,Lifestyle counselling; weight 87.6 kg,
400511,400789,400058,4083515,2024-08-21,32817,,Lifestyle counselling; weight 86.6 kg,
400512,400791,400058,4083515,2025-02-23,32817,,Lifestyle counselling; weight 86.2 kg,
400513,400793,400058,4083515,2025-08-23,32817,,Lifestyle counselling; weight 85.7 kg,
400514,400795,400058,4083515,2026-02-22,32817,,Lifestyle counselling; weight 84.8 kg,
400515,400797,400058,4083515,2026-08-17,32817,,Lifestyle counselling; weight 84.2 kg,
400516,400798,400059,4275495,2022-07-23,32817,,Current smoker,
400517,400798,400059,4083515,2022-07-23,32817,,"Lifestyle counselling: weight loss 7-10%, Mediterranean diet",
400518,400799,400059,4083515,2022-08-26,32817,,Lifestyle counselling reinforced,
400519,400801,400059,4083515,2023-02-02,32817,,Lifestyle counselling; weight 109.8 kg,
400520,400803,400059,4083515,2023-07-29,32817,,Lifestyle counselling; weight 109.3 kg,
400521,400805,400059,4083515,2024-02-14,32817,,Lifestyle counselling; weight 109.6 kg,
400522,400807,400059,4083515,2024-08-12,32817,,Lifestyle counselling; weight 109.1 kg,
400523,400809,400059,4083515,2025-02-18,32817,,Lifestyle counselling; weight 109.5 kg,
400524,400811,400059,4083515,2025-08-19,32817,,Lifestyle counselling; weight 109.8 kg,
400525,400813,400059,4083515,2026-02-15,32817,,Lifestyle counselling; weight 110.4 kg,
400526,400815,400059,4083515,2026-08-09,32817,,Lifestyle counselling; weight 110.2 kg,
400527,400816,400060,4275495,2020-05-14,32817,,Current smoker,
400528,400816,400060,4083515,2020-05-14,32817,,"Lifestyle counselling: weight loss 7-10%, Mediterranean diet",
400529,400817,400060,4083515,2020-06-14,32817,,Lifestyle counselling reinforced,
400530,400819,400060,4083515,2020-11-17,32817,,Lifestyle counselling; weight 82.1 kg,
400531,400821,400060,4083515,2021-05-27,32817,,Lifestyle counselling; weight 82.5 kg,
400532,400823,400060,4083515,2021-12-06,32817,,Lifestyle counselling; weight 82.2 kg,
400533,400825,400060,4083515,2022-06-11,32817,,Lifestyle counselling; weight 82.1 kg,
400534,400827,400060,4083515,2022-12-24,32817,,Lifestyle counselling; weight 82.7 kg,
400535,400829,400060,4083515,2023-06-17,32817,,Lifestyle counselling; weight 82.1 kg,
400536,400831,400061,4275495,2022-05-17,32817,,Never smoker,
400537,400831,400061,4083515,2022-05-17,32817,,"Lifestyle counselling: weight loss 7-10%, Mediterranean diet",
400538,400832,400061,4083515,2022-06-16,32817,,Lifestyle counselling reinforced,
400539,400834,400061,4083515,2022-11-16,32817,,Lifestyle counselling; weight 73.2 kg,
400540,400836,400061,4083515,2023-05-19,32817,,Lifestyle counselling; weight 72.8 kg,
400541,400838,400061,4083515,2023-11-24,32817,,Lifestyle counselling; weight 72.4 kg,
400542,400840,400061,4083515,2024-06-09,32817,,Lifestyle counselling; weight 71.6 kg,
400543,400842,400061,4083515,2024-11-28,32817,,Lifestyle counselling; weight 70.4 kg,
400544,400844,400061,4083515,2025-05-18,32817,,Lifestyle counselling; weight 69.4 kg,
400545,400846,400061,4083515,2025-11-10,32817,,Lifestyle counselling; weight 69.0 kg,
400546,400848,400061,4083515,2026-05-09,32817,,Lifestyle counselling; weight 68.1 kg,
400547,400850,400062,4275495,2022-06-27,32817,,Never smoker,
400548,400850,400062,4083515,2022-06-27,32817,,"Lifestyle counselling: weight loss 7-10%, Mediterranean diet",
400549,400851,400062,4083515,2022-07-29,32817,,Lifestyle counselling reinforced,
400550,400853,400062,4083515,2022-12-26,32817,,Lifestyle counselling; weight 64.1 kg,
400551,400855,400062,4083515,2023-06-30,32817,,Lifestyle counselling; weight 63.9 kg,
400552,400857,400062,4083515,2023-12-18,32817,,Lifestyle counselling; weight 64.5 kg,
400553,400859,400062,4083515,2024-06-28,32817,,Lifestyle counselling; weight 64.8 kg,
400554,400861,400062,4083515,2025-01-04,32817,,Lifestyle counselling; weight 64.2 kg,
400555,400863,400062,4083515,2025-07-13,32817,,Lifestyle counselling; weight 64.1 kg,
400556,400865,400062,4083515,2026-01-15,32817,,Lifestyle counselling; weight 64.1 kg,
400557,400867,400062,4083515,2026-07-19,32817,,Lifestyle counselling; weight 63.9 kg,
400558,400868,400063,4275495,2020-07-10,32817,,Never smoker,
400559,400868,400063,4083515,2020-07-10,32817,,"Lifestyle counselling: weight loss 7-10%, Mediterranean diet",
400560,400869,400063,4083515,2020-08-08,32817,,Lifestyle counselling reinforced,
400561,400870,400063,4083515,2021-01-11,32817,,Lifestyle counselling; weight 66.9 kg,
400562,400871,400063,4083515,2021-07-17,32817,,Lifestyle counselling; weight 66.5 kg,
400563,400872,400063,4083515,2022-01-17,32817,,Lifestyle counselling; weight 66.0 kg,
400564,400873,400063,4083515,2022-07-11,32817,,Lifestyle counselling; weight 65.0 kg,
400565,400874,400063,4083515,2023-01-03,32817,,Lifestyle counselling; weight 64.1 kg,
400566,400875,400063,4083515,2023-07-14,32817,,Lifestyle counselling; weight 63.4 kg,
400567,400876,400064,4275495,2024-04-13,32817,,Never smoker,
400568,400876,400064,4083515,2024-04-13,32817,,"Lifestyle counselling: weight loss 7-10%, Mediterranean diet",
400569,400877,400064,4083515,2024-05-18,32817,,Lifestyle counselling reinforced,
400570,400879,400064,4083515,2024-10-23,32817,,Lifestyle counselling; weight 78.0 kg,
400571,400881,400064,4083515,2025-05-08,32817,,Lifestyle counselling; weight 78.4 kg,
400572,400883,400064,4083515,2025-11-14,32817,,Lifestyle counselling; weight 78.4 kg,
400573,400885,400064,4083515,2026-05-07,32817,,Lifestyle counselling; weight 78.6 kg,
400574,400887,400065,4275495,2020-07-27,32817,,Never smoker,
400575,400887,400065,4083515,2020-07-27,32817,,"Lifestyle counselling: weight loss 7-10%, Mediterranean diet",
400576,400888,400065,4083515,2020-08-29,32817,,Lifestyle counselling reinforced,
400577,400890,400065,4083515,2021-01-27,32817,,Lifestyle counselling; weight 71.7 kg,
400578,400892,400065,4083515,2021-08-12,32817,,Lifestyle counselling; weight 72.5 kg,
400579,400894,400065,4083515,2022-02-24,32817,,Lifestyle counselling; weight 72.0 kg,
400580,400896,400065,4083515,2022-08-23,32817,,Lifestyle counselling; weight 72.3 kg,
400581,400898,400065,4083515,2023-02-20,32817,,Lifestyle counselling; weight 72.9 kg,
400582,400900,400066,4275495,2023-01-21,32817,,Never smoker,
400583,400900,400066,4083515,2023-01-21,32817,,"Lifestyle counselling: weight loss 7-10%, Mediterranean diet",
400584,400901,400066,4083515,2023-02-25,32817,,Lifestyle counselling reinforced,
400585,400903,400066,4083515,2023-07-22,32817,,Lifestyle counselling; weight 71.5 kg,
400586,400905,400066,4083515,2024-01-30,32817,,Lifestyle counselling; weight 71.2 kg,
400587,400907,400066,4083515,2024-08-04,32817,,Lifestyle counselling; weight 71.1 kg,
400588,400909,400066,4083515,2025-02-07,32817,,Lifestyle counselling; weight 71.8 kg,
400589,400911,400066,4083515,2025-07-31,32817,,Lifestyle counselling; weight 71.6 kg,
400590,400913,400066,4083515,2026-02-05,32817,,Lifestyle counselling; weight 71.3 kg,
400591,400915,400067,4275495,2023-08-04,32817,,Never smoker,
400592,400915,400067,4083515,2023-08-04,32817,,"Lifestyle counselling: weight loss 7-10%, Mediterranean diet",
400593,400916,400067,4083515,2023-09-01,32817,,Lifestyle counselling reinforced,
400594,400918,400067,4083515,2024-02-03,32817,,Lifestyle counselling; weight 79.6 kg,
400595,400920,400067,4083515,2024-07-25,32817,,Lifestyle counselling; weight 79.0 kg,
400596,400922,400067,4083515,2025-01-29,32817,,Lifestyle counselling; weight 78.0 kg,
400597,400924,400067,4083515,2025-07-22,32817,,Lifestyle counselling; weight 77.1 kg,
400598,400926,400067,4083515,2026-02-03,32817,,Lifestyle counselling; weight 76.3 kg,
400599,400928,400067,4083515,2026-07-30,32817,,Lifestyle counselling; weight 75.7 kg,
400600,400929,400068,4275495,2022-05-28,32817,,Never smoker,
400601,400929,400068,4083515,2022-05-28,32817,,"Lifestyle counselling: weight loss 7-10%, Mediterranean diet",
400602,400930,400068,4083515,2022-06-25,32817,,Lifestyle counselling reinforced,
400603,400932,400068,4083515,2022-12-09,32817,,Lifestyle counselling; weight 61.5 kg,
400604,400934,400068,4083515,2023-06-01,32817,,Lifestyle counselling; weight 61.1 kg,
400605,400936,400068,4083515,2023-11-20,32817,,Lifestyle counselling; weight 60.7 kg,
400606,400938,400068,4083515,2024-05-24,32817,,Lifestyle counselling; weight 60.3 kg,
400607,400940,400068,4083515,2024-11-24,32817,,Lifestyle counselling; weight 59.8 kg,
400608,400942,400068,4083515,2025-05-24,32817,,Lifestyle counselling; weight 59.7 kg,
400609,400944,400068,4083515,2025-12-03,32817,,Lifestyle counselling; weight 59.7 kg,
400610,400946,400068,4083515,2026-06-07,32817,,Lifestyle counselling; weight 59.1 kg,
400611,400947,400069,4275495,2021-06-23,32817,,Never smoker,
400612,400947,400069,4083515,2021-06-23,32817,,"Lifestyle counselling: weight loss 7-10%, Mediterranean diet",
400613,400948,400069,4083515,2021-07-25,32817,,Lifestyle counselling reinforced,
400614,400950,400069,4083515,2022-01-01,32817,,Lifestyle counselling; weight 74.6 kg,
400615,400952,400069,4083515,2022-06-23,32817,,Lifestyle counselling; weight 74.1 kg,
400616,400954,400069,4083515,2022-12-10,32817,,Lifestyle counselling; weight 73.7 kg,
400617,400956,400069,4083515,2023-05-29,32817,,Lifestyle counselling; weight 74.1 kg,
400618,400958,400069,4083515,2023-11-24,32817,,Lifestyle counselling; weight 74.3 kg,
400619,400960,400069,4083515,2024-05-28,32817,,Lifestyle counselling; weight 74.7 kg,
400620,400962,400069,4083515,2024-11-21,32817,,Lifestyle counselling; weight 74.2 kg,
400621,400964,400070,4275495,2020-02-20,32817,,Never smoker,
400622,400964,400070,4083515,2020-02-20,32817,,"Lifestyle counselling: weight loss 7-10%, Mediterranean diet",
400623,400965,400070,4083515,2020-03-20,32817,,Lifestyle counselling reinforced,
400624,400966,400070,4083515,2020-08-30,32817,,Lifestyle counselling; weight 117.6 kg,
400625,400967,400070,4083515,2021-03-11,32817,,Lifestyle counselling; weight 117.6 kg,
400626,400968,400070,4083515,2021-09-26,32817,,Lifestyle counselling; weight 117.5 kg,
400627,400969,400070,4083515,2022-04-07,32817,,Lifestyle counselling; weight 117.3 kg,
400628,400970,400070,4083515,2022-10-02,32817,,Lifestyle counselling; weight 117.5 kg,
400629,400971,400071,4275495,2019-02-10,32817,,Never smoker,
400630,400971,400071,4083515,2019-02-10,32817,,"Lifestyle counselling: weight loss 7-10%, Mediterranean diet",
400631,400972,400071,4083515,2019-03-14,32817,,Lifestyle counselling reinforced,
400632,400974,400071,4083515,2019-07-30,32817,,Lifestyle counselling; weight 59.9 kg,
400633,400976,400071,4083515,2020-02-13,32817,,Lifestyle counselling; weight 58.7 kg,
400634,400978,400071,4083515,2020-08-28,32817,,Lifestyle counselling; weight 57.7 kg,
400635,400980,400071,4083515,2021-02-16,32817,,Lifestyle counselling; weight 57.3 kg,
400636,400983,400071,4083515,2021-09-01,32817,,Lifestyle counselling; weight 56.9 kg,
400637,400985,400071,4083515,2022-02-25,32817,,Lifestyle counselling; weight 55.8 kg,
400638,400987,400071,4083515,2022-09-12,32817,,Lifestyle counselling; weight 54.7 kg,
400639,400989,400071,4083515,2023-03-23,32817,,Lifestyle counselling; weight 53.9 kg,
400640,400991,400071,4083515,2023-09-20,32817,,Lifestyle counselling; weight 52.8 kg,
400641,400993,400072,4275495,2022-06-30,32817,,Never smoker,
400642,400993,400072,4083515,2022-06-30,32817,,"Lifestyle counselling: weight loss 7-10%, Mediterranean diet",
400643,400994,400072,4083515,2022-07-31,32817,,Lifestyle counselling reinforced,
400644,400995,400072,4083515,2022-12-19,32817,,Lifestyle counselling; weight 46.3 kg,
400645,400997,400073,4275495,2022-03-27,32817,,Never smoker,
400646,400997,400073,4083515,2022-03-27,32817,,"Lifestyle counselling: weight loss 7-10%, Mediterranean diet",
400647,400998,400073,4083515,2022-04-27,32817,,Lifestyle counselling reinforced,
400648,401000,400073,4083515,2022-10-07,32817,,Lifestyle counselling; weight 82.2 kg,
400649,401002,400073,4083515,2023-04-03,32817,,Lifestyle counselling; weight 81.6 kg,
400650,401004,400073,4083515,2023-10-06,32817,,Lifestyle counselling; weight 80.4 kg,
400651,401006,400073,4083515,2024-04-01,32817,,Lifestyle counselling; weight 80.1 kg,
400652,401008,400073,4083515,2024-10-11,32817,,Lifestyle counselling; weight 78.9 kg,
400653,401010,400073,4083515,2025-04-03,32817,,Lifestyle counselling; weight 78.4 kg,
400654,401012,400073,4083515,2025-10-02,32817,,Lifestyle counselling; weight 78.0 kg,
400655,401014,400073,4083515,2026-04-07,32817,,Lifestyle counselling; weight 77.2 kg,
400656,401016,400074,4275495,2022-09-03,32817,,Never smoker,
400657,401016,400074,4083515,2022-09-03,32817,,"Lifestyle counselling: weight loss 7-10%, Mediterranean diet",
400658,401017,400074,4083515,2022-10-01,32817,,Lifestyle counselling reinforced,
400659,401019,400074,4083515,2023-03-19,32817,,Lifestyle counselling; weight 70.5 kg,
400660,401021,400074,4083515,2023-09-24,32817,,Lifestyle counselling; weight 71.0 kg,
400661,401023,400074,4083515,2024-04-01,32817,,Lifestyle counselling; weight 70.6 kg,
400662,401025,400074,4083515,2024-10-04,32817,,Lifestyle counselling; weight 71.4 kg,
400663,401027,400074,4083515,2025-04-02,32817,,Lifestyle counselling; weight 71.1 kg,
400664,401029,400074,4083515,2025-10-06,32817,,Lifestyle counselling; weight 71.6 kg,
400665,401031,400074,4083515,2026-03-25,32817,,Lifestyle counselling; weight 71.2 kg,
400666,401033,400075,4275495,2019-11-11,32817,,Current smoker,
400667,401033,400075,4083515,2019-11-11,32817,,"Lifestyle counselling: weight loss 7-10%, Mediterranean diet",
400668,401034,400075,4083515,2019-12-15,32817,,Lifestyle counselling reinforced,
400669,401035,400075,4083515,2020-05-26,32817,,Lifestyle counselling; weight 71.5 kg,
400670,401036,400075,4083515,2020-11-25,32817,,Lifestyle counselling; weight 70.9 kg,
400671,401037,400075,4083515,2021-05-19,32817,,Lifestyle counselling; weight 69.8 kg,
400672,401038,400075,4083515,2021-11-19,32817,,Lifestyle counselling; weight 69.5 kg,
400673,401039,400075,4083515,2022-05-26,32817,,Lifestyle counselling; weight 68.7 kg,
400674,401040,400075,4083515,2022-11-23,32817,,Lifestyle counselling; weight 67.6 kg,
400675,401041,400075,4083515,2023-05-20,32817,,Lifestyle counselling; weight 66.6 kg,
400676,401042,400075,4083515,2023-11-17,32817,,Lifestyle counselling; weight 65.9 kg,
400677,401043,400075,4083515,2024-05-26,32817,,Lifestyle counselling; weight 65.1 kg,
400678,401044,400075,4083515,2024-11-14,32817,,Lifestyle counselling; weight 64.4 kg,
400679,401045,400076,4275495,2020-04-23,32817,,Never smoker,
400680,401045,400076,4083515,2020-04-23,32817,,"Lifestyle counselling: weight loss 7-10%, Mediterranean diet",
400681,401046,400076,4083515,2020-05-25,32817,,Lifestyle counselling reinforced,
400682,401047,400076,4083515,2020-10-22,32817,,Lifestyle counselling; weight 56.1 kg,
400683,401048,400076,4083515,2021-04-19,32817,,Lifestyle counselling; weight 55.9 kg,
400684,401049,400076,4083515,2021-10-14,32817,,Lifestyle counselling; weight 56.5 kg,
400685,401050,400076,4083515,2022-04-18,32817,,Lifestyle counselling; weight 57.0 kg,
400686,401051,400076,4083515,2022-10-16,32817,,Lifestyle counselling; weight 57.8 kg,
400687,401052,400076,4083515,2023-05-01,32817,,Lifestyle counselling; weight 58.6 kg,
400688,401053,400076,4083515,2023-10-19,32817,,Lifestyle counselling; weight 58.1 kg,
400689,401054,400076,4083515,2024-04-19,32817,,Lifestyle counselling; weight 58.0 kg,
400690,401055,400076,4083515,2024-10-19,32817,,Lifestyle counselling; weight 57.5 kg,
400691,401056,400076,4083515,2025-05-02,32817,,Lifestyle counselling; weight 57.5 kg,
400692,401057,400077,4275495,2019-03-11,32817,,Current smoker,
400693,401057,400077,4083515,2019-03-11,32817,,"Lifestyle counselling: weight loss 7-10%, Mediterranean diet",
400694,401058,400077,4083515,2019-04-11,32817,,Lifestyle counselling reinforced,
400695,401060,400077,4083515,2019-09-16,32817,,Lifestyle counselling; weight 89.4 kg,
400696,401062,400077,4083515,2020-03-28,32817,,Lifestyle counselling; weight 89.7 kg,
400697,401064,400077,4083515,2020-09-18,32817,,Lifestyle counselling; weight 89.8 kg,
400698,401066,400077,4083515,2021-03-30,32817,,Lifestyle counselling; weight 89.6 kg,
400699,401068,400077,4083515,2021-10-03,32817,,Lifestyle counselling; weight 90.3 kg,
400700,401070,400077,4083515,2022-04-21,32817,,Lifestyle counselling; weight 90.1 kg,
400701,401072,400078,4275495,2021-03-08,32817,,Never smoker,
400702,401072,400078,4083515,2021-03-08,32817,,"Lifestyle counselling: weight loss 7-10%, Mediterranean diet",
400703,401073,400078,4083515,2021-04-12,32817,,Lifestyle counselling reinforced,
400704,401077,400078,4083515,2021-09-08,32817,,Lifestyle counselling; weight 75.7 kg,
400705,401079,400078,4083515,2022-03-27,32817,,Lifestyle counselling; weight 75.8 kg,
400706,401081,400078,4083515,2022-09-13,32817,,Lifestyle counselling; weight 76.6 kg,
400707,401083,400078,4083515,2023-03-08,32817,,Lifestyle counselling; weight 77.1 kg,
400708,401085,400078,4083515,2023-08-28,32817,,Lifestyle counselling; weight 77.1 kg,
400709,401087,400078,4083515,2024-03-12,32817,,Lifestyle counselling; weight 77.5 kg,
400710,401089,400079,4275495,2019-10-20,32817,,Never smoker,
400711,401089,400079,4083515,2019-10-20,32817,,"Lifestyle counselling: weight loss 7-10%, Mediterranean diet",
400712,401090,400079,4083515,2019-11-22,32817,,Lifestyle counselling reinforced,
400713,401092,400079,4083515,2020-04-23,32817,,Lifestyle counselling; weight 52.1 kg,
400714,401094,400079,4083515,2020-10-12,32817,,Lifestyle counselling; weight 52.5 kg,
400715,401096,400079,4083515,2021-04-03,32817,,Lifestyle counselling; weight 52.5 kg,
400716,401098,400079,4083515,2021-10-05,32817,,Lifestyle counselling; weight 52.5 kg,
400717,401100,400079,4083515,2022-04-18,32817,,Lifestyle counselling; weight 53.1 kg,
400718,401102,400079,4083515,2022-10-27,32817,,Lifestyle counselling; weight 53.0 kg,
400719,401104,400079,4083515,2023-04-24,32817,,Lifestyle counselling; weight 53.1 kg,
400720,401106,400080,4275495,2019-10-01,32817,,Never smoker,
400721,401106,400080,4083515,2019-10-01,32817,,"Lifestyle counselling: weight loss 7-10%, Mediterranean diet",
400722,401107,400080,4083515,2019-10-30,32817,,Lifestyle counselling reinforced,
400723,401109,400080,4083515,2020-04-17,32817,,Lifestyle counselling; weight 77.1 kg,
400724,401111,400080,4083515,2020-10-14,32817,,Lifestyle counselling; weight 76.3 kg,
400725,401113,400080,4083515,2021-04-08,32817,,Lifestyle counselling; weight 75.9 kg,
400726,401115,400080,4083515,2021-10-04,32817,,Lifestyle counselling; weight 74.8 kg,
400727,401117,400080,4083515,2022-04-03,32817,,Lifestyle counselling; weight 74.1 kg,
400728,401119,400080,4083515,2022-10-15,32817,,Lifestyle counselling; weight 73.4 kg,
400729,401121,400081,4275495,2021-01-01,32817,,Never smoker,
400730,401121,400081,4083515,2021-01-01,32817,,"Lifestyle counselling: weight loss 7-10%, Mediterranean diet",
400731,401122,400081,4083515,2021-02-05,32817,,Lifestyle counselling reinforced,
400732,401123,400081,4083515,2021-06-26,32817,,Lifestyle counselling; weight 63.6 kg,
400733,401124,400081,4083515,2021-12-22,32817,,Lifestyle counselling; weight 63.1 kg,
400734,401125,400081,4083515,2022-06-10,32817,,Lifestyle counselling; weight 62.7 kg,
400735,401126,400081,4083515,2022-11-27,32817,,Lifestyle counselling; weight 61.7 kg,
400736,401127,400081,4083515,2023-06-15,32817,,Lifestyle counselling; weight 60.7 kg,
400737,401128,400081,4083515,2023-12-17,32817,,Lifestyle counselling; weight 59.7 kg,
400738,401129,400082,4275495,2022-11-06,32817,,Never smoker,
400739,401129,400082,4083515,2022-11-06,32817,,"Lifestyle counselling: weight loss 7-10%, Mediterranean diet",
400740,401130,400082,4083515,2022-12-07,32817,,Lifestyle counselling reinforced,
400741,401134,400082,4083515,2023-05-08,32817,,Lifestyle counselling; weight 103.3 kg,
400742,401136,400082,4083515,2023-11-02,32817,,Lifestyle counselling; weight 103.1 kg,
400743,401138,400082,4083515,2024-05-07,32817,,Lifestyle counselling; weight 103.1 kg,
400744,401140,400082,4083515,2024-10-30,32817,,Lifestyle counselling; weight 102.9 kg,
400745,401142,400082,4083515,2025-04-22,32817,,Lifestyle counselling; weight 102.9 kg,
400746,401144,400082,4083515,2025-10-19,32817,,Lifestyle counselling; weight 103.1 kg,
400747,401147,400083,4275495,2023-12-25,32817,,Never smoker,
400748,401147,400083,4083515,2023-12-25,32817,,"Lifestyle counselling: weight loss 7-10%, Mediterranean diet",
400749,401148,400083,4083515,2024-01-26,32817,,Lifestyle counselling reinforced,
400750,401150,400083,4083515,2024-06-29,32817,,Lifestyle counselling; weight 74.9 kg,
400751,401152,400083,4083515,2024-12-29,32817,,Lifestyle counselling; weight 74.6 kg,
400752,401154,400083,4083515,2025-07-01,32817,,Lifestyle counselling; weight 74.6 kg,
400753,401156,400083,4083515,2025-12-23,32817,,Lifestyle counselling; weight 75.2 kg,
400754,401158,400084,4275495,2020-12-25,32817,,Never smoker,
400755,401158,400084,4083515,2020-12-25,32817,,"Lifestyle counselling: weight loss 7-10%, Mediterranean diet",
400756,401159,400084,4083515,2021-01-22,32817,,Lifestyle counselling reinforced,
400757,401161,400084,4083515,2021-07-09,32817,,Lifestyle counselling; weight 65.9 kg,
400758,401164,400084,4083515,2022-01-04,32817,,Lifestyle counselling; weight 65.4 kg,
400759,401166,400084,4083515,2022-06-25,32817,,Lifestyle counselling; weight 64.5 kg,
400760,401168,400084,4083515,2022-12-12,32817,,Lifestyle counselling; weight 64.1 kg,
400761,401170,400085,4275495,2024-04-25,32817,,Never smoker,
400762,401170,400085,4083515,2024-04-25,32817,,"Lifestyle counselling: weight loss 7-10%, Mediterranean diet",
400763,401171,400085,4083515,2024-05-26,32817,,Lifestyle counselling reinforced,
400764,401173,400085,4083515,2024-10-12,32817,,Lifestyle counselling; weight 53.3 kg,
400765,401175,400085,4083515,2025-04-02,32817,,Lifestyle counselling; weight 53.0 kg,
400766,401177,400085,4083515,2025-10-05,32817,,Lifestyle counselling; weight 53.4 kg,
400767,401180,400085,4083515,2026-07-22,32817,,Lifestyle counselling; weight 53.2 kg,
400768,401181,400086,4275495,2024-03-29,32817,,Never smoker,
400769,401181,400086,4083515,2024-03-29,32817,,"Lifestyle counselling: weight loss 7-10%, Mediterranean diet",
400770,401182,400086,4083515,2024-05-03,32817,,Lifestyle counselling reinforced,
400771,401184,400086,4083515,2024-10-07,32817,,Lifestyle counselling; weight 58.8 kg,
400772,401186,400086,4083515,2025-04-07,32817,,Lifestyle counselling; weight 58.1 kg,
400773,401188,400086,4083515,2025-09-27,32817,,Lifestyle counselling; weight 57.7 kg,
400774,401190,400086,4083515,2026-03-24,32817,,Lifestyle counselling; weight 56.9 kg,
400775,401192,400087,4275495,2019-08-13,32817,,Never smoker,
400776,401192,400087,4083515,2019-08-13,32817,,"Lifestyle counselling: weight loss 7-10%, Mediterranean diet",
400777,401193,400087,4083515,2019-09-17,32817,,Lifestyle counselling reinforced,
400778,401195,400087,4083515,2020-02-23,32817,,Lifestyle counselling; weight 78.9 kg,
400779,401197,400087,4083515,2020-09-10,32817,,Lifestyle counselling; weight 77.8 kg,
400780,401199,400087,4083515,2021-03-06,32817,,Lifestyle counselling; weight 77.1 kg,
400781,401201,400087,4083515,2021-08-30,32817,,Lifestyle counselling; weight 76.3 kg,
400782,401203,400088,4275495,2021-08-31,32817,,Never smoker,
400783,401203,400088,4083515,2021-08-31,32817,,"Lifestyle counselling: weight loss 7-10%, Mediterranean diet",
400784,401204,400088,4083515,2021-09-30,32817,,Lifestyle counselling reinforced,
400785,401206,400088,4083515,2022-03-10,32817,,Lifestyle counselling; weight 85.3 kg,
400786,401208,400088,4083515,2022-09-10,32817,,Lifestyle counselling; weight 85.0 kg,
400787,401210,400088,4083515,2023-02-27,32817,,Lifestyle counselling; weight 85.0 kg,
400788,401212,400088,4083515,2023-09-10,32817,,Lifestyle counselling; weight 84.5 kg,
400789,401214,400088,4083515,2024-02-29,32817,,Lifestyle counselling; weight 84.6 kg,
400790,401216,400089,4275495,2021-09-08,32817,,Never smoker,
400791,401216,400089,4083515,2021-09-08,32817,,"Lifestyle counselling: weight loss 7-10%, Mediterranean diet",
400792,401217,400089,4083515,2021-10-11,32817,,Lifestyle counselling reinforced,
400793,401219,400089,4083515,2022-03-09,32817,,Lifestyle counselling; weight 60.9 kg,
400794,401221,400089,4083515,2022-09-02,32817,,Lifestyle counselling; weight 61.1 kg,
400795,401223,400089,4083515,2023-03-03,32817,,Lifestyle counselling; weight 60.6 kg,
400796,401225,400089,4083515,2023-09-05,32817,,Lifestyle counselling; weight 60.9 kg,
400797,401227,400090,4275495,2024-07-27,32817,,Never smoker,
400798,401227,400090,4083515,2024-07-27,32817,,"Lifestyle counselling: weight loss 7-10%, Mediterranean diet",
400799,401228,400090,4083515,2024-08-30,32817,,Lifestyle counselling reinforced,
400800,401230,400090,4083515,2025-02-10,32817,,Lifestyle counselling; weight 74.5 kg,
400801,401232,400090,4083515,2025-08-08,32817,,Lifestyle counselling; weight 74.7 kg,
400802,401234,400090,4083515,2026-01-28,32817,,Lifestyle counselling; weight 74.5 kg,
400803,401236,400090,4083515,2026-08-03,32817,,Lifestyle counselling; weight 74.3 kg,
400804,401237,400091,4275495,2023-04-01,32817,,Never smoker,
400805,401237,400091,4083515,2023-04-01,32817,,"Lifestyle counselling: weight loss 7-10%, Mediterranean diet",
400806,401238,400091,4083515,2023-05-01,32817,,Lifestyle counselling reinforced,
400807,401240,400091,4083515,2023-10-07,32817,,Lifestyle counselling; weight 57.6 kg,
400808,401242,400091,4083515,2024-04-02,32817,,Lifestyle counselling; weight 57.7 kg,
400809,401244,400091,4083515,2024-10-07,32817,,Lifestyle counselling; weight 58.5 kg,
400810,401246,400091,4083515,2025-04-05,32817,,Lifestyle counselling; weight 58.2 kg,
400811,401248,400091,4083515,2025-10-09,32817,,Lifestyle counselling; weight 58.3 kg,
400812,401250,400091,4083515,2026-04-09,32817,,Lifestyle counselling; weight 58.7 kg,
400813,401252,400092,4275495,2023-11-30,32817,,Never smoker,
400814,401252,400092,4083515,2023-11-30,32817,,"Lifestyle counselling: weight loss 7-10%, Mediterranean diet",
400815,401253,400092,4083515,2024-01-02,32817,,Lifestyle counselling reinforced,
400816,401257,400092,4083515,2024-05-28,32817,,Lifestyle counselling; weight 70.3 kg,
400817,401259,400092,4083515,2024-12-14,32817,,Lifestyle counselling; weight 69.5 kg,
400818,401261,400092,4083515,2025-07-02,32817,,Lifestyle counselling; weight 68.9 kg,
400819,401263,400092,4083515,2026-01-05,32817,,Lifestyle counselling; weight 68.2 kg,
400820,401265,400093,4275495,2022-09-06,32817,,Never smoker,
400821,401265,400093,4083515,2022-09-06,32817,,"Lifestyle counselling: weight loss 7-10%, Mediterranean diet",
400822,401266,400093,4083515,2022-10-07,32817,,Lifestyle counselling reinforced,
400823,401267,400093,4083515,2023-03-05,32817,,Lifestyle counselling; weight 69.6 kg,
400824,401268,400093,4083515,2023-09-05,32817,,Lifestyle counselling; weight 68.7 kg,
400825,401269,400093,4083515,2024-02-24,32817,,Lifestyle counselling; weight 67.6 kg,
400826,401270,400093,4083515,2024-09-11,32817,,Lifestyle counselling; weight 66.7 kg,
400827,401272,400094,4275495,2023-12-20,32817,,Never smoker,
400828,401272,400094,4083515,2023-12-20,32817,,"Lifestyle counselling: weight loss 7-10%, Mediterranean diet",
400829,401273,400094,4083515,2024-01-21,32817,,Lifestyle counselling reinforced,
400830,401275,400094,4083515,2024-06-07,32817,,Lifestyle counselling; weight 53.6 kg,
400831,401277,400094,4083515,2024-12-21,32817,,Lifestyle counselling; weight 54.1 kg,
400832,401279,400094,4083515,2025-07-02,32817,,Lifestyle counselling; weight 54.7 kg,
400833,401281,400094,4083515,2025-12-30,32817,,Lifestyle counselling; weight 55.2 kg,
400834,401283,400094,4083515,2026-07-12,32817,,Lifestyle counselling; weight 54.6 kg,
400835,401284,400095,4275495,2023-08-14,32817,,Never smoker,
400836,401284,400095,4083515,2023-08-14,32817,,"Lifestyle counselling: weight loss 7-10%, Mediterranean diet",
400837,401285,400095,4083515,2023-09-13,32817,,Lifestyle counselling reinforced,
400838,401288,400095,4083515,2024-02-14,32817,,Lifestyle counselling; weight 75.8 kg,
400839,401290,400095,4083515,2024-08-25,32817,,Lifestyle counselling; weight 76.5 kg,
400840,401292,400095,4083515,2025-02-26,32817,,Lifestyle counselling; weight 76.5 kg,
400841,401294,400095,4083515,2025-08-27,32817,,Lifestyle counselling; weight 77.0 kg,
400842,401296,400095,4083515,2026-02-20,32817,,Lifestyle counselling; weight 77.6 kg,
400843,401298,400095,4083515,2026-08-24,32817,,Lifestyle counselling; weight 77.2 kg,
400844,401299,400096,4275495,2021-05-16,32817,,Never smoker,
400845,401299,400096,4083515,2021-05-16,32817,,"Lifestyle counselling: weight loss 7-10%, Mediterranean diet",
400846,401300,400096,4083515,2021-06-17,32817,,Lifestyle counselling reinforced,
400847,401302,400096,4083515,2021-12-01,32817,,Lifestyle counselling; weight 71.2 kg,
400848,401304,400096,4083515,2022-05-26,32817,,Lifestyle counselling; weight 71.9 kg,
400849,401306,400096,4083515,2022-11-21,32817,,Lifestyle counselling; weight 71.3 kg,
400850,401308,400096,4083515,2023-06-01,32817,,Lifestyle counselling; weight 71.3 kg,
400851,401310,400096,4083515,2023-12-16,32817,,Lifestyle counselling; weight 70.8 kg,
400852,401312,400096,4083515,2024-06-25,32817,,Lifestyle counselling; weight 71.3 kg,
400853,401314,400097,4275495,2020-05-21,32817,,Never smoker,
400854,401314,400097,4083515,2020-05-21,32817,,"Lifestyle counselling: weight loss 7-10%, Mediterranean diet",
400855,401315,400097,4083515,2020-06-23,32817,,Lifestyle counselling reinforced,
400856,401317,400097,4083515,2020-11-22,32817,,Lifestyle counselling; weight 68.8 kg,
400857,401319,400097,4083515,2021-05-24,32817,,Lifestyle counselling; weight 68.4 kg,
400858,401321,400097,4083515,2021-11-27,32817,,Lifestyle counselling; weight 68.1 kg,
400859,401323,400097,4083515,2022-05-24,32817,,Lifestyle counselling; weight 68.3 kg,
400860,401325,400097,4083515,2022-12-08,32817,,Lifestyle counselling; weight 67.7 kg,
400861,401327,400097,4083515,2023-06-14,32817,,Lifestyle counselling; weight 68.5 kg,
400862,401329,400097,4083515,2023-12-11,32817,,Lifestyle counselling; weight 69.3 kg,
400863,401331,400097,4083515,2024-06-18,32817,,Lifestyle counselling; weight 69.4 kg,
400864,401333,400097,4083515,2025-01-04,32817,,Lifestyle counselling; weight 69.0 kg,
400865,401335,400098,4275495,2020-09-26,32817,,Never smoker,
400866,401335,400098,4083515,2020-09-26,32817,,"Lifestyle counselling: weight loss 7-10%, Mediterranean diet",
400867,401336,400098,4083515,2020-10-26,32817,,Lifestyle counselling reinforced,
400868,401338,400098,4083515,2021-04-09,32817,,Lifestyle counselling; weight 73.4 kg,
400869,401340,400098,4083515,2021-10-05,32817,,Lifestyle counselling; weight 73.6 kg,
400870,401342,400098,4083515,2022-04-05,32817,,Lifestyle counselling; weight 74.0 kg,
400871,401344,400098,4083515,2022-10-19,32817,,Lifestyle counselling; weight 74.7 kg,
400872,401346,400098,4083515,2023-05-04,32817,,Lifestyle counselling; weight 74.3 kg,
400873,401348,400098,4083515,2023-11-19,32817,,Lifestyle counselling; weight 74.0 kg,
400874,401350,400098,4083515,2024-05-15,32817,,Lifestyle counselling; weight 74.0 kg,
400875,401352,400098,4083515,2024-11-30,32817,,Lifestyle counselling; weight 74.3 kg,
400876,401354,400098,4083515,2025-06-10,32817,,Lifestyle counselling; weight 74.3 kg,
400877,401356,400099,4275495,2019-01-08,32817,,Current smoker,
400878,401356,400099,4083515,2019-01-08,32817,,"Lifestyle counselling: weight loss 7-10%, Mediterranean diet",
400879,401357,400099,4083515,2019-02-10,32817,,Lifestyle counselling reinforced,
400880,401359,400099,4083515,2019-07-01,32817,,Lifestyle counselling; weight 75.6 kg,
400881,401361,400099,4083515,2019-12-30,32817,,Lifestyle counselling; weight 74.9 kg,
400882,401363,400099,4083515,2020-06-23,32817,,Lifestyle counselling; weight 74.0 kg,
400883,401365,400099,4083515,2020-12-31,32817,,Lifestyle counselling; weight 72.9 kg,
400884,401367,400099,4083515,2021-07-17,32817,,Lifestyle counselling; weight 72.4 kg,
400885,401369,400100,4275495,2022-11-15,32817,,Never smoker,
400886,401369,400100,4083515,2022-11-15,32817,,"Lifestyle counselling: weight loss 7-10%, Mediterranean diet",
400887,401370,400100,4083515,2022-12-16,32817,,Lifestyle counselling reinforced,
400888,401373,400100,4083515,2023-06-03,32817,,Lifestyle counselling; weight 73.1 kg,
400889,401376,400100,4083515,2023-12-17,32817,,Lifestyle counselling; weight 73.6 kg,
400890,401378,400100,4083515,2024-06-21,32817,,Lifestyle counselling; weight 74.3 kg,
400891,401380,400100,4083515,2024-12-21,32817,,Lifestyle counselling; weight 74.9 kg,
400892,401382,400100,4083515,2025-06-12,32817,,Lifestyle counselling; weight 75.5 kg,
400893,401384,400100,4083515,2025-12-12,32817,,Lifestyle counselling; weight 75.6 kg,
400894,401386,400100,4083515,2026-06-08,32817,,Lifestyle counselling; weight 75.3 kg,
