concept_set_id,concept_id,code,label
STAGE_SYSTEM,10000000057,AJCC,AJCC
STAGE_SYSTEM,10000000058,Lugano,Lugano
STAGE_SYSTEM,10000000059,Ann_Arbor,Ann Arbor
STAGE_SYSTEM,10000000060,FIGO,FIGO
STAGE_SYSTEM,10000000061,기타,기타
STAGE_EDITION,10000000063,7,7
STAGE_EDITION,10000000064,8,8
STAGE_EDITION,10000000065,9,9
STAGE_CONTEXT,10000000067,c,임상
STAGE_CONTEXT,10000000068,p,병리
STAGE_CONTEXT,10000000069,yc,선행치료 후 임상
STAGE_CONTEXT,10000000070,yp,선행치료 후 병리
STAGE_CONTEXT,10000000071,r,재병기
STAGE_GROUP_AJCC8,10000000073,0,0
STAGE_GROUP_AJCC8,10000000074,IA,IA
STAGE_GROUP_AJCC8,10000000075,IA1,IA1
STAGE_GROUP_AJCC8,10000000076,IA2,IA2
STAGE_GROUP_AJCC8,10000000077,IA3,IA3
STAGE_GROUP_AJCC8,10000000078,IB,IB
STAGE_GROUP_AJCC8,10000000079,IIA,IIA
STAGE_GROUP_AJCC8,10000000080,IIB,IIB
STAGE_GROUP_AJCC8,10000000081,IIIA,IIIA
STAGE_GROUP_AJCC8,10000000082,IIIB,IIIB
STAGE_GROUP_AJCC8,10000000083,IIIC,IIIC
STAGE_GROUP_AJCC8,10000000084,IVA,IVA
STAGE_GROUP_AJCC8,10000000085,IVB,IVB
STAGE_GROUP_AJCC8,10000000086,IVC,IVC
STAGE_GROUP_AJCC8,10000000087,IV,IV
STAGE_LUGANO,10000000089,I,I
STAGE_LUGANO,10000000090,IE,IE
STAGE_LUGANO,10000000091,II,II
STAGE_LUGANO,10000000092,IIE,IIE
STAGE_LUGANO,10000000091,II,bulky
STAGE_LUGANO,10000000093,III,III
STAGE_LUGANO,10000000094,IV,IV
STAGE_MODIFIER,10000000096,A,A
STAGE_MODIFIER,10000000097,B,B
STAGE_MODIFIER,10000000098,E,E
STAGE_MODIFIER,10000000099,S,S
STAGE_MODIFIER,10000000100,X,X
TNM_T,10000000102,TX,TX
TNM_T,10000000103,T0,T0
TNM_T,10000000104,Tis,Tis
TNM_T,10000000105,T1,T1
TNM_T,10000000106,T1a,T1a
TNM_T,10000000107,T1b,T1b
TNM_T,10000000108,T1c,T1c
TNM_T,10000000109,T2,T2
TNM_T,10000000110,T2a,T2a
TNM_T,10000000111,T2b,T2b
TNM_T,10000000112,T3,T3
TNM_T,10000000113,T4,T4
TNM_T,10000000114,T4a,T4a
TNM_T,10000000115,T4b,T4b
TNM_N,10000000117,NX,NX
TNM_N,10000000118,N0,N0
TNM_N,10000000119,N1,N1
TNM_N,10000000120,N1a,N1a
TNM_N,10000000121,N1b,N1b
TNM_N,10000000122,N1c,N1c
TNM_N,10000000123,N2,N2
TNM_N,10000000124,N2a,N2a
TNM_N,10000000125,N2b,N2b
TNM_N,10000000126,N3,N3
TNM_M,10000000128,MX,MX
TNM_M,10000000129,M0,M0
TNM_M,10000000130,M1,M1
TNM_M,10000000131,M1a,M1a
TNM_M,10000000132,M1b,M1b
TNM_M,10000000133,M1c,M1c
ECOG,10000000135,0,0
ECOG,10000000136,1,1
ECOG,10000000137,2,2
ECOG,10000000138,3,3
ECOG,10000000139,4,4
ECOG,10000000140,5,5
RESPONSE_CRITERIA,10000000142,RECIST_1.1,RECIST 1.1
RESPONSE_CRITERIA,10000000143,iRECIST,iRECIST
RESPONSE_CRITERIA,10000000144,Lugano_2014,Lugano 2014
RESPONSE_CRITERIA,10000000145,Cheson_2007,Cheson 2007
RESPONSE_CRITERIA,10000000146,Deauville,Deauville
RESPONSE_CRITERIA,10000000147,RCB,RCB
RESPONSE_CRITERIA,10000000148,pCR,pCR
RESPONSE_CRITERIA,10000000149,mRECIST,mRECIST
RESPONSE_CRITERIA,10000000150,기타,기타
RESPONSE,10000000152,CR,CR
RESPONSE,10000000153,PR,PR
RESPONSE,10000000154,SD,SD
RESPONSE,10000000155,PD,PD
RESPONSE,10000000156,NE,NE
DEAUVILLE,10000000158,1,1
DEAUVILLE,10000000159,2,2
DEAUVILLE,10000000160,3,3
DEAUVILLE,10000000161,4,4
DEAUVILLE,10000000162,5,5
DEAUVILLE,10000000163,X,X
RCB_CLASS,10000000165,0,(pCR)
RCB_CLASS,10000000166,I,I
RCB_CLASS,10000000167,II,II
RCB_CLASS,10000000168,III,III
CTCAE_GRADE,10000000170,1,1
CTCAE_GRADE,10000000171,2,2
CTCAE_GRADE,10000000172,3,3
CTCAE_GRADE,10000000173,4,4
CTCAE_GRADE,10000000174,5,5
AE_CAUSALITY,10000000176,확실,확실
AE_CAUSALITY,10000000177,상당히_확실,상당히 확실
AE_CAUSALITY,10000000178,가능,가능
AE_CAUSALITY,10000000179,가능성_적음,가능성 적음
AE_CAUSALITY,10000000180,평가_불가,평가 불가
AE_CAUSALITY,10000000181,관련_없음,관련 없음
AE_SERIOUSNESS,10000000183,사망,사망
AE_SERIOUSNESS,10000000184,생명_위협,생명 위협
AE_SERIOUSNESS,10000000185,입원·연장,입원·연장
AE_SERIOUSNESS,10000000186,장애,장애
AE_SERIOUSNESS,10000000187,선천_기형,선천 기형
AE_SERIOUSNESS,10000000188,기타_중요,기타 중요
YN,10000000190,1,예
YN,10000000191,0,아니오
YN,10000000192,9,모름
FAMILY_RELATION,10000000194,부,부
FAMILY_RELATION,10000000195,모,모
FAMILY_RELATION,10000000196,형제,형제
FAMILY_RELATION,10000000197,자매,자매
FAMILY_RELATION,10000000198,자녀,자녀
FAMILY_RELATION,10000000199,조부모,조부모
FAMILY_RELATION,10000000200,기타_2촌_이내,기타 2촌 이내
FAMILY_RELATION,10000000201,3촌_이상,3촌 이상
DISCHARGE_STATUS,10000000203,호전,호전
DISCHARGE_STATUS,10000000204,미호전,미호전
DISCHARGE_STATUS,10000000205,사망,사망
DISCHARGE_STATUS,10000000206,전원,전원
DISCHARGE_STATUS,10000000207,자의_퇴원,자의 퇴원
DISCHARGE_STATUS,10000000208,기타,기타
SMOKING_STATUS,10000000210,현재,현재
SMOKING_STATUS,10000000211,과거,과거
SMOKING_STATUS,10000000212,비흡연,비흡연
SURG_PURPOSE,10000000214,근치,근치
SURG_PURPOSE,10000000215,고식,고식
SURG_PURPOSE,10000000216,진단,진단
SURG_PURPOSE,10000000217,예방,예방
SURG_PURPOSE,10000000218,재건,재건
SURG_PURPOSE,10000000219,이식,이식
SURG_APPROACH,10000000221,개복,개복
SURG_APPROACH,10000000222,복강경,복강경
SURG_APPROACH,10000000223,로봇,로봇
SURG_APPROACH,10000000224,흉강경,흉강경
SURG_APPROACH,10000000225,내시경,내시경
SURG_APPROACH,10000000226,전환(비개복→개복),전환(비개복→개복)
RT_PURPOSE,10000000228,근치,근치
RT_PURPOSE,10000000229,보조,보조
RT_PURPOSE,10000000230,선행,선행
RT_PURPOSE,10000000231,고식,고식
RT_PURPOSE,10000000232,예방적,예방적
BIOMARKER_RESULT,10000000234,양성,양성
BIOMARKER_RESULT,10000000235,음성,음성
BIOMARKER_RESULT,10000000236,불명확,불명확
BIOMARKER_RESULT,10000000237,미시행,미시행
BIOMARKER_RESULT,10000000238,부적절_검체,부적절 검체
BIRADS_DENSITY,10000000240,A,A
BIRADS_DENSITY,10000000241,B,B
BIRADS_DENSITY,10000000242,C,C
BIRADS_DENSITY,10000000243,D,D
FIBROSIS_STAGE,10000000245,F0,F0
FIBROSIS_STAGE,10000000246,F1,F1
FIBROSIS_STAGE,10000000247,F1a,F1a
FIBROSIS_STAGE,10000000248,F1b,F1b
FIBROSIS_STAGE,10000000249,F1c,F1c
FIBROSIS_STAGE,10000000250,F2,F2
FIBROSIS_STAGE,10000000251,F3,F3
FIBROSIS_STAGE,10000000252,F4,F4
NAS_STEATOSIS,10000000254,0,0
NAS_STEATOSIS,10000000255,1,1
NAS_STEATOSIS,10000000256,2,2
NAS_STEATOSIS,10000000257,3,3
CHILD_PUGH,10000000259,A,A
CHILD_PUGH,10000000260,B,B
CHILD_PUGH,10000000261,C,C
CKD_STAGE,10000000263,G1,G1
CKD_STAGE,10000000264,G2,G2
CKD_STAGE,10000000265,G3a,G3a
CKD_STAGE,10000000266,G3b,G3b
CKD_STAGE,10000000267,G4,G4
CKD_STAGE,10000000268,G5,G5
DR_SEVERITY,10000000270,없음,없음
DR_SEVERITY,10000000271,경증_NPDR,경증 NPDR
DR_SEVERITY,10000000272,중등도_NPDR,중등도 NPDR
DR_SEVERITY,10000000273,중증_NPDR,중증 NPDR
DR_SEVERITY,10000000274,PDR,PDR
WAGNER,10000000276,0,0
WAGNER,10000000277,1,1
WAGNER,10000000278,2,2
WAGNER,10000000279,3,3
WAGNER,10000000280,4,4
WAGNER,10000000281,5,5
DM_TYPE,10000000283,1형,1형
DM_TYPE,10000000284,2형,2형
DM_TYPE,10000000285,임신성,임신성
DM_TYPE,10000000286,기타_특정형,기타 특정형
DM_TYPE,10000000287,미분류,미분류
RISK_GROUP,10000000289,저위험,저위험
RISK_GROUP,10000000290,저중간,저중간
RISK_GROUP,10000000291,고중간,고중간
RISK_GROUP,10000000292,고위험,고위험
SCT_TYPE,10000000294,자가,자가
SCT_TYPE,10000000295,동종_형제,동종 형제
SCT_TYPE,10000000296,동종_비혈연,동종 비혈연
SCT_TYPE,10000000297,반일치,반일치
SCT_TYPE,10000000298,제대혈,제대혈
ANTP_THERAPY.treatment_intent_type,10000000300,1,Neoadjuvant
ANTP_THERAPY.treatment_intent_type,10000000301,2,Adjuvant
ANTP_THERAPY.treatment_intent_type,10000000302,3,Palliative
ANTP_THERAPY.treatment_intent_type,10000000303,4,Maintenance
ANTP_THERAPY.treatment_intent_type,10000000304,5,Definitive
ANTP_THERAPY.treatment_intent_type,10000000305,6,Salvage
ANTP_THERAPY.drug_category,10000000307,1,세포독성항암제
ANTP_THERAPY.drug_category,10000000308,2,표적치료제
ANTP_THERAPY.drug_category,10000000309,3,호르몬치료제
ANTP_THERAPY.drug_category,10000000310,4,항체-약물 접합체
ANTP_THERAPY.drug_category,10000000311,5,면역항암제
ANTP_THERAPY.drug_category,10000000312,6,기타
CL_ACTION_TAKEN_CONCEPT_ID,10000000736,NO_CHANGE,용량 변경 없음
CL_ACTION_TAKEN_CONCEPT_ID,10000000737,REDUCED,용량 감량
CL_ACTION_TAKEN_CONCEPT_ID,10000000738,INTERRUPTED,투여 중단(일시)
CL_ACTION_TAKEN_CONCEPT_ID,10000000739,WITHDRAWN,투여 영구 중단
CL_ACTION_TAKEN_CONCEPT_ID,10000000740,DELAYED,치료 연기
CL_ACTION_TAKEN_CONCEPT_ID,10000000741,NA,해당없음
CL_ADENOCARCINOMA_PREDOMINANT_SUBTYPE,10000000742,LEPIDIC,인설상형(lepidic)
CL_ADENOCARCINOMA_PREDOMINANT_SUBTYPE,10000000743,ACINAR,선방형(acinar)
CL_ADENOCARCINOMA_PREDOMINANT_SUBTYPE,10000000744,PAPILLARY,유두형(papillary)
CL_ADENOCARCINOMA_PREDOMINANT_SUBTYPE,10000000745,MICROPAPILLARY,미세유두형(micropapillary)
CL_ADENOCARCINOMA_PREDOMINANT_SUBTYPE,10000000746,SOLID,고형형(solid)
CL_ADENOCARCINOMA_PREDOMINANT_SUBTYPE,10000000747,MUCINOUS,점액형(invasive mucinous)
CL_ADENOCARCINOMA_PREDOMINANT_SUBTYPE,10000000748,COLLOID,교질형(colloid)
CL_ADENOCARCINOMA_PREDOMINANT_SUBTYPE,10000000749,FETAL,태아형(fetal)
CL_ADENOCARCINOMA_PREDOMINANT_SUBTYPE,10000000750,ENTERIC,장형(enteric)
CL_ADVERSE_EVENT_TYPE_CONCEPT_ID,10000000751,REGISTRY,등록 서식 입력
CL_ADVERSE_EVENT_TYPE_CONCEPT_ID,10000000752,EHR,전자의무기록
CL_ADVERSE_EVENT_TYPE_CONCEPT_ID,10000000753,DERIVED,파생
CL_ANASTOMOSIS_METHOD,10000000754,STAPLED,문합기 사용
CL_ANASTOMOSIS_METHOD,10000000755,HAND_SEWN,수기 봉합
CL_ANASTOMOSIS_METHOD,10000000756,HYBRID,문합기+수기 병용
CL_BALLOONING_GRADE,10000001058,0,0(없음)
CL_BALLOONING_GRADE,10000001059,1,1(소수)
CL_BALLOONING_GRADE,10000001060,2,2(다수/현저)
CL_BIOPSY_ADEQUACY,10000000757,ADEQUATE,적정
CL_BIOPSY_ADEQUACY,10000000758,INADEQUATE,부적정·검체 부족
CL_BIOPSY_ADEQUACY,10000000759,NONDIAGNOSTIC,비진단적
CL_BIOPSY_DIFFERENTIATION,10000000760,WD,고분화(Grade 1)
CL_BIOPSY_DIFFERENTIATION,10000000761,MD,중분화(Grade 2)
CL_BIOPSY_DIFFERENTIATION,10000000762,PD,저분화(Grade 3)
CL_BIOPSY_DIFFERENTIATION,10000000763,UD,미분화·역형성(Grade 4)
CL_BIOPSY_DIFFERENTIATION,10000000764,GX,평가 불가
CL_BIOPSY_LATERALITY,10000000765,RIGHT,우측
CL_BIOPSY_LATERALITY,10000000766,LEFT,좌측
CL_BIOPSY_LATERALITY,10000000767,BILATERAL,양측
CL_BIOPSY_LATERALITY,10000000768,NA,해당없음
CL_BIOPSY_METHOD,10000000769,CORE,코어 생검(총생검)
CL_BIOPSY_METHOD,10000000770,FNA,세침흡인검사
CL_BIOPSY_METHOD,10000000771,EXCISION,절제생검
CL_BIOPSY_METHOD,10000000772,INCISION,절개생검
CL_BIOPSY_METHOD,10000000773,PUNCH,펀치생검
CL_BIOPSY_METHOD,10000000774,ENDOSCOPIC,내시경 생검
CL_BIOPSY_METHOD,10000000775,EBUS,기관지초음파 세침흡인(EBUS-TBNA)
CL_BIOPSY_METHOD,10000000776,IMAGE_GUIDED,영상유도 생검(CT/US)
CL_BIOPSY_METHOD,10000000777,VACUUM,진공보조 생검
CL_BIOPSY_METHOD,10000000778,SURGICAL,수술적 생검
CL_BIOPSY_METHOD,10000000779,OTHER,기타
CL_BIOPSY_SITE,10000000780,PRIMARY,원발 부위
CL_BIOPSY_SITE,10000000781,REGIONAL_NODE,국소 림프절
CL_BIOPSY_SITE,10000000782,DISTANT,원격 전이 부위
CL_BIOPSY_SITE,10000000783,OTHER,기타(직접 기재)
CL_BIOPSY_SITE_DETAIL,10000000784,RUL,우상엽
CL_BIOPSY_SITE_DETAIL,10000000785,RML,우중엽
CL_BIOPSY_SITE_DETAIL,10000000786,RLL,우하엽
CL_BIOPSY_SITE_DETAIL,10000000787,LUL,좌상엽
CL_BIOPSY_SITE_DETAIL,10000000788,LLL,좌하엽
CL_BIOPSY_SITE_DETAIL,10000000789,CECUM,맹장
CL_BIOPSY_SITE_DETAIL,10000000790,ASC_COLON,상행결장
CL_BIOPSY_SITE_DETAIL,10000000791,HEP_FLEX,간만곡부
CL_BIOPSY_SITE_DETAIL,10000000792,TRANS_COLON,횡행결장
CL_BIOPSY_SITE_DETAIL,10000000793,SPL_FLEX,비만곡부
CL_BIOPSY_SITE_DETAIL,10000000794,DESC_COLON,하행결장
CL_BIOPSY_SITE_DETAIL,10000000795,SIGMOID,S상결장
CL_BIOPSY_SITE_DETAIL,10000000796,RECTUM,직장
CL_CELL_LINEAGE,10000000797,B_CELL,B세포
CL_CELL_LINEAGE,10000000798,T_CELL,T세포
CL_CELL_LINEAGE,10000000799,NK_CELL,NK세포
CL_CELL_LINEAGE,10000000800,HRS,호지킨/리드-스턴버그세포
CL_CELL_LINEAGE,10000000801,UNCERTAIN,불명확·혼합
CL_CLINICAL_TUMOR_FEATURE,10000000802,PALPABLE,촉지되는 종괴
CL_CLINICAL_TUMOR_FEATURE,10000000803,NONPALPABLE,비촉지(영상 발견)
CL_CLINICAL_TUMOR_FEATURE,10000000804,SKIN_INVOLVEMENT,피부·흉벽 침범
CL_CLINICAL_TUMOR_FEATURE,10000000805,INFLAMMATORY,염증성 소견
CL_CLINICAL_TUMOR_FEATURE,10000000806,OBSTRUCTION,폐색
CL_CLINICAL_TUMOR_FEATURE,10000000807,PERFORATION,천공
CL_CLINICAL_TUMOR_FEATURE,10000000808,BLEEDING,출혈
CL_CLINICAL_TUMOR_FEATURE,10000000809,INCIDENTAL,무증상·우연 발견
CL_COMPLICATION_TREATMENT,10000000810,OBSERVATION,보존적 관찰
CL_COMPLICATION_TREATMENT,10000000811,MEDICAL,약물 치료
CL_COMPLICATION_TREATMENT,10000000812,ENDOSCOPIC,내시경적 시술
CL_COMPLICATION_TREATMENT,10000000813,REOPERATION,재수술
CL_COMPLICATION_TREATMENT,10000000814,DRAINAGE,경피적 배액
CL_CONCEPTION_METHOD,10000000815,NATURAL,자연 임신
CL_CONCEPTION_METHOD,10000000816,IVF,체외수정(IVF)
CL_CONCEPTION_METHOD,10000000817,IUI,자궁내 인공수정(IUI)
CL_CONCEPTION_METHOD,10000000818,OTHER_ART,기타 보조생식술
CL_CRM_STATUS,10000000819,NEGATIVE,음성(>1mm)
CL_CRM_STATUS,10000000820,POSITIVE,양성(≤1mm)
CL_CRM_STATUS,10000000821,NA,평가 불가
CL_DCIS_NUCLEAR_GRADE,10000000822,LOW,저등급(Grade 1)
CL_DCIS_NUCLEAR_GRADE,10000000823,INTERMEDIATE,중등도(Grade 2)
CL_DCIS_NUCLEAR_GRADE,10000000824,HIGH,고등급(Grade 3)
CL_DIAGNOSIS_STATUS,10000000825,CONFIRMED,확진
CL_DIAGNOSIS_STATUS,10000000826,SUSPECTED,의증
CL_DIAGNOSIS_STATUS,10000000827,RECURRENT,재발성
CL_DIAGNOSIS_STATUS,10000000828,EXCLUDED,배제됨
CL_DIAGNOSIS_SUBTYPE,10000000829,ADENO_NOS,선암종(NOS)
CL_DIAGNOSIS_SUBTYPE,10000000830,MUCINOUS,점액성 선암종
CL_DIAGNOSIS_SUBTYPE,10000000831,SIGNET_RING,인환세포암종
CL_DIAGNOSIS_SUBTYPE,10000000832,NEUROENDOCRINE,신경내분비암종
CL_DIAGNOSIS_SUBTYPE,10000000833,SCC,편평상피세포암종
CL_DIAGNOSIS_SUBTYPE,10000000834,OTHER,기타
CL_DISTANT_METASTASIS_SITE,10000000835,LIVER,간
CL_DISTANT_METASTASIS_SITE,10000000836,LUNG,폐
CL_DISTANT_METASTASIS_SITE,10000000837,BONE,골
CL_DISTANT_METASTASIS_SITE,10000000838,BRAIN,뇌
CL_DISTANT_METASTASIS_SITE,10000000839,ADRENAL,부신
CL_DISTANT_METASTASIS_SITE,10000000840,PERITONEUM,복막
CL_DISTANT_METASTASIS_SITE,10000000841,DISTANT_NODE,원격 림프절
CL_DISTANT_METASTASIS_SITE,10000000842,OTHER,기타
CL_EXTRANODAL_SITES,10000000843,GI,위장관
CL_EXTRANODAL_SITES,10000000844,BONE_MARROW,골수
CL_EXTRANODAL_SITES,10000000845,CNS,중추신경계
CL_EXTRANODAL_SITES,10000000846,SKIN,피부
CL_EXTRANODAL_SITES,10000000847,LUNG,폐
CL_EXTRANODAL_SITES,10000000848,LIVER,간
CL_EXTRANODAL_SITES,10000000849,BONE,골
CL_EXTRANODAL_SITES,10000000850,TESTIS,고환
CL_EXTRANODAL_SITES,10000000851,OTHER,기타
CL_FERTILITY_PRESERVATION_TYPE,10000000852,OOCYTE,난자 동결보존
CL_FERTILITY_PRESERVATION_TYPE,10000000853,EMBRYO,배아 동결보존
CL_FERTILITY_PRESERVATION_TYPE,10000000854,OVARIAN_TISSUE,난소조직 동결보존
CL_FERTILITY_PRESERVATION_TYPE,10000000855,GNRH_AGONIST,GnRH 작용제 난소기능 억제
CL_FERTILITY_PRESERVATION_TYPE,10000000856,OTHER,기타
CL_GROSS_TYPE,10000000857,TYPE1,제1형(용종형)
CL_GROSS_TYPE,10000000858,TYPE2,제2형(경계명확 궤양형)
CL_GROSS_TYPE,10000000859,TYPE3,제3형(침윤성 궤양형)
CL_GROSS_TYPE,10000000860,TYPE4,제4형(미만성 침윤형)
CL_GROSS_TYPE,10000000861,TYPE5,제5형(분류불능)
CL_HISTOLOGIC_SUBTYPE,10000000862,DLBCL,"미만성 거대B세포림프종(DLBCL, NOS)"
CL_HISTOLOGIC_SUBTYPE,10000000863,FL,여포림프종
CL_HISTOLOGIC_SUBTYPE,10000000864,MCL,외투세포림프종
CL_HISTOLOGIC_SUBTYPE,10000000865,MZL,변연부림프종
CL_HISTOLOGIC_SUBTYPE,10000000866,BL,버킷림프종
CL_HISTOLOGIC_SUBTYPE,10000000867,CHL,고전적 호지킨림프종
CL_HISTOLOGIC_SUBTYPE,10000000868,NLPHL,결절성 림프구우세형 호지킨림프종
CL_HISTOLOGIC_SUBTYPE,10000000869,PTCL_NOS,말초T세포림프종(NOS)
CL_HISTOLOGIC_SUBTYPE,10000000870,ALCL,역형성대세포림프종
CL_HISTOLOGIC_SUBTYPE,10000000871,NKTCL,비강형 NK/T세포림프종
CL_HISTOLOGIC_SUBTYPE,10000000872,OTHER,기타·미분류
CL_IMAGING_DIAGNOSTIC_CLASSIFICATION,10000000873,0,0(추가 영상 필요)
CL_IMAGING_DIAGNOSTIC_CLASSIFICATION,10000000874,1,1(음성)
CL_IMAGING_DIAGNOSTIC_CLASSIFICATION,10000000875,2,2(양성 소견)
CL_IMAGING_DIAGNOSTIC_CLASSIFICATION,10000000876,3,3(양성 추정)
CL_IMAGING_DIAGNOSTIC_CLASSIFICATION,10000000877,4A,4A(낮은 악성 의심)
CL_IMAGING_DIAGNOSTIC_CLASSIFICATION,10000000878,4B,4B(중등도 악성 의심)
CL_IMAGING_DIAGNOSTIC_CLASSIFICATION,10000000879,4C,4C(높은 악성 의심)
CL_IMAGING_DIAGNOSTIC_CLASSIFICATION,10000000880,5,5(악성 고도 의심)
CL_IMAGING_DIAGNOSTIC_CLASSIFICATION,10000000881,6,6(조직검사 확인된 악성)
CL_IMA_LIGATION_LEVEL,10000000882,HIGH,고위 결찰(대동맥 기시부)
CL_IMA_LIGATION_LEVEL,10000000883,LOW,저위 결찰(좌결장동맥 원위부)
CL_INVASION_DEPTH,10000000884,TIS,상피내(Tis)
CL_INVASION_DEPTH,10000000885,T1,점막하층(T1)
CL_INVASION_DEPTH,10000000886,T2,고유근층(T2)
CL_INVASION_DEPTH,10000000887,T3,장막하·주위지방(T3)
CL_INVASION_DEPTH,10000000888,T4A,장측복막(T4a)
CL_INVASION_DEPTH,10000000889,T4B,주위 장기 침범(T4b)
CL_LOBULAR_INFLAMMATION_GRADE,10000001061,0,0(없음)
CL_LOBULAR_INFLAMMATION_GRADE,10000001062,1,"1(경도, <2 병소/배율시야)"
CL_LOBULAR_INFLAMMATION_GRADE,10000001063,2,"2(중등도, 2~4 병소/배율시야)"
CL_LOBULAR_INFLAMMATION_GRADE,10000001064,3,"3(중증, >4 병소/배율시야)"
CL_LYMPHOMA_CATEGORY,10000000890,HL,호지킨림프종
CL_LYMPHOMA_CATEGORY,10000000891,NHL_B,비호지킨림프종-B세포
CL_LYMPHOMA_CATEGORY,10000000892,NHL_T,비호지킨림프종-T/NK세포
CL_MARITAL_STATUS_DETAIL,10000000893,NEVER_MARRIED,미혼
CL_MARITAL_STATUS_DETAIL,10000000894,MARRIED,기혼
CL_MARITAL_STATUS_DETAIL,10000000895,DIVORCED,이혼
CL_MARITAL_STATUS_DETAIL,10000000896,WIDOWED,사별
CL_MARITAL_STATUS_DETAIL,10000000897,SEPARATED,별거
CL_MARITAL_STATUS_DETAIL,10000000898,OTHER,기타·동거 등
CL_MASLD_DIAGNOSIS_BASIS,10000000899,BIOPSY,간생검 확인
CL_MASLD_DIAGNOSIS_BASIS,10000000900,IMAGING,영상 지방간 소견 + 심장대사 위험인자
CL_MASLD_DIAGNOSIS_BASIS,10000000901,LFT_RISK,간효소 상승 + 위험인자
CL_MASLD_DIAGNOSIS_BASIS,10000000902,SCORE,비침습 점수 기반(FIB-4/NFS 등)
CL_MENOPAUSAL_STATUS_AT_DIAGNOSIS,10000000903,PRE,폐경 전
CL_MENOPAUSAL_STATUS_AT_DIAGNOSIS,10000000904,PERI,폐경이행기
CL_MENOPAUSAL_STATUS_AT_DIAGNOSIS,10000000905,POST,폐경 후
CL_MENOPAUSAL_STATUS_AT_DIAGNOSIS,10000000906,UNKNOWN,미확인
CL_MENSES_REGULARITY_AFTER_CHEMO,10000000907,REGULAR,규칙적
CL_MENSES_REGULARITY_AFTER_CHEMO,10000000908,IRREGULAR,불규칙적
CL_MENSES_REGULARITY_AFTER_CHEMO,10000000909,AMENORRHEA,무월경
CL_MRI_ANTERIOR_PERITONEAL_RELATION,10000000910,ABOVE,복막반전부 위
CL_MRI_ANTERIOR_PERITONEAL_RELATION,10000000911,AT,복막반전부
CL_MRI_ANTERIOR_PERITONEAL_RELATION,10000000912,BELOW,복막반전부 아래
CL_MRI_CIRCUMFERENTIAL_EXTENT,10000000913,LT25,<25%
CL_MRI_CIRCUMFERENTIAL_EXTENT,10000000914,25_50,25~50%
CL_MRI_CIRCUMFERENTIAL_EXTENT,10000000915,50_75,50~75%
CL_MRI_CIRCUMFERENTIAL_EXTENT,10000000916,GT75,>75%
CL_MRI_CIRCUMFERENTIAL_EXTENT,10000000917,CIRC,전둘레(360°)
CL_MRI_CIRCUMFERENTIAL_LOCATION,10000000918,ANTERIOR,전방
CL_MRI_CIRCUMFERENTIAL_LOCATION,10000000919,POSTERIOR,후방
CL_MRI_CIRCUMFERENTIAL_LOCATION,10000000920,LEFT_LAT,좌측방
CL_MRI_CIRCUMFERENTIAL_LOCATION,10000000921,RIGHT_LAT,우측방
CL_MRI_CIRCUMFERENTIAL_LOCATION,10000000922,CIRC,전둘레
CL_MRI_T4B_INVADED_ORGAN,10000000923,PROSTATE,전립선
CL_MRI_T4B_INVADED_ORGAN,10000000924,SEMINAL_VESICLE,정낭
CL_MRI_T4B_INVADED_ORGAN,10000000925,VAGINA,질
CL_MRI_T4B_INVADED_ORGAN,10000000926,UTERUS,자궁
CL_MRI_T4B_INVADED_ORGAN,10000000927,BLADDER,방광
CL_MRI_T4B_INVADED_ORGAN,10000000928,PELVIC_SIDEWALL,골반측벽
CL_MRI_T4B_INVADED_ORGAN,10000000929,SACRUM,천골
CL_MRI_T4B_INVADED_ORGAN,10000000930,OTHER,기타 인접 장기
CL_MRI_TUMOR_REGRESSION_GRADE,10000000931,MRTRG1,mrTRG1(완전반응)
CL_MRI_TUMOR_REGRESSION_GRADE,10000000932,MRTRG2,mrTRG2
CL_MRI_TUMOR_REGRESSION_GRADE,10000000933,MRTRG3,mrTRG3
CL_MRI_TUMOR_REGRESSION_GRADE,10000000934,MRTRG4,mrTRG4
CL_MRI_TUMOR_REGRESSION_GRADE,10000000935,MRTRG5,mrTRG5(반응 없음)
CL_NODULE_RADIOLOGIC_TYPE,10000000936,SOLID,고형(solid)
CL_NODULE_RADIOLOGIC_TYPE,10000000937,PART_SOLID,부분고형(part-solid)
CL_NODULE_RADIOLOGIC_TYPE,10000000938,GGN,간유리음영(pure GGN)
CL_OUTCOME_CONCEPT_ID,10000000939,RECOVERED,회복
CL_OUTCOME_CONCEPT_ID,10000000940,RECOVERED_SEQUELAE,후유증 동반 회복
CL_OUTCOME_CONCEPT_ID,10000000941,NOT_RECOVERED,미회복·진행중
CL_OUTCOME_CONCEPT_ID,10000000942,FATAL,사망
CL_OUTCOME_CONCEPT_ID,10000000943,UNKNOWN,불명
CL_PERITONEAL_CYTOLOGY_RESULT,10000000944,POSITIVE,양성
CL_PERITONEAL_CYTOLOGY_RESULT,10000000945,NEGATIVE,음성
CL_PERITONEAL_CYTOLOGY_RESULT,10000000946,INDETERMINATE,판정 불가·미시행
CL_PREGNANCY_OUTCOME,10000000947,LIVE_BIRTH,출산(생존아)
CL_PREGNANCY_OUTCOME,10000000948,STILLBIRTH,사산
CL_PREGNANCY_OUTCOME,10000000949,MISCARRIAGE,자연유산
CL_PREGNANCY_OUTCOME,10000000950,INDUCED_ABORTION,인공유산
CL_PREGNANCY_OUTCOME,10000000951,ECTOPIC,자궁외임신
CL_PREGNANCY_OUTCOME,10000000952,ONGOING,임신 중
CL_PRIMARY_INVOLVED_SITE,10000000953,NODAL,림프절(말초)
CL_PRIMARY_INVOLVED_SITE,10000000954,MEDIASTINAL,종격동
CL_PRIMARY_INVOLVED_SITE,10000000955,WALDEYER,발다이어고리
CL_PRIMARY_INVOLVED_SITE,10000000956,EXTRANODAL_GI,결절외-위장관
CL_PRIMARY_INVOLVED_SITE,10000000957,EXTRANODAL_SKIN,결절외-피부
CL_PRIMARY_INVOLVED_SITE,10000000958,EXTRANODAL_CNS,결절외-중추신경계
CL_PRIMARY_INVOLVED_SITE,10000000959,EXTRANODAL_BONE,결절외-골
CL_PRIMARY_INVOLVED_SITE,10000000960,EXTRANODAL_OTHER,결절외-기타
CL_PRIMARY_SIDEDNESS,10000000961,RIGHT,우측(맹장~횡행결장)
CL_PRIMARY_SIDEDNESS,10000000962,LEFT,좌측(비만곡부~S상결장)
CL_PRIMARY_SIDEDNESS,10000000963,RECTUM,직장
CL_PRIMARY_SIDEDNESS,10000000964,MULTIPLE,다발성·양측성
CL_PRIMARY_SITE,10000000965,RUL,우상엽
CL_PRIMARY_SITE,10000000966,RML,우중엽
CL_PRIMARY_SITE,10000000967,RLL,우하엽
CL_PRIMARY_SITE,10000000968,LUL,좌상엽
CL_PRIMARY_SITE,10000000969,LLL,좌하엽
CL_PRIMARY_SITE,10000000970,MAIN_BRONCHUS,주기관지
CL_PRIMARY_SITE,10000000971,OVERLAPPING,중복 병변
CL_PRIMARY_SITE,10000000972,UNSPECIFIED,불명확
CL_RESECTION_COMPLETENESS,10000000973,CURATIVE,근치적 절제(R0)
CL_RESECTION_COMPLETENESS,10000000974,NONCURATIVE,비근치적 절제(R1/R2)
CL_RESECTION_COMPLETENESS,10000000975,UNDETERMINED,미확정
CL_RESECTION_MARGIN_STATUS,10000000976,R0,R0(음성)
CL_RESECTION_MARGIN_STATUS,10000000977,R1,R1(현미경적 잔존)
CL_RESECTION_MARGIN_STATUS,10000000978,R2,R2(육안적 잔존)
CL_RESECTION_MARGIN_STATUS,10000000979,RX,평가 불가
CL_RESIDUAL_TUMOR_R_CLASS,10000000980,R0,R0(잔존 없음)
CL_RESIDUAL_TUMOR_R_CLASS,10000000981,R1,R1(현미경적 잔존)
CL_RESIDUAL_TUMOR_R_CLASS,10000000982,R2,R2(육안적 잔존)
CL_RESIDUAL_TUMOR_R_CLASS,10000000983,RX,평가 불가
CL_STAGING_METHOD,10000000984,CLINICAL,임상적(진찰·영상)
CL_STAGING_METHOD,10000000985,PATHOLOGIC,병리적(수술 후)
CL_STAGING_METHOD,10000000986,PET_CT,PET-CT 기반
CL_STAGING_METHOD,10000000987,BONE_MARROW,골수생검 기반
CL_STAGING_METHOD,10000000988,COMBINED,임상+병리 병합
CL_STOMA_REASON,10000000989,DIVERTING,전환·보호 장루
CL_STOMA_REASON,10000000990,OBSTRUCTION,장폐색
CL_STOMA_REASON,10000000991,PERFORATION,천공
CL_STOMA_REASON,10000000992,LEAK_PREVENTION,문합부 누출 예방
CL_STOMA_REASON,10000000993,PERMANENT,영구 장루(APR 등)
CL_STOMA_REASON,10000000994,OTHER,기타
CL_SURGICAL_HISTOLOGIC_GRADE,10000000995,G1,Grade 1 (고분화)
CL_SURGICAL_HISTOLOGIC_GRADE,10000000996,G2,Grade 2 (중분화)
CL_SURGICAL_HISTOLOGIC_GRADE,10000000997,G3,Grade 3 (저분화)
CL_SURGICAL_HISTOLOGIC_GRADE,10000000998,G4,Grade 4 (미분화)
CL_SURGICAL_HISTOLOGIC_GRADE,10000000999,GX,평가 불가
CL_SURGICAL_SPECIMEN_LATERALITY,10000001000,RIGHT,우측
CL_SURGICAL_SPECIMEN_LATERALITY,10000001001,LEFT,좌측
CL_SURGICAL_SPECIMEN_LATERALITY,10000001002,BILATERAL,양측
CL_SURGICAL_SPECIMEN_LATERALITY,10000001003,NA,해당없음(정중)
CL_SURGICAL_SPECIMEN_SITE,10000001004,PRIMARY,원발 부위
CL_SURGICAL_SPECIMEN_SITE,10000001005,REGIONAL_NODE,국소 림프절
CL_SURGICAL_SPECIMEN_SITE,10000001006,MARGIN,절제연
CL_SURGICAL_SPECIMEN_SITE,10000001007,OTHER,기타(직접 기재)
CL_TME_QUALITY,10000001008,COMPLETE,완전(Grade 3)
CL_TME_QUALITY,10000001009,NEARLY_COMPLETE,거의 완전(Grade 2)
CL_TME_QUALITY,10000001010,INCOMPLETE,불완전(Grade 1)
CL_TUMOR_BUDDING_GRADE,10000001011,BD1,"Bd1(저등급, 0~4개)"
CL_TUMOR_BUDDING_GRADE,10000001012,BD2,"Bd2(중등도, 5~9개)"
CL_TUMOR_BUDDING_GRADE,10000001013,BD3,"Bd3(고등급, ≥10개)"
CL_VPI_GRADE,10000001014,PL0,PL0(침범 없음)
CL_VPI_GRADE,10000001015,PL1,PL1(탄력층 넘어 침범)
CL_VPI_GRADE,10000001016,PL2,PL2(장측흉막 표면 침범)
CL_VPI_GRADE,10000001017,PL3,PL3(벽측흉막 침범)
CL_WATCH_AND_WAIT_STATUS,10000001018,ONGOING,경과관찰 중
CL_WATCH_AND_WAIT_STATUS,10000001019,REGROWTH,국소 재성장
CL_WATCH_AND_WAIT_STATUS,10000001020,CONVERTED_SURGERY,수술로 전환
CL_WATCH_AND_WAIT_STATUS,10000001021,SUSTAINED_CCR,지속적 임상완전관해
COMORBIDITY_SET,10000001022,HTN,고혈압
COMORBIDITY_SET,10000001023,T2DM,제2형 당뇨병
COMORBIDITY_SET,10000001024,DYSLIPIDEMIA,이상지질혈증
COMORBIDITY_SET,10000001025,CVD,심혈관질환
COMORBIDITY_SET,10000001026,CEREBROVASCULAR,뇌혈관질환
COMORBIDITY_SET,10000001027,CKD,만성콩팥병
COMORBIDITY_SET,10000001028,PANCREATIC,췌장질환
COMORBIDITY_SET,10000001029,HBV,B형간염
COMORBIDITY_SET,10000001030,HCV,C형간염
COMORBIDITY_SET,10000001031,HIV,HIV 감염
COMORBIDITY_SET,10000001032,TB,결핵
COMORBIDITY_SET,10000001033,HEART_DISEASE,심장질환
COMORBIDITY_SET,10000001034,OTHER_RESPIRATORY,기타 호흡기질환
COMORBIDITY_SET,10000001035,COLORECTAL_DISEASE,대장 질환
COMORBIDITY_SET,10000001036,KIDNEY_DISEASE,신장 질환
COMORBIDITY_SET,10000001037,LIVER_DISEASE,간질환
COMORBIDITY_SET,10000001038,HYPOTHYROIDISM,갑상선기능저하증
COMORBIDITY_SET,10000001039,BARIATRIC_SURGERY_HX,비만대사수술 과거력
COMORBIDITY_SET,10000001040,HEREDITARY_CRC,유전성 대장암
COMORBIDITY_SET,10000001041,CANCER_HX,암 과거력
DRUG_CLASS_SET,10000001042,INSULIN,인슐린
DRUG_CLASS_SET,10000001043,METFORMIN,메트포르민
DRUG_CLASS_SET,10000001044,SGLT2I,SGLT2 억제제
DRUG_CLASS_SET,10000001045,GLP1RA,GLP-1 수용체 작용제
DRUG_CLASS_SET,10000001046,DPP4I,DPP-4 억제제
DRUG_CLASS_SET,10000001047,ANTI_CD20,Anti-CD20 항체
DRUG_CLASS_SET,10000001048,ANTHRACYCLINE,안트라사이클린
DRUG_CLASS_SET,10000001049,BTK_INHIBITOR,BTK 억제제
DRUG_CLASS_SET,10000001050,CHECKPOINT_INHIBITOR,면역관문억제제
PFT_ITEM,10000001051,FEV1,1초간노력성호기량(FEV1)
PFT_ITEM,10000001052,FVC,노력성폐활량(FVC)
PFT_ITEM,10000001053,FEV1_FVC,FEV1/FVC 비
PFT_ITEM,10000001054,DLCO,폐확산능(DLCO)
ALCOHOL,10000001055,AUDIT_TOTAL,AUDIT 총점
ALCOHOL,10000001056,DRINKS_PER_DAY,1일 음주량(잔)
ALCOHOL,10000001057,DRINKS_PER_WEEK,주간 음주량(잔)
