reference_id,concept_id,kor,vocabulary,version,license,obtain,source,code_column,label_column,used_by,note
REF_MEDDRA_PT,10000001065,이상사례 용어(MedDRA PT),MedDRA,28.0,MSSO 구독 계약 필요 · 재배포 금지,meddra.org 구독 후 내려받기(영문·한글 판 별도),MedDRA/MedDRA_28_0_ENglish_unlock.zip,PT 코드(8자리),PT 용어,ADVERSE_EVENT.adverse_event_concept_id,LLT 가 아니라 PT 수준으로 받는다. 한글 표기는 한글 판의 같은 코드에서 온다.
REF_EDI_PROCEDURE,10000001066,건강보험 행위(수술·처치) 코드,EDI,2025 고시,공개(공공데이터),심평원 요양급여비용 마스터(data.go.kr),EDI/hira_edi_ultimate_codemaster/data/processed/current/csv/procedures_의치과_급여.csv,code,name_kr,RADIOTHERAPY.rt_name; SURGERY.stoma_reversal_name; SURGERY.surgery_name,원본의 수술여부 열(surgery_flag)은 0/9 두 값만 쓰는데 9 가 전체의 76%%라 '수술=9' 로 읽으면 안 된다 — 심평원 서식 설명서와 대조해 뜻을 확정한 뒤 수술명 필드에서 거를 것. 비급여·한방 파일은 같은 자리에 따로 있다.
REF_EDI_DRUG,10000001067,건강보험 약제 코드,EDI,2025-10-31,공개(공공데이터),심평원 약가마스터(data.go.kr),EDI/hira_edi_ultimate_codemaster/data/processed/current/csv/drugs.csv,full_kd_code,product_name_kr,DRUG_EXPOSURE.drug_concept_id,DRUG_EXPOSURE.drug_concept_id 가 가리키는 표. atc_code 열로 ATC 와 이어진다.
REF_KCD,10000001068,한국표준질병사인분류(KCD),KCD,8차,공개,통계청 KOSIS · 심평원 상병마스터,EDI/hira_edi_ultimate_codemaster/data/processed/current/csv/diseases.csv,sick_code,name_kr,FAMILY_HISTORY.family_disease,가족력 등 KCD 로 받는 진단명에 쓴다.
REF_SNOMED_PROCEDURE,10000001069,SNOMED CT 시술,SNOMED,2026-09-01,SNOMED International 회원국 라이선스 · 재배포 제한,KOSTOM/보건의료정보원 배포본 또는 MLDS,ECL <<71388002,concept_id,FSN,RADIOTHERAPY.rt_name; SURGERY.stoma_reversal_name; SURGERY.surgery_name,"EDI 행위코드와 함께 쓴다(청구는 EDI, 의미는 SNOMED). 로컬 원본이 없으면 용어 서버(snowstorm MCP)로 ECL 을 펼쳐 만든다."
REF_SNOMED_MORPHOLOGY,10000001070,SNOMED CT 조직형,SNOMED,2026-09-01,SNOMED International 회원국 라이선스 · 재배포 제한,위와 같음,ECL <<108369006,concept_id,FSN,PATHOLOGY_REPORT.biopsy_histologic_diagnosis; PATHOLOGY_REPORT.primary_histology; PATHOLOGY_REPORT.surgical_histologic_diagnosis,조직학적 진단명 계열 필드가 가리킨다. 2.1 에서 값 집합으로 올린 조직형도 이 하위다.
REF_SNOMED_NEOPLASM,10000001071,SNOMED CT 신생물 진단,SNOMED,2026-09-01,SNOMED International 회원국 라이선스 · 재배포 제한,위와 같음,ECL <<363346000,concept_id,FSN,FAMILY_HISTORY.family_cancer_type,가족력의 암종처럼 진단명으로 받는 필드가 가리킨다.
REF_SNOMED_DISORDER,10000001072,SNOMED CT 질환,SNOMED,2026-09-01,SNOMED International 회원국 라이선스 · 재배포 제한,위와 같음,ECL <<64572001,concept_id,FSN,BIOMARKER.flow_cytometry_summary; FAMILY_HISTORY.family_disease; PATHOLOGY_REPORT.liver_fibrosis_grade_name,암종 외 가족 질환처럼 범위가 넓은 진단명 필드가 가리킨다.
REF_LOINC,10000001073,LOINC 검사 항목,LOINC,2.80,무료(사용자 등록 필요),loinc.org 등록 후 내려받기,LOINC/Loinc_2.80/LoincTableCore/LoincTableCore.csv,LOINC_NUM,LONG_COMMON_NAME,BIOMARKER.flow_cytometry_summary,2.1 에서 개별 검사값에 부여한 LOINC 코드와 같은 표다.
REF_HGNC_GENE,10000001074,HGNC 유전자 기호,HGNC,수시 갱신,"공개(EMBL-EBI, 자유 이용)",genenames.org 의 complete set(tsv),https://storage.googleapis.com/public-download-files/hgnc/tsv/tsv/hgnc_complete_set.txt,hgnc_id,symbol,BIOMARKER.germline_test_gene; BIOMARKER.mutation_test_gene,변이검사 유전자 종류 필드가 가리킨다. 변이 표기 자체는 HGVS 문법을 따르며 표가 아니다.
REF_HEMONC_REGIMEN,10000001075,HemOnc 항암요법 레지멘,HemOnc,수시 갱신,공개(CC BY 4.0),hemonc.org 내려받기 또는 OHDSI HemOnc 어휘,,concept_code,regimen name,ANTP_THERAPY.regimen,국내에서만 쓰는 레지멘은 HemOnc 에 없어 자체 어휘로 받는다(regimen_source_value 에 원문 보관).
