adverse_event_id,person_id,visit_occurrence_id,adverse_event_concept_id,adverse_event_start_date,severity_concept_id,causality_concept_id,is_serious_yn,seriousness_concept_id,outcome_concept_id,action_taken_concept_id
500001,500009,500159,24609,2020-12-17,1,2,0,,1,1
500002,500023,500394,24609,2021-05-08,1,2,0,,1,1
500003,500023,500397,24609,2021-10-27,1,2,0,,1,1
500004,500023,500401,24609,2022-09-22,1,2,0,,1,1
500005,500037,500618,24609,2018-07-13,2,2,0,,1,2
500006,500037,500621,24609,2019-01-01,2,2,0,,1,2
500007,500037,500623,24609,2019-04-28,1,2,0,,1,1
500008,500037,500628,24609,2020-05-14,2,2,0,,1,2
500009,500037,500632,24609,2021-01-13,1,2,0,,1,1
500010,500045,500764,24609,2023-02-01,3,2,1,3,1,2
500011,500059,500979,24609,2023-06-23,1,2,0,,1,1
500012,500069,501128,24609,2024-05-12,2,2,0,,1,2
500013,500075,501222,24609,2025-09-17,1,2,0,,1,1
500014,500075,501226,24609,2026-07-21,2,2,0,,1,2
500015,500078,501276,24609,2022-05-09,1,2,0,,1,1
500016,500078,501280,24609,2023-02-12,1,2,0,,1,1
500017,500089,501468,24609,2025-04-21,1,2,0,,1,1
500018,500089,501471,24609,2025-10-20,3,2,1,3,1,2
