condition_occurrence_id,visit_occurrence_id,person_id,condition_concept_id,condition_source_value,condition_start_date,condition_type_concept_id
500001,500001,500001,201826,,2018-12-05,32817
500002,500001,500001,433736,,2018-12-05,32817
500003,500022,500002,201826,,2022-12-23,32817
500004,500022,500002,320128,,2022-12-23,32817
500005,500022,500002,432867,,2022-12-23,32817
500006,500032,500002,46271022,,2025-07-09,32817
500007,500034,500003,201826,,2022-03-25,32817
500008,500034,500003,432867,,2022-03-25,32817
500009,500034,500003,433736,,2022-03-25,32817
500010,500046,500004,201826,,2022-02-04,32817
500011,500046,500004,433736,,2022-02-04,32817
500012,500064,500005,201826,,2023-09-22,32817
500013,500064,500005,320128,,2023-09-22,32817
500014,500064,500005,433736,,2023-09-22,32817
500015,500076,500006,201826,,2020-11-15,32817
500016,500076,500006,320128,,2020-11-15,32817
500017,500076,500006,432867,,2020-11-15,32817
500018,500076,500006,433736,,2020-11-15,32817
500019,500088,500007,201826,,2023-11-11,32817
500020,500088,500007,433736,,2023-11-11,32817
500021,500100,500008,201826,,2021-02-12,32817
500022,500117,500009,201826,,2021-05-26,32817
500023,500117,500009,320128,,2021-05-26,32817
500024,500117,500009,432867,,2021-05-26,32817
500025,500129,500010,201826,,2020-11-25,32817
500026,500129,500010,320128,,2020-11-25,32817
500027,500129,500010,432867,,2020-11-25,32817
500028,500129,500010,433736,,2020-11-25,32817
500029,500144,500011,201826,,2023-03-03,32817
500030,500144,500011,320128,,2023-03-03,32817
500031,500144,500011,432867,,2023-03-03,32817
500032,500144,500011,433736,,2023-03-03,32817
500033,500157,500012,201826,,2021-10-03,32817
500034,500173,500013,201826,,2021-01-20,32817
500035,500173,500013,320128,,2021-01-20,32817
500036,500173,500013,433736,,2021-01-20,32817
500037,500187,500014,201826,,2021-01-26,32817
500038,500201,500015,201826,,2023-02-09,32817
500039,500201,500015,320128,,2023-02-09,32817
500040,500201,500015,432867,,2023-02-09,32817
500041,500201,500015,433736,,2023-02-09,32817
500042,500216,500016,201826,,2018-07-06,32817
500043,500216,500016,320128,,2018-07-06,32817
500044,500216,500016,432867,,2018-07-06,32817
500045,500216,500016,433736,,2018-07-06,32817
500046,500235,500017,201826,,2019-08-18,32817
500047,500235,500017,320128,,2019-08-18,32817
500048,500257,500018,201826,,2019-09-05,32817
500049,500257,500018,432867,,2019-09-05,32817
500050,500275,500019,201826,,2019-05-25,32817
500051,500275,500019,432867,,2019-05-25,32817
500052,500275,500019,433736,,2019-05-25,32817
500053,500287,500019,4185932,,2022-05-30,32817
500054,500298,500020,201826,,2022-12-03,32817
500055,500298,500020,320128,,2022-12-03,32817
500056,500298,500020,432867,,2022-12-03,32817
500057,500302,500020,24609,,2023-09-28,32817
500058,500315,500021,201826,,2019-01-21,32817
500059,500315,500021,432867,,2019-01-21,32817
500060,500328,500022,201826,,2023-11-20,32817
500061,500328,500022,433736,,2023-11-20,32817
500062,500340,500023,201826,,2022-01-10,32817
500063,500340,500023,320128,,2022-01-10,32817
500064,500340,500023,432867,,2022-01-10,32817
500065,500340,500023,433736,,2022-01-10,32817
500066,500355,500024,201826,,2023-03-30,32817
500067,500355,500024,432867,,2023-03-30,32817
500068,500355,500024,433736,,2023-03-30,32817
500069,500366,500024,24609,,2025-09-23,32817
500070,500367,500024,46271022,,2025-12-12,32817
500071,500370,500025,201826,,2023-01-04,32817
500072,500370,500025,320128,,2023-01-04,32817
500073,500370,500025,432867,,2023-01-04,32817
500074,500370,500025,433736,,2023-01-04,32817
500075,500381,500025,4185932,,2025-09-25,32817
500076,500384,500026,201826,,2018-11-06,32817
500077,500384,500026,432867,,2018-11-06,32817
500078,500384,500026,433736,,2018-11-06,32817
500079,500401,500027,201826,,2018-08-06,32817
500080,500401,500027,432867,,2018-08-06,32817
500081,500401,500027,433736,,2018-08-06,32817
500082,500424,500028,201826,,2018-08-04,32817
500083,500424,500028,320128,,2018-08-04,32817
500084,500424,500028,432867,,2018-08-04,32817
500085,500424,500028,433736,,2018-08-04,32817
500086,500434,500028,24609,,2020-12-17,32817
500087,500438,500029,201826,,2019-03-03,32817
500088,500438,500029,432867,,2019-03-03,32817
500089,500438,500029,433736,,2019-03-03,32817
500090,500453,500030,201826,,2020-10-07,32817
500091,500453,500030,320128,,2020-10-07,32817
500092,500453,500030,432867,,2020-10-07,32817
500093,500453,500030,433736,,2020-10-07,32817
500094,500469,500031,201826,,2023-10-16,32817
500095,500469,500031,320128,,2023-10-16,32817
500096,500469,500031,433736,,2023-10-16,32817
500097,500481,500032,201826,,2018-08-11,32817
500098,500481,500032,320128,,2018-08-11,32817
500099,500481,500032,433736,,2018-08-11,32817
500100,500493,500033,201826,,2018-04-02,32817
500101,500515,500034,201826,,2020-09-09,32817
500102,500515,500034,432867,,2020-09-09,32817
500103,500534,500035,201826,,2018-03-27,32817
500104,500534,500035,432867,,2018-03-27,32817
500105,500549,500036,201826,,2020-05-05,32817
500106,500549,500036,432867,,2020-05-05,32817
500107,500556,500036,4185932,,2022-01-17,32817
500108,500561,500037,201826,,2023-10-31,32817
500109,500561,500037,320128,,2023-10-31,32817
500110,500561,500037,432867,,2023-10-31,32817
500111,500573,500038,201826,,2020-04-15,32817
500112,500573,500038,432867,,2020-04-15,32817
500113,500597,500039,201826,,2020-07-21,32817
500114,500597,500039,320128,,2020-07-21,32817
500115,500617,500040,201826,,2021-07-30,32817
500116,500617,500040,320128,,2021-07-30,32817
500117,500617,500040,432867,,2021-07-30,32817
500118,500617,500040,433736,,2021-07-30,32817
500119,500633,500041,201826,,2021-03-02,32817
500120,500633,500041,320128,,2021-03-02,32817
500121,500633,500041,433736,,2021-03-02,32817
500122,500647,500042,201826,,2022-04-12,32817
500123,500647,500042,432867,,2022-04-12,32817
500124,500657,500042,46271022,,2024-10-03,32817
500125,500665,500043,201826,,2023-09-06,32817
500126,500665,500043,432867,,2023-09-06,32817
500127,500678,500044,201826,,2020-06-11,32817
500128,500678,500044,320128,,2020-06-11,32817
500129,500678,500044,432867,,2020-06-11,32817
500130,500678,500044,433736,,2020-06-11,32817
500131,500694,500045,201826,,2021-06-16,32817
500132,500713,500046,201826,,2019-07-27,32817
500133,500713,500046,433736,,2019-07-27,32817
500134,500729,500046,24609,,2023-05-09,32817
500135,500735,500046,24609,,2024-09-13,32817
500136,500737,500047,201826,,2018-04-29,32817
500137,500737,500047,320128,,2018-04-29,32817
500138,500737,500047,433736,,2018-04-29,32817
500139,500741,500047,24609,,2019-03-03,32817
500140,500744,500047,24609,,2019-09-10,32817
500141,500760,500048,201826,,2021-05-05,32817
500142,500760,500048,432867,,2021-05-05,32817
500143,500760,500048,433736,,2021-05-05,32817
500144,500777,500048,46271022,,2025-08-13,32817
500145,500779,500049,201826,,2018-07-03,32817
500146,500779,500049,432867,,2018-07-03,32817
500147,500802,500050,201826,,2021-12-03,32817
500148,500802,500050,320128,,2021-12-03,32817
500149,500802,500050,432867,,2021-12-03,32817
500150,500819,500051,201826,,2022-11-23,32817
500151,500819,500051,320128,,2022-11-23,32817
500152,500819,500051,432867,,2022-11-23,32817
500153,500835,500052,201826,,2022-08-04,32817
500154,500835,500052,320128,,2022-08-04,32817
500155,500835,500052,432867,,2022-08-04,32817
500156,500847,500053,201826,,2023-11-25,32817
500157,500859,500054,201826,,2020-03-08,32817
500158,500859,500054,320128,,2020-03-08,32817
500159,500859,500054,432867,,2020-03-08,32817
500160,500859,500054,433736,,2020-03-08,32817
500161,500872,500055,201826,,2023-02-03,32817
500162,500872,500055,320128,,2023-02-03,32817
500163,500887,500056,201826,,2023-05-06,32817
500164,500901,500057,201826,,2022-05-04,32817
500165,500901,500057,320128,,2022-05-04,32817
500166,500901,500057,432867,,2022-05-04,32817
500167,500901,500057,433736,,2022-05-04,32817
500168,500919,500058,201826,,2018-12-05,32817
500169,500919,500058,432867,,2018-12-05,32817
500170,500941,500059,201826,,2019-08-30,32817
500171,500941,500059,320128,,2019-08-30,32817
500172,500941,500059,433736,,2019-08-30,32817
500173,500953,500060,201826,,2019-08-11,32817
500174,500953,500060,320128,,2019-08-11,32817
500175,500953,500060,432867,,2019-08-11,32817
500176,500966,500060,4185932,,2022-11-02,32817
500177,500968,500060,46271022,,2023-05-08,32817
500178,500969,500061,201826,,2022-08-03,32817
500179,500969,500061,320128,,2022-08-03,32817
500180,500969,500061,433736,,2022-08-03,32817
500181,500985,500061,46271022,,2026-07-21,32817
500182,500986,500062,201826,,2020-11-18,32817
500183,500986,500062,320128,,2020-11-18,32817
500184,500986,500062,432867,,2020-11-18,32817
500185,500994,500062,46271022,,2022-11-21,32817
500186,500996,500062,24609,,2023-04-18,32817
500187,501000,500062,24609,,2023-12-05,32817
500188,501001,500063,201826,,2018-09-02,32817
500189,501001,500063,320128,,2018-09-02,32817
500190,501023,500064,201826,,2018-11-27,32817
500191,501023,500064,433736,,2018-11-27,32817
500192,501025,500064,24609,,2019-04-12,32817
500193,501027,500064,24609,,2019-07-11,32817
500194,501033,500064,24609,,2020-09-20,32817
500195,501037,500064,24609,,2021-06-15,32817
500196,501045,500064,24609,,2023-03-28,32817
500197,501047,500065,201826,,2018-04-01,32817
500198,501065,500066,201826,,2018-06-05,32817
500199,501065,500066,432867,,2018-06-05,32817
500200,501065,500066,433736,,2018-06-05,32817
500201,501089,500067,201826,,2023-06-01,32817
500202,501089,500067,320128,,2023-06-01,32817
500203,501089,500067,432867,,2023-06-01,32817
500204,501103,500068,201826,,2018-01-31,32817
500205,501103,500068,320128,,2018-01-31,32817
500206,501103,500068,432867,,2018-01-31,32817
500207,501108,500068,24609,,2019-03-05,32817
500208,501118,500068,24609,,2021-05-13,32817
500209,501126,500069,201826,,2022-05-16,32817
500210,501126,500069,320128,,2022-05-16,32817
500211,501144,500070,201826,,2021-04-14,32817
500212,501144,500070,320128,,2021-04-14,32817
500213,501166,500071,201826,,2023-09-04,32817
500214,501166,500071,320128,,2023-09-04,32817
500215,501178,500072,201826,,2023-05-26,32817
500216,501191,500072,46271022,,2026-08-08,32817
500217,501192,500073,201826,,2020-08-12,32817
500218,501192,500073,433736,,2020-08-12,32817
500219,501213,500074,201826,,2023-01-05,32817
500220,501222,500074,4185932,,2025-03-25,32817
500221,501228,500075,201826,,2018-02-01,32817
500222,501228,500075,320128,,2018-02-01,32817
500223,501228,500075,432867,,2018-02-01,32817
500224,501228,500075,433736,,2018-02-01,32817
500225,501243,500076,201826,,2021-03-01,32817
500226,501243,500076,320128,,2021-03-01,32817
500227,501243,500076,432867,,2021-03-01,32817
500228,501260,500077,201826,,2020-06-07,32817
500229,501260,500077,320128,,2020-06-07,32817
500230,501276,500078,201826,,2023-01-15,32817
500231,501276,500078,320128,,2023-01-15,32817
500232,501291,500079,201826,,2023-12-17,32817
500233,501291,500079,320128,,2023-12-17,32817
500234,501291,500079,432867,,2023-12-17,32817
500235,501303,500080,201826,,2023-12-20,32817
500236,501303,500080,320128,,2023-12-20,32817
500237,501314,500081,201826,,2021-07-02,32817
500238,501314,500081,320128,,2021-07-02,32817
500239,501314,500081,432867,,2021-07-02,32817
500240,501331,500082,201826,,2018-09-01,32817
500241,501331,500082,432867,,2018-09-01,32817
500242,501334,500082,24609,,2019-03-15,32817
500243,501355,500083,201826,,2019-04-05,32817
500244,501355,500083,432867,,2019-04-05,32817
500245,501355,500083,433736,,2019-04-05,32817
500246,501369,500084,201826,,2019-11-22,32817
500247,501383,500085,201826,,2018-05-26,32817
500248,501383,500085,320128,,2018-05-26,32817
500249,501383,500085,432867,,2018-05-26,32817
500250,501400,500086,201826,,2018-09-08,32817
500251,501400,500086,320128,,2018-09-08,32817
500252,501400,500086,432867,,2018-09-08,32817
500253,501400,500086,433736,,2018-09-08,32817
500254,501410,500086,46271022,,2021-03-06,32817
500255,501414,500087,201826,,2023-11-20,32817
500256,501414,500087,320128,,2023-11-20,32817
500257,501414,500087,432867,,2023-11-20,32817
500258,501414,500087,433736,,2023-11-20,32817
500259,501425,500088,201826,,2020-07-20,32817
500260,501425,500088,432867,,2020-07-20,32817
500261,501440,500089,201826,,2020-04-19,32817
500262,501440,500089,320128,,2020-04-19,32817
500263,501458,500090,201826,,2020-11-17,32817
500264,501458,500090,432867,,2020-11-17,32817
500265,501474,500091,201826,,2018-07-15,32817
500266,501474,500091,432867,,2018-07-15,32817
500267,501489,500092,201826,,2020-11-30,32817
500268,501489,500092,320128,,2020-11-30,32817
500269,501489,500092,432867,,2020-11-30,32817
500270,501489,500092,433736,,2020-11-30,32817
500271,501505,500093,201826,,2022-11-19,32817
500272,501505,500093,320128,,2022-11-19,32817
500273,501505,500093,433736,,2022-11-19,32817
500274,501521,500094,201826,,2020-03-03,32817
500275,501521,500094,320128,,2020-03-03,32817
500276,501521,500094,432867,,2020-03-03,32817
500277,501532,500094,24609,,2022-10-11,32817
500278,501536,500095,201826,,2019-02-21,32817
500279,501536,500095,432867,,2019-02-21,32817
500280,501549,500095,46271022,,2022-05-28,32817
500281,501554,500096,201826,,2023-04-07,32817
500282,501554,500096,320128,,2023-04-07,32817
500283,501554,500096,432867,,2023-04-07,32817
500284,501568,500097,201826,,2021-10-09,32817
500285,501568,500097,432867,,2021-10-09,32817
500286,501586,500098,201826,,2023-08-30,32817
500287,501586,500098,432867,,2023-08-30,32817
500288,501599,500099,201826,,2021-11-29,32817
500289,501599,500099,320128,,2021-11-29,32817
500290,501599,500099,432867,,2021-11-29,32817
500291,501611,500100,201826,,2019-10-31,32817
500292,501611,500100,433736,,2019-10-31,32817
500293,501631,500100,4185932,,2024-10-02,32817
