lymphoma_event_id,person_id,visit_occurrence_id,event_date,transformation_yn,transformation_date,transformation_from_subtype_concept_id,transformation_from_subtype_source_value,transformation_to_subtype_concept_id,transformation_to_subtype_source_value,sct_yn,sct_date,sct_type_concept_id,sct_type_source_value,car_t_yn,car_t_infusion_date,car_t_target_concept_id,car_t_target_source_value,apheresis_date,lymphodepletion_start_date
600001,600001,600012,2021-11-28,0,,,,,,0,,,,0,,,,,
600002,600002,600032,2020-06-18,0,,,,,,1,2020-07-18,10000000294,자가,0,,,,,
600003,600003,600049,2022-07-07,0,,,,,,0,,,,0,,,,,
600004,600004,600069,2020-08-25,0,,,,,,0,,,,0,,,,,
600005,600005,600087,2023-01-16,0,,,,,,0,,,,0,,,,,
600006,600006,600105,2021-04-05,0,,,,,,0,,,,0,,,,,
600007,600007,600125,2023-03-16,0,,,,,,0,,,,0,,,,,
600008,600008,600145,2021-08-05,0,,,,,,0,,,,0,,,,,
600009,600009,600165,2022-01-11,0,,,,,,0,,,,0,,,,,
600010,600010,600183,2020-05-28,0,,,,,,0,,,,0,,,,,
600011,600011,600203,2021-02-03,0,,,,,,0,,,,0,,,,,
600012,600012,600223,2020-08-08,0,,,,,,0,,,,0,,,,,
600013,600013,600243,2023-04-08,0,,,,,,1,2023-05-08,10000000294,자가,0,,,,,
600014,600014,600263,2020-11-15,0,,,,,,0,,,,0,,,,,
600015,600015,600281,2022-06-04,0,,,,,,0,,,,0,,,,,
600016,600016,600299,2021-02-02,0,,,,,,0,,,,0,,,,,
600017,600017,600316,2019-11-04,0,,,,,,0,,,,0,,,,,
600018,600018,600336,2021-07-08,0,,,,,,1,2021-08-07,10000000294,자가,0,,,,,
600019,600019,600354,2022-03-05,0,,,,,,0,,,,0,,,,,
600020,600020,600374,2021-08-31,0,,,,,,0,,,,0,,,,,
600021,600021,600394,2019-11-30,0,,,,,,0,,,,0,,,,,
600022,600022,600413,2020-06-05,0,,,,,,0,,,,0,,,,,
600023,600023,600428,2021-10-08,0,,,,,,1,2021-11-07,10000000294,자가,0,,,,,
600024,600024,600446,2021-04-24,0,,,,,,0,,,,0,,,,,
600025,600025,600466,2021-11-22,0,,,,,,0,,,,0,,,,,
600026,600026,600486,2021-10-02,0,,,,,,0,,,,0,,,,,
600027,600027,600506,2021-06-09,0,,,,,,0,,,,0,,,,,
600028,600028,600525,2023-07-29,0,,,,,,0,,,,0,,,,,
600029,600029,600544,2021-10-19,0,,,,,,0,,,,0,,,,,
600030,600030,600564,2019-10-10,0,,,,,,0,,,,0,,,,,
600031,600031,600584,2021-05-30,0,,,,,,0,,,,0,,,,,
600032,600032,600604,2019-12-30,0,,,,,,0,,,,0,,,,,
600033,600033,600624,2020-09-14,0,,,,,,1,2020-10-14,10000000294,자가,0,,,,,
600034,600034,600642,2022-06-15,0,,,,,,0,,,,0,,,,,
600035,600035,600662,2021-10-01,0,,,,,,0,,,,0,,,,,
600036,600036,600682,2023-06-19,0,,,,,,1,2023-07-19,10000000294,자가,0,,,,,
600037,600037,600700,2021-07-16,0,,,,,,0,,,,0,,,,,
600038,600038,600718,2020-04-25,0,,,,,,0,,,,0,,,,,
600039,600039,600733,2022-02-19,0,,,,,,0,,,,0,,,,,
600040,600040,600753,2022-02-08,0,,,,,,0,,,,0,,,,,
600041,600041,600773,2022-02-01,0,,,,,,0,,,,0,,,,,
600042,600042,600793,2023-05-18,0,,,,,,0,,,,0,,,,,
600043,600043,600811,2021-07-22,0,,,,,,0,,,,0,,,,,
600044,600044,600829,2019-08-16,0,,,,,,0,,,,0,,,,,
600045,600045,600843,2021-01-09,0,,,,,,0,,,,0,,,,,
600046,600046,600863,2023-06-14,0,,,,,,0,,,,0,,,,,
600047,600047,600880,2023-05-10,0,,,,,,1,2023-06-09,10000000294,자가,0,,,,,
600048,600048,600895,2023-04-18,0,,,,,,0,,,,0,,,,,
600049,600049,600913,2021-04-18,0,,,,,,0,,,,0,,,,,
600050,600050,600931,2020-03-15,0,,,,,,0,,,,0,,,,,
600051,600051,600951,2022-08-22,0,,,,,,0,,,,0,,,,,
600052,600052,600971,2019-09-24,0,,,,,,0,,,,0,,,,,
600053,600053,600991,2021-04-23,0,,,,,,1,2021-05-23,10000000294,자가,0,,,,,
600054,600054,601011,2023-01-06,0,,,,,,0,,,,0,,,,,
600055,600055,601029,2022-04-05,0,,,,,,1,2022-05-05,10000000294,자가,0,,,,,
600056,600056,601047,2020-01-15,0,,,,,,0,,,,0,,,,,
600057,600057,601066,2022-03-17,0,,,,,,0,,,,0,,,,,
600058,600058,601086,2022-02-12,0,,,,,,0,,,,0,,,,,
600059,600059,601106,2021-10-31,0,,,,,,0,,,,0,,,,,
600060,600060,601126,2019-11-18,0,,,,,,0,,,,0,,,,,
600061,600061,601144,2021-01-12,0,,,,,,1,2021-02-11,10000000294,자가,0,,,,,
600062,600062,601164,2022-05-08,0,,,,,,0,,,,0,,,,,
600063,600063,601184,2023-08-12,0,,,,,,0,,,,0,,,,,
600064,600064,601202,2021-05-04,0,,,,,,0,,,,0,,,,,
600065,600065,601221,2020-06-07,0,,,,,,1,2020-07-07,10000000294,자가,0,,,,,
600066,600066,601241,2020-09-28,0,,,,,,0,,,,0,,,,,
600067,600067,601261,2021-12-12,0,,,,,,0,,,,0,,,,,
600068,600068,601280,2022-02-09,0,,,,,,0,,,,1,2022-03-11,10000000294,CD19,2022-02-16,2022-03-06
600069,600069,601297,2021-05-26,0,,,,,,0,,,,0,,,,,
600070,600070,601316,2021-03-22,0,,,,,,0,,,,0,,,,,
600071,600071,601334,2023-05-06,0,,,,,,0,,,,0,,,,,
600072,600072,601354,2021-01-27,0,,,,,,0,,,,0,,,,,
600073,600073,601371,2021-10-13,0,,,,,,0,,,,0,,,,,
600074,600074,601389,2022-02-21,0,,,,,,0,,,,0,,,,,
600075,600075,601407,2020-04-30,0,,,,,,0,,,,0,,,,,
600076,600076,601427,2020-03-05,0,,,,,,0,,,,0,,,,,
600077,600077,601447,2022-04-05,0,,,,,,0,,,,0,,,,,
600078,600078,601467,2020-06-21,1,2020-06-21,10000001093,여포림프종,10000001092,미만성 거대B세포림프종,1,2020-07-21,10000000294,자가,1,2020-07-21,10000000294,CD19,2020-06-28,2020-07-16
600079,600079,601487,2022-03-14,0,,,,,,0,,,,0,,,,,
600080,600080,601507,2021-12-21,0,,,,,,1,2022-01-20,10000000294,자가,0,,,,,
600081,600081,601527,2022-06-27,0,,,,,,0,,,,1,2022-07-27,10000000294,CD19,2022-07-04,2022-07-22
600082,600082,601547,2022-06-20,0,,,,,,0,,,,0,,,,,
600083,600083,601567,2020-09-16,0,,,,,,0,,,,0,,,,,
600084,600084,601587,2020-04-20,0,,,,,,0,,,,0,,,,,
600085,600085,601606,2020-11-14,0,,,,,,0,,,,0,,,,,
600086,600086,601626,2021-01-16,0,,,,,,0,,,,0,,,,,
600087,600087,601646,2021-09-23,0,,,,,,0,,,,0,,,,,
600088,600088,601666,2023-06-02,0,,,,,,0,,,,0,,,,,
600089,600089,601686,2020-09-10,0,,,,,,0,,,,0,,,,,
600090,600090,601706,2022-07-15,0,,,,,,0,,,,0,,,,,
600091,600091,601726,2022-08-24,0,,,,,,1,2022-09-23,10000000294,자가,0,,,,,
600092,600092,601741,2022-07-04,0,,,,,,0,,,,0,,,,,
600093,600093,601761,2020-03-12,0,,,,,,0,,,,0,,,,,
600094,600094,601781,2022-06-15,0,,,,,,0,,,,0,,,,,
600095,600095,601801,2021-09-07,0,,,,,,0,,,,0,,,,,
600096,600096,601820,2021-09-27,0,,,,,,0,,,,1,2021-10-27,10000000294,CD19,2021-10-04,2021-10-22
600097,600097,601838,2020-12-20,0,,,,,,0,,,,0,,,,,
600098,600098,601856,2023-07-25,0,,,,,,1,2023-08-24,10000000294,자가,0,,,,,
600099,600099,601876,2022-02-21,0,,,,,,0,,,,0,,,,,
600100,600100,601894,2020-04-18,0,,,,,,0,,,,0,,,,,
