visit_occurrence_id,person_id,visit_concept_id,visit_start_date,visit_end_date,visit_type_concept_id,discharge_to_concept_id,visit_source_value
500001,500001,9202,2021-07-16,2021-07-16,32817,,OP
500002,500001,9202,2021-10-15,2021-10-15,32817,,OP
500003,500001,9202,2022-01-14,2022-01-14,32817,,OP
500004,500001,9202,2022-04-15,2022-04-15,32817,,OP
500005,500001,9202,2022-07-15,2022-07-15,32817,,OP
500006,500001,9202,2022-10-14,2022-10-14,32817,,OP
500007,500001,9202,2023-01-13,2023-01-13,32817,,OP
500008,500001,9202,2023-04-14,2023-04-14,32817,,OP
500009,500001,9202,2023-07-14,2023-07-14,32817,,OP
500010,500001,9202,2023-10-13,2023-10-13,32817,,OP
500011,500001,9202,2024-01-12,2024-01-12,32817,,OP
500012,500001,9202,2024-04-12,2024-04-12,32817,,OP
500013,500001,9202,2024-07-12,2024-07-12,32817,,OP
500014,500001,9202,2024-10-11,2024-10-11,32817,,OP
500015,500001,9202,2025-01-10,2025-01-10,32817,,OP
500016,500001,9202,2025-04-11,2025-04-11,32817,,OP
500017,500001,9202,2025-07-11,2025-07-11,32817,,OP
500018,500002,9202,2019-12-06,2019-12-06,32817,,OP
500019,500002,9202,2020-03-06,2020-03-06,32817,,OP
500020,500002,9202,2020-06-05,2020-06-05,32817,,OP
500021,500002,9202,2020-09-04,2020-09-04,32817,,OP
500022,500002,9202,2020-12-04,2020-12-04,32817,,OP
500023,500002,9202,2021-03-05,2021-03-05,32817,,OP
500024,500002,9202,2021-06-04,2021-06-04,32817,,OP
500025,500002,9202,2021-09-03,2021-09-03,32817,,OP
500026,500002,9202,2021-12-03,2021-12-03,32817,,OP
500027,500002,9202,2022-03-04,2022-03-04,32817,,OP
500028,500002,9202,2022-06-03,2022-06-03,32817,,OP
500029,500002,9202,2022-09-02,2022-09-02,32817,,OP
500030,500002,9202,2022-12-02,2022-12-02,32817,,OP
500031,500002,9202,2023-03-03,2023-03-03,32817,,OP
500032,500002,9202,2023-06-02,2023-06-02,32817,,OP
500033,500002,9202,2023-08-17,2023-08-17,32817,,OP
500034,500002,9202,2023-09-01,2023-09-01,32817,,OP
500035,500002,9202,2023-12-01,2023-12-01,32817,,OP
500036,500002,9202,2024-03-01,2024-03-01,32817,,OP
500037,500002,9202,2024-05-31,2024-05-31,32817,,OP
500038,500002,9202,2024-08-30,2024-08-30,32817,,OP
500039,500002,9202,2024-11-29,2024-11-29,32817,,OP
500040,500003,9202,2020-11-24,2020-11-24,32817,,OP
500041,500003,9202,2021-02-23,2021-02-23,32817,,OP
500042,500003,9202,2021-05-25,2021-05-25,32817,,OP
500043,500003,9202,2021-08-24,2021-08-24,32817,,OP
500044,500003,9202,2021-11-23,2021-11-23,32817,,OP
500045,500003,9202,2022-02-22,2022-02-22,32817,,OP
500046,500003,9202,2022-05-24,2022-05-24,32817,,OP
500047,500003,9202,2022-08-23,2022-08-23,32817,,OP
500048,500003,9202,2022-11-22,2022-11-22,32817,,OP
500049,500003,9202,2023-02-21,2023-02-21,32817,,OP
500050,500003,9202,2023-05-23,2023-05-23,32817,,OP
500051,500003,9202,2023-08-22,2023-08-22,32817,,OP
500052,500003,9202,2023-11-21,2023-11-21,32817,,OP
500053,500003,9202,2024-02-20,2024-02-20,32817,,OP
500054,500003,9202,2024-05-21,2024-05-21,32817,,OP
500055,500003,9202,2024-08-20,2024-08-20,32817,,OP
500056,500003,9202,2024-11-19,2024-11-19,32817,,OP
500057,500004,9202,2022-10-12,2022-10-12,32817,,OP
500058,500004,9202,2023-01-11,2023-01-11,32817,,OP
500059,500004,9202,2023-04-12,2023-04-12,32817,,OP
500060,500004,9202,2023-07-12,2023-07-12,32817,,OP
500061,500004,9202,2023-10-11,2023-10-11,32817,,OP
500062,500004,9202,2024-01-10,2024-01-10,32817,,OP
500063,500004,9202,2024-04-10,2024-04-10,32817,,OP
500064,500004,9202,2024-07-10,2024-07-10,32817,,OP
500065,500004,9202,2024-10-09,2024-10-09,32817,,OP
500066,500004,9202,2025-01-08,2025-01-08,32817,,OP
500067,500004,9202,2025-04-09,2025-04-09,32817,,OP
500068,500004,9202,2025-07-09,2025-07-09,32817,,OP
500069,500004,9202,2025-10-08,2025-10-08,32817,,OP
500070,500004,9202,2026-01-07,2026-01-07,32817,,OP
500071,500004,9202,2026-04-08,2026-04-08,32817,,OP
500072,500004,9202,2026-07-08,2026-07-08,32817,,OP
500073,500005,9202,2022-01-31,2022-01-31,32817,,OP
500074,500005,9202,2022-05-02,2022-05-02,32817,,OP
500075,500005,9202,2022-08-01,2022-08-01,32817,,OP
500076,500005,9202,2022-10-31,2022-10-31,32817,,OP
500077,500005,9202,2023-01-30,2023-01-30,32817,,OP
500078,500005,9202,2023-05-01,2023-05-01,32817,,OP
500079,500005,9202,2023-07-31,2023-07-31,32817,,OP
500080,500005,9202,2023-10-30,2023-10-30,32817,,OP
500081,500005,9202,2024-01-29,2024-01-29,32817,,OP
500082,500005,9202,2024-04-29,2024-04-29,32817,,OP
500083,500005,9202,2024-07-29,2024-07-29,32817,,OP
500084,500005,9202,2024-10-28,2024-10-28,32817,,OP
500085,500005,9202,2025-01-27,2025-01-27,32817,,OP
500086,500005,9202,2025-04-28,2025-04-28,32817,,OP
500087,500005,9202,2025-07-28,2025-07-28,32817,,OP
500088,500005,9202,2025-10-27,2025-10-27,32817,,OP
500089,500005,9202,2026-01-26,2026-01-26,32817,,OP
500090,500005,9202,2026-04-27,2026-04-27,32817,,OP
500091,500005,9202,2026-07-27,2026-07-27,32817,,OP
500092,500006,9202,2020-08-21,2020-08-21,32817,,OP
500093,500006,9202,2020-11-20,2020-11-20,32817,,OP
500094,500006,9202,2021-02-19,2021-02-19,32817,,OP
500095,500006,9202,2021-05-21,2021-05-21,32817,,OP
500096,500006,9202,2021-08-20,2021-08-20,32817,,OP
500097,500006,9202,2021-11-19,2021-11-19,32817,,OP
500098,500006,9202,2022-02-18,2022-02-18,32817,,OP
500099,500006,9202,2022-05-20,2022-05-20,32817,,OP
500100,500006,9202,2022-08-19,2022-08-19,32817,,OP
500101,500006,9202,2022-11-18,2022-11-18,32817,,OP
500102,500006,9202,2023-02-17,2023-02-17,32817,,OP
500103,500006,9202,2023-05-19,2023-05-19,32817,,OP
500104,500006,9202,2023-08-18,2023-08-18,32817,,OP
500105,500007,9202,2022-11-10,2022-11-10,32817,,OP
500106,500007,9202,2023-02-09,2023-02-09,32817,,OP
500107,500007,9202,2023-05-11,2023-05-11,32817,,OP
500108,500007,9202,2023-08-10,2023-08-10,32817,,OP
500109,500007,9202,2023-11-09,2023-11-09,32817,,OP
500110,500007,9202,2024-02-08,2024-02-08,32817,,OP
500111,500007,9202,2024-05-09,2024-05-09,32817,,OP
500112,500007,9202,2024-08-08,2024-08-08,32817,,OP
500113,500007,9202,2024-11-07,2024-11-07,32817,,OP
500114,500007,9202,2025-02-06,2025-02-06,32817,,OP
500115,500007,9202,2025-05-08,2025-05-08,32817,,OP
500116,500007,9202,2025-08-07,2025-08-07,32817,,OP
500117,500007,9202,2025-11-06,2025-11-06,32817,,OP
500118,500007,9202,2026-02-05,2026-02-05,32817,,OP
500119,500007,9202,2026-05-07,2026-05-07,32817,,OP
500120,500007,9202,2026-08-06,2026-08-06,32817,,OP
500121,500008,9202,2022-12-30,2022-12-30,32817,,OP
500122,500008,9202,2023-03-31,2023-03-31,32817,,OP
500123,500008,9202,2023-06-30,2023-06-30,32817,,OP
500124,500008,9202,2023-09-29,2023-09-29,32817,,OP
500125,500008,9202,2023-12-29,2023-12-29,32817,,OP
500126,500008,9202,2024-03-29,2024-03-29,32817,,OP
500127,500008,9202,2024-06-28,2024-06-28,32817,,OP
500128,500008,9202,2024-09-27,2024-09-27,32817,,OP
500129,500008,9202,2024-12-27,2024-12-27,32817,,OP
500130,500008,9202,2025-03-28,2025-03-28,32817,,OP
500131,500008,9202,2025-06-27,2025-06-27,32817,,OP
500132,500008,9202,2025-07-11,2025-07-11,32817,,OP
500133,500008,9202,2025-09-26,2025-09-26,32817,,OP
500134,500008,9202,2025-12-26,2025-12-26,32817,,OP
500135,500009,9202,2019-07-17,2019-07-17,32817,,OP
500136,500009,9202,2019-10-16,2019-10-16,32817,,OP
500137,500009,9202,2020-01-15,2020-01-15,32817,,OP
500138,500009,9202,2020-04-15,2020-04-15,32817,,OP
500139,500009,9202,2020-07-15,2020-07-15,32817,,OP
500140,500009,9202,2020-10-14,2020-10-14,32817,,OP
500141,500009,9202,2021-01-13,2021-01-13,32817,,OP
500142,500009,9202,2021-04-14,2021-04-14,32817,,OP
500143,500009,9202,2021-07-14,2021-07-14,32817,,OP
500144,500009,9202,2021-10-13,2021-10-13,32817,,OP
500145,500009,9202,2022-01-12,2022-01-12,32817,,OP
500146,500009,9202,2022-04-13,2022-04-13,32817,,OP
500147,500009,9202,2022-07-13,2022-07-13,32817,,OP
500148,500009,9202,2022-10-12,2022-10-12,32817,,OP
500149,500009,9202,2023-01-11,2023-01-11,32817,,OP
500150,500009,9202,2023-04-12,2023-04-12,32817,,OP
500151,500009,9202,2023-07-12,2023-07-12,32817,,OP
500152,500010,9202,2021-05-17,2021-05-17,32817,,OP
500153,500010,9202,2021-08-16,2021-08-16,32817,,OP
500154,500010,9202,2021-11-15,2021-11-15,32817,,OP
500155,500010,9202,2022-02-14,2022-02-14,32817,,OP
500156,500010,9202,2022-05-16,2022-05-16,32817,,OP
500157,500010,9202,2022-08-15,2022-08-15,32817,,OP
500158,500010,9202,2022-11-14,2022-11-14,32817,,OP
500159,500010,9202,2023-02-13,2023-02-13,32817,,OP
500160,500010,9202,2023-05-15,2023-05-15,32817,,OP
500161,500010,9202,2023-08-14,2023-08-14,32817,,OP
500162,500010,9202,2023-11-13,2023-11-13,32817,,OP
500163,500010,9202,2024-02-12,2024-02-12,32817,,OP
500164,500010,9202,2024-05-13,2024-05-13,32817,,OP
500165,500011,9202,2019-10-07,2019-10-07,32817,,OP
500166,500011,9202,2020-01-06,2020-01-06,32817,,OP
500167,500011,9202,2020-04-06,2020-04-06,32817,,OP
500168,500011,9202,2020-07-06,2020-07-06,32817,,OP
500169,500011,9202,2020-10-05,2020-10-05,32817,,OP
500170,500011,9202,2020-11-06,2020-11-06,32817,,OP
500171,500011,9202,2021-01-04,2021-01-04,32817,,OP
500172,500011,9202,2021-04-05,2021-04-05,32817,,OP
500173,500011,9202,2021-07-05,2021-07-05,32817,,OP
500174,500011,9202,2021-10-04,2021-10-04,32817,,OP
500175,500011,9202,2022-01-03,2022-01-03,32817,,OP
500176,500011,9202,2022-04-04,2022-04-04,32817,,OP
500177,500011,9202,2022-07-04,2022-07-04,32817,,OP
500178,500011,9202,2022-10-03,2022-10-03,32817,,OP
500179,500012,9202,2019-11-26,2019-11-26,32817,,OP
500180,500012,9202,2020-02-25,2020-02-25,32817,,OP
500181,500012,9202,2020-05-26,2020-05-26,32817,,OP
500182,500012,9202,2020-08-25,2020-08-25,32817,,OP
500183,500012,9202,2020-11-24,2020-11-24,32817,,OP
500184,500012,9202,2021-02-23,2021-02-23,32817,,OP
500185,500012,9202,2021-05-25,2021-05-25,32817,,OP
500186,500012,9202,2021-08-24,2021-08-24,32817,,OP
500187,500012,9202,2021-11-23,2021-11-23,32817,,OP
500188,500012,9202,2022-02-22,2022-02-22,32817,,OP
500189,500012,9202,2022-05-24,2022-05-24,32817,,OP
500190,500012,9202,2022-08-23,2022-08-23,32817,,OP
500191,500012,9202,2022-11-22,2022-11-22,32817,,OP
500192,500012,9202,2023-02-21,2023-02-21,32817,,OP
500193,500012,9202,2023-05-23,2023-05-23,32817,,OP
500194,500012,9202,2023-08-22,2023-08-22,32817,,OP
500195,500012,9202,2023-11-21,2023-11-21,32817,,OP
500196,500012,9202,2024-02-20,2024-02-20,32817,,OP
500197,500012,9202,2024-05-21,2024-05-21,32817,,OP
500198,500012,9202,2024-08-20,2024-08-20,32817,,OP
500199,500012,9202,2024-11-19,2024-11-19,32817,,OP
500200,500012,9202,2025-02-18,2025-02-18,32817,,OP
500201,500012,9202,2025-05-20,2025-05-20,32817,,OP
500202,500012,9202,2025-08-19,2025-08-19,32817,,OP
500203,500012,9202,2025-11-18,2025-11-18,32817,,OP
500204,500013,9202,2019-08-31,2019-08-31,32817,,OP
500205,500013,9202,2019-11-30,2019-11-30,32817,,OP
500206,500013,9202,2020-02-29,2020-02-29,32817,,OP
500207,500013,9202,2020-05-30,2020-05-30,32817,,OP
500208,500013,9202,2020-08-29,2020-08-29,32817,,OP
500209,500013,9202,2020-11-28,2020-11-28,32817,,OP
500210,500013,9202,2021-02-27,2021-02-27,32817,,OP
500211,500013,9202,2021-05-29,2021-05-29,32817,,OP
500212,500013,9202,2021-08-28,2021-08-28,32817,,OP
500213,500013,9202,2021-11-27,2021-11-27,32817,,OP
500214,500013,9202,2022-02-26,2022-02-26,32817,,OP
500215,500013,9202,2022-05-28,2022-05-28,32817,,OP
500216,500013,9202,2022-08-27,2022-08-27,32817,,OP
500217,500014,9202,2021-10-23,2021-10-23,32817,,OP
500218,500014,9202,2022-01-22,2022-01-22,32817,,OP
500219,500014,9202,2022-04-23,2022-04-23,32817,,OP
500220,500014,9202,2022-07-23,2022-07-23,32817,,OP
500221,500014,9202,2022-10-22,2022-10-22,32817,,OP
500222,500014,9202,2023-01-21,2023-01-21,32817,,OP
500223,500014,9202,2023-04-22,2023-04-22,32817,,OP
500224,500014,9202,2023-07-22,2023-07-22,32817,,OP
500225,500014,9202,2023-10-21,2023-10-21,32817,,OP
500226,500014,9202,2024-01-20,2024-01-20,32817,,OP
500227,500014,9202,2024-04-20,2024-04-20,32817,,OP
500228,500014,9202,2024-07-20,2024-07-20,32817,,OP
500229,500014,9202,2024-10-19,2024-10-19,32817,,OP
500230,500014,9202,2025-01-18,2025-01-18,32817,,OP
500231,500014,9202,2025-04-19,2025-04-19,32817,,OP
500232,500014,9202,2025-07-19,2025-07-19,32817,,OP
500233,500014,9202,2025-10-18,2025-10-18,32817,,OP
500234,500015,9202,2021-10-06,2021-10-06,32817,,OP
500235,500015,9202,2022-01-05,2022-01-05,32817,,OP
500236,500015,9202,2022-04-06,2022-04-06,32817,,OP
500237,500015,9202,2022-07-06,2022-07-06,32817,,OP
500238,500015,9202,2022-10-05,2022-10-05,32817,,OP
500239,500015,9202,2023-01-04,2023-01-04,32817,,OP
500240,500015,9202,2023-04-05,2023-04-05,32817,,OP
500241,500015,9202,2023-07-05,2023-07-05,32817,,OP
500242,500015,9202,2023-10-04,2023-10-04,32817,,OP
500243,500015,9202,2024-01-03,2024-01-03,32817,,OP
500244,500015,9202,2024-04-03,2024-04-03,32817,,OP
500245,500015,9202,2024-07-03,2024-07-03,32817,,OP
500246,500015,9202,2024-10-02,2024-10-02,32817,,OP
500247,500015,9202,2025-01-01,2025-01-01,32817,,OP
500248,500015,9202,2025-04-02,2025-04-02,32817,,OP
500249,500015,9202,2025-07-02,2025-07-02,32817,,OP
500250,500015,9202,2025-10-01,2025-10-01,32817,,OP
500251,500015,9202,2025-12-31,2025-12-31,32817,,OP
500252,500015,9202,2026-04-01,2026-04-01,32817,,OP
500253,500015,9202,2026-07-01,2026-07-01,32817,,OP
500254,500016,9202,2019-04-26,2019-04-26,32817,,OP
500255,500016,9202,2019-07-26,2019-07-26,32817,,OP
500256,500016,9202,2019-10-25,2019-10-25,32817,,OP
500257,500016,9202,2020-01-24,2020-01-24,32817,,OP
500258,500016,9202,2020-04-24,2020-04-24,32817,,OP
500259,500016,9202,2020-07-24,2020-07-24,32817,,OP
500260,500016,9202,2020-10-23,2020-10-23,32817,,OP
500261,500016,9202,2021-01-22,2021-01-22,32817,,OP
500262,500016,9202,2021-04-23,2021-04-23,32817,,OP
500263,500016,9202,2021-07-23,2021-07-23,32817,,OP
500264,500016,9202,2021-10-22,2021-10-22,32817,,OP
500265,500016,9202,2022-01-21,2022-01-21,32817,,OP
500266,500016,9202,2022-04-22,2022-04-22,32817,,OP
500267,500016,9202,2022-07-22,2022-07-22,32817,,OP
500268,500016,9202,2022-10-21,2022-10-21,32817,,OP
500269,500016,9202,2023-01-20,2023-01-20,32817,,OP
500270,500016,9202,2023-04-21,2023-04-21,32817,,OP
500271,500016,9202,2023-07-21,2023-07-21,32817,,OP
500272,500016,9202,2023-10-20,2023-10-20,32817,,OP
500273,500016,9202,2024-01-19,2024-01-19,32817,,OP
500274,500016,9202,2024-04-19,2024-04-19,32817,,OP
500275,500017,9202,2021-02-05,2021-02-05,32817,,OP
500276,500017,9202,2021-05-07,2021-05-07,32817,,OP
500277,500017,9202,2021-08-06,2021-08-06,32817,,OP
500278,500017,9202,2021-11-05,2021-11-05,32817,,OP
500279,500017,9202,2022-02-04,2022-02-04,32817,,OP
500280,500017,9202,2022-05-06,2022-05-06,32817,,OP
500281,500017,9202,2022-08-05,2022-08-05,32817,,OP
500282,500017,9202,2022-11-04,2022-11-04,32817,,OP
500283,500017,9202,2023-02-03,2023-02-03,32817,,OP
500284,500017,9202,2023-05-05,2023-05-05,32817,,OP
500285,500017,9202,2023-08-04,2023-08-04,32817,,OP
500286,500017,9202,2023-11-03,2023-11-03,32817,,OP
500287,500017,9202,2024-02-02,2024-02-02,32817,,OP
500288,500018,9202,2020-12-11,2020-12-11,32817,,OP
500289,500018,9202,2021-03-12,2021-03-12,32817,,OP
500290,500018,9202,2021-06-11,2021-06-11,32817,,OP
500291,500018,9202,2021-09-10,2021-09-10,32817,,OP
500292,500018,9202,2021-12-10,2021-12-10,32817,,OP
500293,500018,9202,2022-03-11,2022-03-11,32817,,OP
500294,500018,9202,2022-06-10,2022-06-10,32817,,OP
500295,500018,9202,2022-09-09,2022-09-09,32817,,OP
500296,500018,9202,2022-12-09,2022-12-09,32817,,OP
500297,500018,9202,2023-03-10,2023-03-10,32817,,OP
500298,500018,9202,2023-06-09,2023-06-09,32817,,OP
500299,500018,9202,2023-09-08,2023-09-08,32817,,OP
500300,500018,9202,2023-12-08,2023-12-08,32817,,OP
500301,500019,9202,2019-09-18,2019-09-18,32817,,OP
500302,500019,9202,2019-12-18,2019-12-18,32817,,OP
500303,500019,9202,2020-03-18,2020-03-18,32817,,OP
500304,500019,9202,2020-06-17,2020-06-17,32817,,OP
500305,500019,9202,2020-09-16,2020-09-16,32817,,OP
500306,500019,9202,2020-12-16,2020-12-16,32817,,OP
500307,500019,9202,2021-03-17,2021-03-17,32817,,OP
500308,500019,9202,2021-06-16,2021-06-16,32817,,OP
500309,500019,9202,2021-09-15,2021-09-15,32817,,OP
500310,500019,9202,2021-12-15,2021-12-15,32817,,OP
500311,500019,9202,2022-03-16,2022-03-16,32817,,OP
500312,500019,9202,2022-06-15,2022-06-15,32817,,OP
500313,500019,9202,2022-09-14,2022-09-14,32817,,OP
500314,500019,9202,2022-12-14,2022-12-14,32817,,OP
500315,500019,9202,2023-03-15,2023-03-15,32817,,OP
500316,500019,9202,2023-06-14,2023-06-14,32817,,OP
500317,500019,9202,2023-09-13,2023-09-13,32817,,OP
500318,500020,9202,2022-06-01,2022-06-01,32817,,OP
500319,500020,9202,2022-08-31,2022-08-31,32817,,OP
500320,500020,9202,2022-11-30,2022-11-30,32817,,OP
500321,500020,9202,2023-03-01,2023-03-01,32817,,OP
500322,500020,9202,2023-05-31,2023-05-31,32817,,OP
500323,500020,9202,2023-08-30,2023-08-30,32817,,OP
500324,500020,9202,2023-11-29,2023-11-29,32817,,OP
500325,500020,9202,2024-02-28,2024-02-28,32817,,OP
500326,500020,9202,2024-05-29,2024-05-29,32817,,OP
500327,500020,9202,2024-08-28,2024-08-28,32817,,OP
500328,500020,9202,2024-11-27,2024-11-27,32817,,OP
500329,500020,9202,2025-02-26,2025-02-26,32817,,OP
500330,500020,9202,2025-05-28,2025-05-28,32817,,OP
500331,500021,9202,2021-04-19,2021-04-19,32817,,OP
500332,500021,9202,2021-07-19,2021-07-19,32817,,OP
500333,500021,9202,2021-10-18,2021-10-18,32817,,OP
500334,500021,9202,2022-01-17,2022-01-17,32817,,OP
500335,500021,9202,2022-04-18,2022-04-18,32817,,OP
500336,500021,9202,2022-07-18,2022-07-18,32817,,OP
500337,500021,9202,2022-10-17,2022-10-17,32817,,OP
500338,500021,9202,2023-01-16,2023-01-16,32817,,OP
500339,500021,9202,2023-04-17,2023-04-17,32817,,OP
500340,500021,9202,2023-07-17,2023-07-17,32817,,OP
500341,500021,9202,2023-10-16,2023-10-16,32817,,OP
500342,500021,9202,2024-01-15,2024-01-15,32817,,OP
500343,500021,9202,2024-04-15,2024-04-15,32817,,OP
500344,500021,9202,2024-07-15,2024-07-15,32817,,OP
500345,500021,9202,2024-10-14,2024-10-14,32817,,OP
500346,500021,9202,2025-01-13,2025-01-13,32817,,OP
500347,500021,9202,2025-04-14,2025-04-14,32817,,OP
500348,500021,9202,2025-07-14,2025-07-14,32817,,OP
500349,500021,9202,2025-10-13,2025-10-13,32817,,OP
500350,500021,9202,2026-01-12,2026-01-12,32817,,OP
500351,500021,9202,2026-04-13,2026-04-13,32817,,OP
500352,500022,9202,2019-08-13,2019-08-13,32817,,OP
500353,500022,9202,2019-11-12,2019-11-12,32817,,OP
500354,500022,9202,2020-02-11,2020-02-11,32817,,OP
500355,500022,9202,2020-05-12,2020-05-12,32817,,OP
500356,500022,9202,2020-08-11,2020-08-11,32817,,OP
500357,500022,9202,2020-11-10,2020-11-10,32817,,OP
500358,500022,9202,2021-02-09,2021-02-09,32817,,OP
500359,500022,9202,2021-05-11,2021-05-11,32817,,OP
500360,500022,9202,2021-08-10,2021-08-10,32817,,OP
500361,500022,9202,2021-11-09,2021-11-09,32817,,OP
500362,500022,9202,2022-02-08,2022-02-08,32817,,OP
500363,500022,9202,2022-05-10,2022-05-10,32817,,OP
500364,500022,9202,2022-08-09,2022-08-09,32817,,OP
500365,500022,9202,2022-11-08,2022-11-08,32817,,OP
500366,500022,9202,2023-02-07,2023-02-07,32817,,OP
500367,500022,9202,2023-05-09,2023-05-09,32817,,OP
500368,500022,9202,2023-08-08,2023-08-08,32817,,OP
500369,500022,9202,2023-11-07,2023-11-07,32817,,OP
500370,500022,9202,2024-02-06,2024-02-06,32817,,OP
500371,500022,9202,2024-05-07,2024-05-07,32817,,OP
500372,500022,9202,2024-08-06,2024-08-06,32817,,OP
500373,500022,9202,2024-11-05,2024-11-05,32817,,OP
500374,500022,9202,2025-02-04,2025-02-04,32817,,OP
500375,500022,9202,2025-05-06,2025-05-06,32817,,OP
500376,500022,9202,2025-08-05,2025-08-05,32817,,OP
500377,500023,9202,2020-09-10,2020-09-10,32817,,OP
500378,500023,9202,2020-12-10,2020-12-10,32817,,OP
500379,500023,9202,2021-02-16,2021-02-16,32817,,OP
500380,500023,9202,2021-03-11,2021-03-11,32817,,OP
500381,500023,9202,2021-06-10,2021-06-10,32817,,OP
500382,500023,9202,2021-09-09,2021-09-09,32817,,OP
500383,500023,9202,2021-12-09,2021-12-09,32817,,OP
500384,500023,9202,2022-03-10,2022-03-10,32817,,OP
500385,500023,9202,2022-06-09,2022-06-09,32817,,OP
500386,500023,9202,2022-09-08,2022-09-08,32817,,OP
500387,500023,9202,2022-12-08,2022-12-08,32817,,OP
500388,500023,9202,2023-03-09,2023-03-09,32817,,OP
500389,500023,9202,2023-06-08,2023-06-08,32817,,OP
500390,500023,9202,2023-09-07,2023-09-07,32817,,OP
500391,500023,9202,2023-12-07,2023-12-07,32817,,OP
500392,500023,9202,2024-03-07,2024-03-07,32817,,OP
500393,500023,9202,2024-06-06,2024-06-06,32817,,OP
500394,500023,9202,2024-09-05,2024-09-05,32817,,OP
500395,500023,9202,2024-12-05,2024-12-05,32817,,OP
500396,500023,9202,2025-03-06,2025-03-06,32817,,OP
500397,500023,9202,2025-06-05,2025-06-05,32817,,OP
500398,500023,9202,2025-09-04,2025-09-04,32817,,OP
500399,500024,9202,2022-04-14,2022-04-14,32817,,OP
500400,500024,9202,2022-07-14,2022-07-14,32817,,OP
500401,500024,9202,2022-09-01,2022-09-01,32817,,OP
500402,500024,9202,2022-10-13,2022-10-13,32817,,OP
500403,500024,9202,2023-01-12,2023-01-12,32817,,OP
500404,500024,9202,2023-04-13,2023-04-13,32817,,OP
500405,500024,9202,2023-07-13,2023-07-13,32817,,OP
500406,500024,9202,2023-10-12,2023-10-12,32817,,OP
500407,500024,9202,2024-01-11,2024-01-11,32817,,OP
500408,500024,9202,2024-04-11,2024-04-11,32817,,OP
500409,500024,9202,2024-07-11,2024-07-11,32817,,OP
500410,500024,9202,2024-10-10,2024-10-10,32817,,OP
500411,500024,9202,2025-01-09,2025-01-09,32817,,OP
500412,500024,9202,2025-04-10,2025-04-10,32817,,OP
500413,500025,9202,2022-12-06,2022-12-06,32817,,OP
500414,500025,9202,2023-03-07,2023-03-07,32817,,OP
500415,500025,9202,2023-06-06,2023-06-06,32817,,OP
500416,500025,9202,2023-09-05,2023-09-05,32817,,OP
500417,500025,9202,2023-12-05,2023-12-05,32817,,OP
500418,500025,9202,2024-03-05,2024-03-05,32817,,OP
500419,500025,9202,2024-06-04,2024-06-04,32817,,OP
500420,500025,9202,2024-09-03,2024-09-03,32817,,OP
500421,500025,9202,2024-12-03,2024-12-03,32817,,OP
500422,500025,9202,2025-03-04,2025-03-04,32817,,OP
500423,500025,9202,2025-06-03,2025-06-03,32817,,OP
500424,500025,9202,2025-09-02,2025-09-02,32817,,OP
500425,500025,9202,2025-12-02,2025-12-02,32817,,OP
500426,500025,9202,2026-03-03,2026-03-03,32817,,OP
500427,500025,9202,2026-03-12,2026-03-12,32817,,OP
500428,500025,9202,2026-06-02,2026-06-02,32817,,OP
500429,500025,9202,2026-09-01,2026-09-01,32817,,OP
500430,500026,9202,2019-02-13,2019-02-13,32817,,OP
500431,500026,9202,2019-05-15,2019-05-15,32817,,OP
500432,500026,9202,2019-08-14,2019-08-14,32817,,OP
500433,500026,9202,2019-11-13,2019-11-13,32817,,OP
500434,500026,9202,2020-02-12,2020-02-12,32817,,OP
500435,500026,9202,2020-05-13,2020-05-13,32817,,OP
500436,500026,9202,2020-08-12,2020-08-12,32817,,OP
500437,500026,9202,2020-11-11,2020-11-11,32817,,OP
500438,500026,9202,2021-02-10,2021-02-10,32817,,OP
500439,500026,9202,2021-05-12,2021-05-12,32817,,OP
500440,500026,9202,2021-08-11,2021-08-11,32817,,OP
500441,500026,9202,2021-11-10,2021-11-10,32817,,OP
500442,500026,9202,2022-02-09,2022-02-09,32817,,OP
500443,500026,9202,2022-05-11,2022-05-11,32817,,OP
500444,500026,9202,2022-08-10,2022-08-10,32817,,OP
500445,500026,9202,2022-11-09,2022-11-09,32817,,OP
500446,500026,9202,2023-02-08,2023-02-08,32817,,OP
500447,500027,9202,2021-07-14,2021-07-14,32817,,OP
500448,500027,9202,2021-10-13,2021-10-13,32817,,OP
500449,500027,9202,2022-01-12,2022-01-12,32817,,OP
500450,500027,9202,2022-04-13,2022-04-13,32817,,OP
500451,500027,9202,2022-07-13,2022-07-13,32817,,OP
500452,500027,9202,2022-10-12,2022-10-12,32817,,OP
500453,500027,9202,2023-01-11,2023-01-11,32817,,OP
500454,500027,9202,2023-04-12,2023-04-12,32817,,OP
500455,500027,9202,2023-07-12,2023-07-12,32817,,OP
500456,500027,9202,2023-10-11,2023-10-11,32817,,OP
500457,500027,9202,2024-01-10,2024-01-10,32817,,OP
500458,500027,9202,2024-04-10,2024-04-10,32817,,OP
500459,500027,9202,2024-07-10,2024-07-10,32817,,OP
500460,500028,9202,2022-11-14,2022-11-14,32817,,OP
500461,500028,9202,2023-02-13,2023-02-13,32817,,OP
500462,500028,9202,2023-05-15,2023-05-15,32817,,OP
500463,500028,9202,2023-08-14,2023-08-14,32817,,OP
500464,500028,9202,2023-11-13,2023-11-13,32817,,OP
500465,500028,9202,2024-02-12,2024-02-12,32817,,OP
500466,500028,9202,2024-05-13,2024-05-13,32817,,OP
500467,500028,9202,2024-08-12,2024-08-12,32817,,OP
500468,500028,9202,2024-11-11,2024-11-11,32817,,OP
500469,500028,9202,2025-02-10,2025-02-10,32817,,OP
500470,500028,9202,2025-05-12,2025-05-12,32817,,OP
500471,500028,9202,2025-08-11,2025-08-11,32817,,OP
500472,500028,9202,2025-11-10,2025-11-10,32817,,OP
500473,500028,9202,2026-02-09,2026-02-09,32817,,OP
500474,500028,9202,2026-05-11,2026-05-11,32817,,OP
500475,500028,9202,2026-08-10,2026-08-10,32817,,OP
500476,500029,9202,2021-09-30,2021-09-30,32817,,OP
500477,500029,9202,2021-12-30,2021-12-30,32817,,OP
500478,500029,9202,2022-03-31,2022-03-31,32817,,OP
500479,500029,9202,2022-06-30,2022-06-30,32817,,OP
500480,500029,9202,2022-09-29,2022-09-29,32817,,OP
500481,500029,9202,2022-12-29,2022-12-29,32817,,OP
500482,500029,9202,2023-03-30,2023-03-30,32817,,OP
500483,500029,9202,2023-06-29,2023-06-29,32817,,OP
500484,500029,9202,2023-09-28,2023-09-28,32817,,OP
500485,500029,9202,2023-12-28,2023-12-28,32817,,OP
500486,500029,9202,2024-03-28,2024-03-28,32817,,OP
500487,500029,9202,2024-06-27,2024-06-27,32817,,OP
500488,500029,9202,2024-09-26,2024-09-26,32817,,OP
500489,500030,9202,2022-05-20,2022-05-20,32817,,OP
500490,500030,9202,2022-08-19,2022-08-19,32817,,OP
500491,500030,9202,2022-11-18,2022-11-18,32817,,OP
500492,500030,9202,2023-02-17,2023-02-17,32817,,OP
500493,500030,9202,2023-05-19,2023-05-19,32817,,OP
500494,500030,9202,2023-08-18,2023-08-18,32817,,OP
500495,500030,9202,2023-11-17,2023-11-17,32817,,OP
500496,500030,9202,2024-02-16,2024-02-16,32817,,OP
500497,500030,9202,2024-05-17,2024-05-17,32817,,OP
500498,500030,9202,2024-08-16,2024-08-16,32817,,OP
500499,500030,9202,2024-11-15,2024-11-15,32817,,OP
500500,500030,9202,2025-02-14,2025-02-14,32817,,OP
500501,500030,9202,2025-05-16,2025-05-16,32817,,OP
500502,500031,9202,2021-10-20,2021-10-20,32817,,OP
500503,500031,9202,2022-01-19,2022-01-19,32817,,OP
500504,500031,9202,2022-04-20,2022-04-20,32817,,OP
500505,500031,9202,2022-07-20,2022-07-20,32817,,OP
500506,500031,9202,2022-10-19,2022-10-19,32817,,OP
500507,500031,9202,2022-11-18,2022-11-18,32817,,OP
500508,500031,9202,2023-01-18,2023-01-18,32817,,OP
500509,500031,9202,2023-04-19,2023-04-19,32817,,OP
500510,500031,9202,2023-07-19,2023-07-19,32817,,OP
500511,500031,9202,2023-10-18,2023-10-18,32817,,OP
500512,500031,9202,2024-01-17,2024-01-17,32817,,OP
500513,500031,9202,2024-04-17,2024-04-17,32817,,OP
500514,500031,9202,2024-07-17,2024-07-17,32817,,OP
500515,500031,9202,2024-10-16,2024-10-16,32817,,OP
500516,500031,9202,2025-01-15,2025-01-15,32817,,OP
500517,500031,9202,2025-03-02,2025-03-02,32817,,OP
500518,500031,9202,2025-04-16,2025-04-16,32817,,OP
500519,500031,9202,2025-07-16,2025-07-16,32817,,OP
500520,500031,9202,2025-10-15,2025-10-15,32817,,OP
500521,500031,9202,2026-01-14,2026-01-14,32817,,OP
500522,500031,9202,2026-04-15,2026-04-15,32817,,OP
500523,500031,9202,2026-07-15,2026-07-15,32817,,OP
500524,500032,9202,2020-03-11,2020-03-11,32817,,OP
500525,500032,9202,2020-06-10,2020-06-10,32817,,OP
500526,500032,9202,2020-09-09,2020-09-09,32817,,OP
500527,500032,9202,2020-12-09,2020-12-09,32817,,OP
500528,500032,9202,2021-03-10,2021-03-10,32817,,OP
500529,500032,9202,2021-06-09,2021-06-09,32817,,OP
500530,500032,9202,2021-09-08,2021-09-08,32817,,OP
500531,500032,9202,2021-12-08,2021-12-08,32817,,OP
500532,500032,9202,2022-03-09,2022-03-09,32817,,OP
500533,500032,9202,2022-06-08,2022-06-08,32817,,OP
500534,500032,9202,2022-09-07,2022-09-07,32817,,OP
500535,500032,9202,2022-12-07,2022-12-07,32817,,OP
500536,500032,9202,2023-03-08,2023-03-08,32817,,OP
500537,500032,9202,2023-06-07,2023-06-07,32817,,OP
500538,500032,9202,2023-09-06,2023-09-06,32817,,OP
500539,500032,9202,2023-12-06,2023-12-06,32817,,OP
500540,500032,9202,2024-03-06,2024-03-06,32817,,OP
500541,500033,9202,2020-06-19,2020-06-19,32817,,OP
500542,500033,9202,2020-09-18,2020-09-18,32817,,OP
500543,500033,9202,2020-12-18,2020-12-18,32817,,OP
500544,500033,9202,2021-03-19,2021-03-19,32817,,OP
500545,500033,9202,2021-06-18,2021-06-18,32817,,OP
500546,500033,9202,2021-09-17,2021-09-17,32817,,OP
500547,500033,9202,2021-12-17,2021-12-17,32817,,OP
500548,500033,9202,2022-03-18,2022-03-18,32817,,OP
500549,500033,9202,2022-06-17,2022-06-17,32817,,OP
500550,500033,9202,2022-09-16,2022-09-16,32817,,OP
500551,500033,9202,2022-12-16,2022-12-16,32817,,OP
500552,500033,9202,2023-03-17,2023-03-17,32817,,OP
500553,500033,9202,2023-06-16,2023-06-16,32817,,OP
500554,500034,9202,2019-02-28,2019-02-28,32817,,OP
500555,500034,9202,2019-05-30,2019-05-30,32817,,OP
500556,500034,9202,2019-08-29,2019-08-29,32817,,OP
500557,500034,9202,2019-11-28,2019-11-28,32817,,OP
500558,500034,9202,2020-02-27,2020-02-27,32817,,OP
500559,500034,9202,2020-05-28,2020-05-28,32817,,OP
500560,500034,9202,2020-08-27,2020-08-27,32817,,OP
500561,500034,9202,2020-11-26,2020-11-26,32817,,OP
500562,500034,9202,2021-02-25,2021-02-25,32817,,OP
500563,500034,9202,2021-05-27,2021-05-27,32817,,OP
500564,500034,9202,2021-08-26,2021-08-26,32817,,OP
500565,500034,9202,2021-11-25,2021-11-25,32817,,OP
500566,500034,9202,2022-02-24,2022-02-24,32817,,OP
500567,500034,9202,2022-05-26,2022-05-26,32817,,OP
500568,500034,9202,2022-08-25,2022-08-25,32817,,OP
500569,500034,9202,2022-11-24,2022-11-24,32817,,OP
500570,500034,9202,2023-02-23,2023-02-23,32817,,OP
500571,500035,9202,2021-02-21,2021-02-21,32817,,OP
500572,500035,9202,2021-05-23,2021-05-23,32817,,OP
500573,500035,9202,2021-08-22,2021-08-22,32817,,OP
500574,500035,9202,2021-11-21,2021-11-21,32817,,OP
500575,500035,9202,2022-02-20,2022-02-20,32817,,OP
500576,500035,9202,2022-05-22,2022-05-22,32817,,OP
500577,500035,9202,2022-08-21,2022-08-21,32817,,OP
500578,500035,9202,2022-11-20,2022-11-20,32817,,OP
500579,500035,9202,2023-02-19,2023-02-19,32817,,OP
500580,500035,9202,2023-05-21,2023-05-21,32817,,OP
500581,500035,9202,2023-08-20,2023-08-20,32817,,OP
500582,500035,9202,2023-11-19,2023-11-19,32817,,OP
500583,500035,9202,2024-02-18,2024-02-18,32817,,OP
500584,500035,9202,2024-05-19,2024-05-19,32817,,OP
500585,500035,9202,2024-08-18,2024-08-18,32817,,OP
500586,500035,9202,2024-11-17,2024-11-17,32817,,OP
500587,500035,9202,2025-02-16,2025-02-16,32817,,OP
500588,500035,9202,2025-05-18,2025-05-18,32817,,OP
500589,500035,9202,2025-08-17,2025-08-17,32817,,OP
500590,500035,9202,2025-11-16,2025-11-16,32817,,OP
500591,500035,9202,2026-02-15,2026-02-15,32817,,OP
500592,500035,9202,2026-05-17,2026-05-17,32817,,OP
500593,500035,9202,2026-08-16,2026-08-16,32817,,OP
500594,500036,9202,2019-11-23,2019-11-23,32817,,OP
500595,500036,9202,2020-02-22,2020-02-22,32817,,OP
500596,500036,9202,2020-05-23,2020-05-23,32817,,OP
500597,500036,9202,2020-08-22,2020-08-22,32817,,OP
500598,500036,9202,2020-11-21,2020-11-21,32817,,OP
500599,500036,9202,2021-02-20,2021-02-20,32817,,OP
500600,500036,9202,2021-05-22,2021-05-22,32817,,OP
500601,500036,9202,2021-08-21,2021-08-21,32817,,OP
500602,500036,9202,2021-11-20,2021-11-20,32817,,OP
500603,500036,9202,2022-02-19,2022-02-19,32817,,OP
500604,500036,9202,2022-05-21,2022-05-21,32817,,OP
500605,500036,9202,2022-08-20,2022-08-20,32817,,OP
500606,500036,9202,2022-11-01,2022-11-01,32817,,OP
500607,500036,9202,2022-11-19,2022-11-19,32817,,OP
500608,500036,9202,2023-02-18,2023-02-18,32817,,OP
500609,500036,9202,2023-05-20,2023-05-20,32817,,OP
500610,500036,9202,2023-08-19,2023-08-19,32817,,OP
500611,500036,9202,2023-11-18,2023-11-18,32817,,OP
500612,500037,9202,2020-09-08,2020-09-08,32817,,OP
500613,500037,9202,2020-12-08,2020-12-08,32817,,OP
500614,500037,9202,2021-03-09,2021-03-09,32817,,OP
500615,500037,9202,2021-06-08,2021-06-08,32817,,OP
500616,500037,9202,2021-09-07,2021-09-07,32817,,OP
500617,500037,9202,2021-12-07,2021-12-07,32817,,OP
500618,500037,9202,2022-03-08,2022-03-08,32817,,OP
500619,500037,9202,2022-06-07,2022-06-07,32817,,OP
500620,500037,9202,2022-09-06,2022-09-06,32817,,OP
500621,500037,9202,2022-12-06,2022-12-06,32817,,OP
500622,500037,9202,2023-03-07,2023-03-07,32817,,OP
500623,500037,9202,2023-06-06,2023-06-06,32817,,OP
500624,500037,9202,2023-09-05,2023-09-05,32817,,OP
500625,500037,9202,2023-12-05,2023-12-05,32817,,OP
500626,500037,9202,2024-03-05,2024-03-05,32817,,OP
500627,500037,9202,2024-06-04,2024-06-04,32817,,OP
500628,500037,9202,2024-09-03,2024-09-03,32817,,OP
500629,500037,9202,2024-12-03,2024-12-03,32817,,OP
500630,500037,9202,2025-03-04,2025-03-04,32817,,OP
500631,500037,9202,2025-06-03,2025-06-03,32817,,OP
500632,500037,9202,2025-09-02,2025-09-02,32817,,OP
500633,500038,9202,2019-12-09,2019-12-09,32817,,OP
500634,500038,9202,2020-03-09,2020-03-09,32817,,OP
500635,500038,9202,2020-06-08,2020-06-08,32817,,OP
500636,500038,9202,2020-09-07,2020-09-07,32817,,OP
500637,500038,9202,2020-12-07,2020-12-07,32817,,OP
500638,500038,9202,2021-03-08,2021-03-08,32817,,OP
500639,500038,9202,2021-06-07,2021-06-07,32817,,OP
500640,500038,9202,2021-09-06,2021-09-06,32817,,OP
500641,500038,9202,2021-12-06,2021-12-06,32817,,OP
500642,500038,9202,2022-03-07,2022-03-07,32817,,OP
500643,500038,9202,2022-06-06,2022-06-06,32817,,OP
500644,500038,9202,2022-09-05,2022-09-05,32817,,OP
500645,500038,9202,2022-12-05,2022-12-05,32817,,OP
500646,500038,9202,2023-03-06,2023-03-06,32817,,OP
500647,500038,9202,2023-06-05,2023-06-05,32817,,OP
500648,500038,9202,2023-09-04,2023-09-04,32817,,OP
500649,500038,9202,2023-12-04,2023-12-04,32817,,OP
500650,500038,9202,2024-03-04,2024-03-04,32817,,OP
500651,500038,9202,2024-06-03,2024-06-03,32817,,OP
500652,500038,9202,2024-09-02,2024-09-02,32817,,OP
500653,500038,9202,2024-12-02,2024-12-02,32817,,OP
500654,500038,9202,2025-03-03,2025-03-03,32817,,OP
500655,500038,9202,2025-06-02,2025-06-02,32817,,OP
500656,500038,9202,2025-09-01,2025-09-01,32817,,OP
500657,500038,9202,2025-12-01,2025-12-01,32817,,OP
500658,500039,9202,2022-06-02,2022-06-02,32817,,OP
500659,500039,9202,2022-09-01,2022-09-01,32817,,OP
500660,500039,9202,2022-12-01,2022-12-01,32817,,OP
500661,500039,9202,2023-03-02,2023-03-02,32817,,OP
500662,500039,9202,2023-06-01,2023-06-01,32817,,OP
500663,500039,9202,2023-08-31,2023-08-31,32817,,OP
500664,500039,9202,2023-11-30,2023-11-30,32817,,OP
500665,500039,9202,2024-02-29,2024-02-29,32817,,OP
500666,500039,9202,2024-05-30,2024-05-30,32817,,OP
500667,500039,9202,2024-08-29,2024-08-29,32817,,OP
500668,500039,9202,2024-11-28,2024-11-28,32817,,OP
500669,500039,9202,2025-02-27,2025-02-27,32817,,OP
500670,500039,9202,2025-05-29,2025-05-29,32817,,OP
500671,500039,9202,2025-08-28,2025-08-28,32817,,OP
500672,500039,9202,2025-11-27,2025-11-27,32817,,OP
500673,500039,9202,2026-02-26,2026-02-26,32817,,OP
500674,500039,9202,2026-05-28,2026-05-28,32817,,OP
500675,500040,9202,2022-12-25,2022-12-25,32817,,OP
500676,500040,9202,2023-03-26,2023-03-26,32817,,OP
500677,500040,9202,2023-06-25,2023-06-25,32817,,OP
500678,500040,9202,2023-09-24,2023-09-24,32817,,OP
500679,500040,9202,2023-12-24,2023-12-24,32817,,OP
500680,500040,9202,2024-03-24,2024-03-24,32817,,OP
500681,500040,9202,2024-06-23,2024-06-23,32817,,OP
500682,500040,9202,2024-09-22,2024-09-22,32817,,OP
500683,500040,9202,2024-12-22,2024-12-22,32817,,OP
500684,500040,9202,2025-03-23,2025-03-23,32817,,OP
500685,500041,9202,2021-11-17,2021-11-17,32817,,OP
500686,500041,9202,2022-02-16,2022-02-16,32817,,OP
500687,500041,9202,2022-05-18,2022-05-18,32817,,OP
500688,500041,9202,2022-08-17,2022-08-17,32817,,OP
500689,500041,9202,2022-11-16,2022-11-16,32817,,OP
500690,500041,9202,2023-02-15,2023-02-15,32817,,OP
500691,500041,9202,2023-05-17,2023-05-17,32817,,OP
500692,500041,9202,2023-08-16,2023-08-16,32817,,OP
500693,500041,9202,2023-11-15,2023-11-15,32817,,OP
500694,500041,9202,2024-02-14,2024-02-14,32817,,OP
500695,500041,9202,2024-05-15,2024-05-15,32817,,OP
500696,500041,9202,2024-08-14,2024-08-14,32817,,OP
500697,500041,9202,2024-11-13,2024-11-13,32817,,OP
500698,500041,9202,2025-02-12,2025-02-12,32817,,OP
500699,500041,9202,2025-05-14,2025-05-14,32817,,OP
500700,500041,9202,2025-08-13,2025-08-13,32817,,OP
500701,500041,9202,2025-11-12,2025-11-12,32817,,OP
500702,500041,9202,2026-02-11,2026-02-11,32817,,OP
500703,500041,9202,2026-05-13,2026-05-13,32817,,OP
500704,500041,9202,2026-08-12,2026-08-12,32817,,OP
500705,500042,9202,2019-04-26,2019-04-26,32817,,OP
500706,500042,9202,2019-07-26,2019-07-26,32817,,OP
500707,500042,9202,2019-10-25,2019-10-25,32817,,OP
500708,500042,9202,2020-01-24,2020-01-24,32817,,OP
500709,500042,9202,2020-04-24,2020-04-24,32817,,OP
500710,500042,9202,2020-07-24,2020-07-24,32817,,OP
500711,500042,9202,2020-10-23,2020-10-23,32817,,OP
500712,500042,9202,2021-01-22,2021-01-22,32817,,OP
500713,500042,9202,2021-02-24,2021-02-24,32817,,OP
500714,500042,9202,2021-04-23,2021-04-23,32817,,OP
500715,500042,9202,2021-07-23,2021-07-23,32817,,OP
500716,500042,9202,2021-10-22,2021-10-22,32817,,OP
500717,500042,9202,2022-01-21,2022-01-21,32817,,OP
500718,500042,9202,2022-04-22,2022-04-22,32817,,OP
500719,500043,9202,2019-11-27,2019-11-27,32817,,OP
500720,500043,9202,2020-02-26,2020-02-26,32817,,OP
500721,500043,9202,2020-05-16,2020-05-16,32817,,OP
500722,500043,9202,2020-05-27,2020-05-27,32817,,OP
500723,500043,9202,2020-08-26,2020-08-26,32817,,OP
500724,500043,9202,2020-11-25,2020-11-25,32817,,OP
500725,500043,9202,2021-02-24,2021-02-24,32817,,OP
500726,500043,9202,2021-05-26,2021-05-26,32817,,OP
500727,500043,9202,2021-08-25,2021-08-25,32817,,OP
500728,500043,9202,2021-09-03,2021-09-03,32817,,OP
500729,500043,9202,2021-11-24,2021-11-24,32817,,OP
500730,500043,9202,2022-02-23,2022-02-23,32817,,OP
500731,500043,9202,2022-05-25,2022-05-25,32817,,OP
500732,500043,9202,2022-08-24,2022-08-24,32817,,OP
500733,500043,9202,2022-11-23,2022-11-23,32817,,OP
500734,500043,9202,2023-02-22,2023-02-22,32817,,OP
500735,500043,9202,2023-05-24,2023-05-24,32817,,OP
500736,500043,9202,2023-08-23,2023-08-23,32817,,OP
500737,500043,9202,2023-11-22,2023-11-22,32817,,OP
500738,500043,9202,2024-02-21,2024-02-21,32817,,OP
500739,500043,9202,2024-05-22,2024-05-22,32817,,OP
500740,500043,9202,2024-08-21,2024-08-21,32817,,OP
500741,500043,9202,2024-11-20,2024-11-20,32817,,OP
500742,500044,9202,2019-07-08,2019-07-08,32817,,OP
500743,500044,9202,2019-10-07,2019-10-07,32817,,OP
500744,500044,9202,2020-01-06,2020-01-06,32817,,OP
500745,500044,9202,2020-04-06,2020-04-06,32817,,OP
500746,500044,9202,2020-07-06,2020-07-06,32817,,OP
500747,500044,9202,2020-10-05,2020-10-05,32817,,OP
500748,500044,9202,2021-01-04,2021-01-04,32817,,OP
500749,500044,9202,2021-04-05,2021-04-05,32817,,OP
500750,500044,9202,2021-07-05,2021-07-05,32817,,OP
500751,500044,9202,2021-10-04,2021-10-04,32817,,OP
500752,500044,9202,2022-01-03,2022-01-03,32817,,OP
500753,500044,9202,2022-04-04,2022-04-04,32817,,OP
500754,500044,9202,2022-07-04,2022-07-04,32817,,OP
500755,500044,9202,2022-10-03,2022-10-03,32817,,OP
500756,500044,9202,2023-01-02,2023-01-02,32817,,OP
500757,500044,9202,2023-04-03,2023-04-03,32817,,OP
500758,500044,9202,2023-07-03,2023-07-03,32817,,OP
500759,500044,9202,2023-10-02,2023-10-02,32817,,OP
500760,500044,9202,2024-01-01,2024-01-01,32817,,OP
500761,500044,9202,2024-04-01,2024-04-01,32817,,OP
500762,500044,9202,2024-07-01,2024-07-01,32817,,OP
500763,500044,9202,2024-09-30,2024-09-30,32817,,OP
500764,500044,9202,2024-12-30,2024-12-30,32817,,OP
500765,500044,9202,2025-03-31,2025-03-31,32817,,OP
500766,500044,9202,2025-06-30,2025-06-30,32817,,OP
500767,500045,9202,2022-09-04,2022-09-04,32817,,OP
500768,500045,9202,2022-12-04,2022-12-04,32817,,OP
500769,500045,9202,2023-03-05,2023-03-05,32817,,OP
500770,500045,9202,2023-06-04,2023-06-04,32817,,OP
500771,500045,9202,2023-09-03,2023-09-03,32817,,OP
500772,500045,9202,2023-12-03,2023-12-03,32817,,OP
500773,500045,9202,2024-03-03,2024-03-03,32817,,OP
500774,500045,9202,2024-06-02,2024-06-02,32817,,OP
500775,500045,9202,2024-09-01,2024-09-01,32817,,OP
500776,500045,9202,2024-12-01,2024-12-01,32817,,OP
500777,500045,9202,2025-03-02,2025-03-02,32817,,OP
500778,500045,9202,2025-06-01,2025-06-01,32817,,OP
500779,500045,9202,2025-08-31,2025-08-31,32817,,OP
500780,500046,9202,2020-03-06,2020-03-06,32817,,OP
500781,500046,9202,2020-06-05,2020-06-05,32817,,OP
500782,500046,9202,2020-09-04,2020-09-04,32817,,OP
500783,500046,9202,2020-12-04,2020-12-04,32817,,OP
500784,500046,9202,2021-03-05,2021-03-05,32817,,OP
500785,500046,9202,2021-06-04,2021-06-04,32817,,OP
500786,500046,9202,2021-09-03,2021-09-03,32817,,OP
500787,500046,9202,2021-12-03,2021-12-03,32817,,OP
500788,500046,9202,2022-03-04,2022-03-04,32817,,OP
500789,500046,9202,2022-06-03,2022-06-03,32817,,OP
500790,500046,9202,2022-09-02,2022-09-02,32817,,OP
500791,500046,9202,2022-12-02,2022-12-02,32817,,OP
500792,500046,9202,2023-03-03,2023-03-03,32817,,OP
500793,500046,9202,2023-06-02,2023-06-02,32817,,OP
500794,500046,9202,2023-09-01,2023-09-01,32817,,OP
500795,500046,9202,2023-12-01,2023-12-01,32817,,OP
500796,500046,9202,2024-03-01,2024-03-01,32817,,OP
500797,500046,9202,2024-05-31,2024-05-31,32817,,OP
500798,500046,9202,2024-08-30,2024-08-30,32817,,OP
500799,500046,9202,2024-11-29,2024-11-29,32817,,OP
500800,500046,9202,2025-02-28,2025-02-28,32817,,OP
500801,500047,9202,2019-10-28,2019-10-28,32817,,OP
500802,500047,9202,2020-01-27,2020-01-27,32817,,OP
500803,500047,9202,2020-04-27,2020-04-27,32817,,OP
500804,500047,9202,2020-07-27,2020-07-27,32817,,OP
500805,500047,9202,2020-10-26,2020-10-26,32817,,OP
500806,500047,9202,2021-01-25,2021-01-25,32817,,OP
500807,500047,9202,2021-04-26,2021-04-26,32817,,OP
500808,500047,9202,2021-07-26,2021-07-26,32817,,OP
500809,500047,9202,2021-10-25,2021-10-25,32817,,OP
500810,500047,9202,2022-01-24,2022-01-24,32817,,OP
500811,500047,9202,2022-04-25,2022-04-25,32817,,OP
500812,500047,9202,2022-07-25,2022-07-25,32817,,OP
500813,500047,9202,2022-10-24,2022-10-24,32817,,OP
500814,500048,9202,2022-11-18,2022-11-18,32817,,OP
500815,500048,9202,2023-02-17,2023-02-17,32817,,OP
500816,500048,9202,2023-05-19,2023-05-19,32817,,OP
500817,500048,9202,2023-08-18,2023-08-18,32817,,OP
500818,500048,9202,2023-11-17,2023-11-17,32817,,OP
500819,500048,9202,2024-02-16,2024-02-16,32817,,OP
500820,500048,9202,2024-05-17,2024-05-17,32817,,OP
500821,500048,9202,2024-08-16,2024-08-16,32817,,OP
500822,500048,9202,2024-11-15,2024-11-15,32817,,OP
500823,500048,9202,2025-02-14,2025-02-14,32817,,OP
500824,500048,9202,2025-05-16,2025-05-16,32817,,OP
500825,500048,9202,2025-08-15,2025-08-15,32817,,OP
500826,500048,9202,2025-11-14,2025-11-14,32817,,OP
500827,500048,9202,2026-02-13,2026-02-13,32817,,OP
500828,500048,9202,2026-05-15,2026-05-15,32817,,OP
500829,500048,9202,2026-08-14,2026-08-14,32817,,OP
500830,500049,9202,2020-02-12,2020-02-12,32817,,OP
500831,500049,9202,2020-05-13,2020-05-13,32817,,OP
500832,500049,9202,2020-08-12,2020-08-12,32817,,OP
500833,500049,9202,2020-11-11,2020-11-11,32817,,OP
500834,500049,9202,2021-02-10,2021-02-10,32817,,OP
500835,500049,9202,2021-05-12,2021-05-12,32817,,OP
500836,500049,9202,2021-08-11,2021-08-11,32817,,OP
500837,500049,9202,2021-11-10,2021-11-10,32817,,OP
500838,500049,9202,2022-02-09,2022-02-09,32817,,OP
500839,500049,9202,2022-05-11,2022-05-11,32817,,OP
500840,500049,9202,2022-08-10,2022-08-10,32817,,OP
500841,500049,9202,2022-11-09,2022-11-09,32817,,OP
500842,500049,9202,2023-02-08,2023-02-08,32817,,OP
500843,500049,9202,2023-05-10,2023-05-10,32817,,OP
500844,500049,9202,2023-08-09,2023-08-09,32817,,OP
500845,500049,9202,2023-11-08,2023-11-08,32817,,OP
500846,500049,9202,2024-02-07,2024-02-07,32817,,OP
500847,500049,9202,2024-05-08,2024-05-08,32817,,OP
500848,500049,9202,2024-08-07,2024-08-07,32817,,OP
500849,500049,9202,2024-11-06,2024-11-06,32817,,OP
500850,500049,9202,2025-02-05,2025-02-05,32817,,OP
500851,500049,9202,2025-05-07,2025-05-07,32817,,OP
500852,500049,9202,2025-08-06,2025-08-06,32817,,OP
500853,500049,9202,2025-11-05,2025-11-05,32817,,OP
500854,500049,9202,2026-02-04,2026-02-04,32817,,OP
500855,500050,9202,2019-08-14,2019-08-14,32817,,OP
500856,500050,9202,2019-11-13,2019-11-13,32817,,OP
500857,500050,9202,2020-02-12,2020-02-12,32817,,OP
500858,500050,9202,2020-05-13,2020-05-13,32817,,OP
500859,500050,9202,2020-08-12,2020-08-12,32817,,OP
500860,500050,9202,2020-11-11,2020-11-11,32817,,OP
500861,500050,9202,2021-02-10,2021-02-10,32817,,OP
500862,500050,9202,2021-05-12,2021-05-12,32817,,OP
500863,500050,9202,2021-08-11,2021-08-11,32817,,OP
500864,500050,9202,2021-11-10,2021-11-10,32817,,OP
500865,500050,9202,2022-02-09,2022-02-09,32817,,OP
500866,500050,9202,2022-05-11,2022-05-11,32817,,OP
500867,500050,9202,2022-08-10,2022-08-10,32817,,OP
500868,500051,9202,2020-10-24,2020-10-24,32817,,OP
500869,500051,9202,2021-01-23,2021-01-23,32817,,OP
500870,500051,9202,2021-04-24,2021-04-24,32817,,OP
500871,500051,9202,2021-07-24,2021-07-24,32817,,OP
500872,500051,9202,2021-10-23,2021-10-23,32817,,OP
500873,500051,9202,2022-01-22,2022-01-22,32817,,OP
500874,500051,9202,2022-04-23,2022-04-23,32817,,OP
500875,500051,9202,2022-07-23,2022-07-23,32817,,OP
500876,500051,9202,2022-10-22,2022-10-22,32817,,OP
500877,500051,9202,2023-01-21,2023-01-21,32817,,OP
500878,500051,9202,2023-04-22,2023-04-22,32817,,OP
500879,500051,9202,2023-07-22,2023-07-22,32817,,OP
500880,500051,9202,2023-10-21,2023-10-21,32817,,OP
500881,500051,9202,2024-01-20,2024-01-20,32817,,OP
500882,500051,9202,2024-04-20,2024-04-20,32817,,OP
500883,500051,9202,2024-07-20,2024-07-20,32817,,OP
500884,500051,9202,2024-10-19,2024-10-19,32817,,OP
500885,500051,9202,2025-01-18,2025-01-18,32817,,OP
500886,500051,9202,2025-04-19,2025-04-19,32817,,OP
500887,500051,9202,2025-05-11,2025-05-11,32817,,OP
500888,500051,9202,2025-07-19,2025-07-19,32817,,OP
500889,500051,9202,2025-10-18,2025-10-18,32817,,OP
500890,500052,9202,2020-01-18,2020-01-18,32817,,OP
500891,500052,9202,2020-04-18,2020-04-18,32817,,OP
500892,500052,9202,2020-07-18,2020-07-18,32817,,OP
500893,500052,9202,2020-10-17,2020-10-17,32817,,OP
500894,500052,9202,2021-01-16,2021-01-16,32817,,OP
500895,500052,9202,2021-04-17,2021-04-17,32817,,OP
500896,500052,9202,2021-07-17,2021-07-17,32817,,OP
500897,500052,9202,2021-10-16,2021-10-16,32817,,OP
500898,500052,9202,2022-01-15,2022-01-15,32817,,OP
500899,500052,9202,2022-04-16,2022-04-16,32817,,OP
500900,500052,9202,2022-07-16,2022-07-16,32817,,OP
500901,500052,9202,2022-10-15,2022-10-15,32817,,OP
500902,500052,9202,2023-01-14,2023-01-14,32817,,OP
500903,500052,9202,2023-04-15,2023-04-15,32817,,OP
500904,500052,9202,2023-07-15,2023-07-15,32817,,OP
500905,500052,9202,2023-10-14,2023-10-14,32817,,OP
500906,500052,9202,2024-01-13,2024-01-13,32817,,OP
500907,500052,9202,2024-04-13,2024-04-13,32817,,OP
500908,500052,9202,2024-07-13,2024-07-13,32817,,OP
500909,500052,9202,2024-10-12,2024-10-12,32817,,OP
500910,500052,9202,2025-01-11,2025-01-11,32817,,OP
500911,500052,9202,2025-04-12,2025-04-12,32817,,OP
500912,500052,9202,2025-07-12,2025-07-12,32817,,OP
500913,500052,9202,2025-10-11,2025-10-11,32817,,OP
500914,500052,9202,2026-01-10,2026-01-10,32817,,OP
500915,500053,9202,2021-06-08,2021-06-08,32817,,OP
500916,500053,9202,2021-09-07,2021-09-07,32817,,OP
500917,500053,9202,2021-12-07,2021-12-07,32817,,OP
500918,500053,9202,2022-03-08,2022-03-08,32817,,OP
500919,500053,9202,2022-06-07,2022-06-07,32817,,OP
500920,500053,9202,2022-09-06,2022-09-06,32817,,OP
500921,500053,9202,2022-12-06,2022-12-06,32817,,OP
500922,500053,9202,2023-03-07,2023-03-07,32817,,OP
500923,500053,9202,2023-06-06,2023-06-06,32817,,OP
500924,500053,9202,2023-09-05,2023-09-05,32817,,OP
500925,500053,9202,2023-12-05,2023-12-05,32817,,OP
500926,500053,9202,2024-03-05,2024-03-05,32817,,OP
500927,500053,9202,2024-06-04,2024-06-04,32817,,OP
500928,500053,9202,2024-09-03,2024-09-03,32817,,OP
500929,500053,9202,2024-12-03,2024-12-03,32817,,OP
500930,500053,9202,2025-03-04,2025-03-04,32817,,OP
500931,500053,9202,2025-06-03,2025-06-03,32817,,OP
500932,500053,9202,2025-09-02,2025-09-02,32817,,OP
500933,500053,9202,2025-12-02,2025-12-02,32817,,OP
500934,500053,9202,2026-03-03,2026-03-03,32817,,OP
500935,500053,9202,2026-06-02,2026-06-02,32817,,OP
500936,500053,9202,2026-09-01,2026-09-01,32817,,OP
500937,500054,9202,2019-09-16,2019-09-16,32817,,OP
500938,500054,9202,2019-12-16,2019-12-16,32817,,OP
500939,500054,9202,2020-03-16,2020-03-16,32817,,OP
500940,500054,9202,2020-06-15,2020-06-15,32817,,OP
500941,500054,9202,2020-09-14,2020-09-14,32817,,OP
500942,500054,9202,2020-12-14,2020-12-14,32817,,OP
500943,500054,9202,2021-03-15,2021-03-15,32817,,OP
500944,500054,9202,2021-06-14,2021-06-14,32817,,OP
500945,500054,9202,2021-07-14,2021-07-14,32817,,OP
500946,500054,9202,2021-09-13,2021-09-13,32817,,OP
500947,500054,9202,2021-12-13,2021-12-13,32817,,OP
500948,500054,9202,2022-03-14,2022-03-14,32817,,OP
500949,500054,9202,2022-06-13,2022-06-13,32817,,OP
500950,500054,9202,2022-09-12,2022-09-12,32817,,OP
500951,500054,9202,2022-12-12,2022-12-12,32817,,OP
500952,500054,9202,2023-03-13,2023-03-13,32817,,OP
500953,500054,9202,2023-06-12,2023-06-12,32817,,OP
500954,500054,9202,2023-07-19,2023-07-19,32817,,OP
500955,500054,9202,2023-09-11,2023-09-11,32817,,OP
500956,500055,9202,2021-09-18,2021-09-18,32817,,OP
500957,500055,9202,2021-12-18,2021-12-18,32817,,OP
500958,500055,9202,2022-03-19,2022-03-19,32817,,OP
500959,500055,9202,2022-06-18,2022-06-18,32817,,OP
500960,500055,9202,2022-09-17,2022-09-17,32817,,OP
500961,500055,9202,2022-12-17,2022-12-17,32817,,OP
500962,500055,9202,2023-03-18,2023-03-18,32817,,OP
500963,500055,9202,2023-06-17,2023-06-17,32817,,OP
500964,500055,9202,2023-09-16,2023-09-16,32817,,OP
500965,500055,9202,2023-12-16,2023-12-16,32817,,OP
500966,500055,9202,2024-03-16,2024-03-16,32817,,OP
500967,500055,9202,2024-06-15,2024-06-15,32817,,OP
500968,500055,9202,2024-09-14,2024-09-14,32817,,OP
500969,500056,9202,2020-11-06,2020-11-06,32817,,OP
500970,500056,9202,2021-02-05,2021-02-05,32817,,OP
500971,500056,9202,2021-05-07,2021-05-07,32817,,OP
500972,500056,9202,2021-08-06,2021-08-06,32817,,OP
500973,500056,9202,2021-11-05,2021-11-05,32817,,OP
500974,500056,9202,2022-02-04,2022-02-04,32817,,OP
500975,500056,9202,2022-05-06,2022-05-06,32817,,OP
500976,500056,9202,2022-08-05,2022-08-05,32817,,OP
500977,500056,9202,2022-11-04,2022-11-04,32817,,OP
500978,500056,9202,2023-02-03,2023-02-03,32817,,OP
500979,500056,9202,2023-05-05,2023-05-05,32817,,OP
500980,500056,9202,2023-08-04,2023-08-04,32817,,OP
500981,500056,9202,2023-11-03,2023-11-03,32817,,OP
500982,500056,9202,2024-02-02,2024-02-02,32817,,OP
500983,500056,9202,2024-05-03,2024-05-03,32817,,OP
500984,500056,9202,2024-08-02,2024-08-02,32817,,OP
500985,500056,9202,2024-11-01,2024-11-01,32817,,OP
500986,500056,9202,2025-01-31,2025-01-31,32817,,OP
500987,500056,9202,2025-05-02,2025-05-02,32817,,OP
500988,500056,9202,2025-08-01,2025-08-01,32817,,OP
500989,500056,9202,2025-10-31,2025-10-31,32817,,OP
500990,500057,9202,2022-02-19,2022-02-19,32817,,OP
500991,500057,9202,2022-05-21,2022-05-21,32817,,OP
500992,500057,9202,2022-08-20,2022-08-20,32817,,OP
500993,500057,9202,2022-11-19,2022-11-19,32817,,OP
500994,500057,9202,2023-02-18,2023-02-18,32817,,OP
500995,500057,9202,2023-05-20,2023-05-20,32817,,OP
500996,500057,9202,2023-08-19,2023-08-19,32817,,OP
500997,500057,9202,2023-11-18,2023-11-18,32817,,OP
500998,500057,9202,2024-02-17,2024-02-17,32817,,OP
500999,500057,9202,2024-05-18,2024-05-18,32817,,OP
501000,500057,9202,2024-08-17,2024-08-17,32817,,OP
501001,500057,9202,2024-11-16,2024-11-16,32817,,OP
501002,500057,9202,2025-02-15,2025-02-15,32817,,OP
501003,500057,9202,2025-05-17,2025-05-17,32817,,OP
501004,500057,9202,2025-08-16,2025-08-16,32817,,OP
501005,500057,9202,2025-11-15,2025-11-15,32817,,OP
501006,500057,9202,2026-02-14,2026-02-14,32817,,OP
501007,500058,9202,2020-02-26,2020-02-26,32817,,OP
501008,500058,9202,2020-05-27,2020-05-27,32817,,OP
501009,500058,9202,2020-08-26,2020-08-26,32817,,OP
501010,500058,9202,2020-11-25,2020-11-25,32817,,OP
501011,500058,9202,2021-02-24,2021-02-24,32817,,OP
501012,500058,9202,2021-05-26,2021-05-26,32817,,OP
501013,500058,9202,2021-08-25,2021-08-25,32817,,OP
501014,500058,9202,2021-11-24,2021-11-24,32817,,OP
501015,500058,9202,2022-02-23,2022-02-23,32817,,OP
501016,500058,9202,2022-05-25,2022-05-25,32817,,OP
501017,500058,9202,2022-08-24,2022-08-24,32817,,OP
501018,500058,9202,2022-11-23,2022-11-23,32817,,OP
501019,500058,9202,2023-02-22,2023-02-22,32817,,OP
501020,500059,9202,2021-09-26,2021-09-26,32817,,OP
501021,500059,9202,2021-12-26,2021-12-26,32817,,OP
501022,500059,9202,2022-03-27,2022-03-27,32817,,OP
501023,500059,9202,2022-06-26,2022-06-26,32817,,OP
501024,500059,9202,2022-09-25,2022-09-25,32817,,OP
501025,500059,9202,2022-10-24,2022-10-24,32817,,OP
501026,500059,9202,2022-12-25,2022-12-25,32817,,OP
501027,500059,9202,2023-03-26,2023-03-26,32817,,OP
501028,500059,9202,2023-06-25,2023-06-25,32817,,OP
501029,500059,9202,2023-09-24,2023-09-24,32817,,OP
501030,500059,9202,2023-12-24,2023-12-24,32817,,OP
501031,500059,9202,2024-03-24,2024-03-24,32817,,OP
501032,500059,9202,2024-06-23,2024-06-23,32817,,OP
501033,500059,9202,2024-09-22,2024-09-22,32817,,OP
501034,500059,9202,2024-12-22,2024-12-22,32817,,OP
501035,500059,9202,2025-03-23,2025-03-23,32817,,OP
501036,500059,9202,2025-06-22,2025-06-22,32817,,OP
501037,500059,9202,2025-09-21,2025-09-21,32817,,OP
501038,500060,9202,2019-01-27,2019-01-27,32817,,OP
501039,500060,9202,2019-04-28,2019-04-28,32817,,OP
501040,500060,9202,2019-07-28,2019-07-28,32817,,OP
501041,500060,9202,2019-10-27,2019-10-27,32817,,OP
501042,500060,9202,2020-01-26,2020-01-26,32817,,OP
501043,500060,9202,2020-04-26,2020-04-26,32817,,OP
501044,500060,9202,2020-07-26,2020-07-26,32817,,OP
501045,500060,9202,2020-10-25,2020-10-25,32817,,OP
501046,500060,9202,2021-01-24,2021-01-24,32817,,OP
501047,500060,9202,2021-04-25,2021-04-25,32817,,OP
501048,500060,9202,2021-07-25,2021-07-25,32817,,OP
501049,500060,9202,2021-10-24,2021-10-24,32817,,OP
501050,500060,9202,2022-01-23,2022-01-23,32817,,OP
501051,500060,9202,2022-04-24,2022-04-24,32817,,OP
501052,500060,9202,2022-07-24,2022-07-24,32817,,OP
501053,500060,9202,2022-10-23,2022-10-23,32817,,OP
501054,500060,9202,2023-01-22,2023-01-22,32817,,OP
501055,500060,9202,2023-04-23,2023-04-23,32817,,OP
501056,500060,9202,2023-07-23,2023-07-23,32817,,OP
501057,500060,9202,2023-10-22,2023-10-22,32817,,OP
501058,500060,9202,2024-01-21,2024-01-21,32817,,OP
501059,500060,9202,2024-04-21,2024-04-21,32817,,OP
501060,500060,9202,2024-07-21,2024-07-21,32817,,OP
501061,500060,9202,2024-10-20,2024-10-20,32817,,OP
501062,500060,9202,2025-01-19,2025-01-19,32817,,OP
501063,500061,9202,2019-03-19,2019-03-19,32817,,OP
501064,500061,9202,2019-06-18,2019-06-18,32817,,OP
501065,500061,9202,2019-09-17,2019-09-17,32817,,OP
501066,500061,9202,2019-12-17,2019-12-17,32817,,OP
501067,500061,9202,2020-03-17,2020-03-17,32817,,OP
501068,500061,9202,2020-06-16,2020-06-16,32817,,OP
501069,500061,9202,2020-09-15,2020-09-15,32817,,OP
501070,500061,9202,2020-12-15,2020-12-15,32817,,OP
501071,500061,9202,2021-03-16,2021-03-16,32817,,OP
501072,500061,9202,2021-06-15,2021-06-15,32817,,OP
501073,500061,9202,2021-09-14,2021-09-14,32817,,OP
501074,500061,9202,2021-12-14,2021-12-14,32817,,OP
501075,500061,9202,2022-03-15,2022-03-15,32817,,OP
501076,500061,9202,2022-06-14,2022-06-14,32817,,OP
501077,500061,9202,2022-09-13,2022-09-13,32817,,OP
501078,500061,9202,2022-12-13,2022-12-13,32817,,OP
501079,500061,9202,2023-03-14,2023-03-14,32817,,OP
501080,500061,9202,2023-06-13,2023-06-13,32817,,OP
501081,500061,9202,2023-09-12,2023-09-12,32817,,OP
501082,500061,9202,2023-12-12,2023-12-12,32817,,OP
501083,500061,9202,2024-03-12,2024-03-12,32817,,OP
501084,500062,9202,2020-10-31,2020-10-31,32817,,OP
501085,500062,9202,2021-01-30,2021-01-30,32817,,OP
501086,500062,9202,2021-05-01,2021-05-01,32817,,OP
501087,500062,9202,2021-07-31,2021-07-31,32817,,OP
501088,500062,9202,2021-10-30,2021-10-30,32817,,OP
501089,500062,9202,2022-01-29,2022-01-29,32817,,OP
501090,500062,9202,2022-04-30,2022-04-30,32817,,OP
501091,500062,9202,2022-07-30,2022-07-30,32817,,OP
501092,500062,9202,2022-10-29,2022-10-29,32817,,OP
501093,500062,9202,2023-01-28,2023-01-28,32817,,OP
501094,500062,9202,2023-04-29,2023-04-29,32817,,OP
501095,500062,9202,2023-07-29,2023-07-29,32817,,OP
501096,500062,9202,2023-10-28,2023-10-28,32817,,OP
501097,500062,9202,2024-01-27,2024-01-27,32817,,OP
501098,500062,9202,2024-04-27,2024-04-27,32817,,OP
501099,500062,9202,2024-07-27,2024-07-27,32817,,OP
501100,500062,9202,2024-10-26,2024-10-26,32817,,OP
501101,500062,9202,2025-01-25,2025-01-25,32817,,OP
501102,500062,9202,2025-04-26,2025-04-26,32817,,OP
501103,500062,9202,2025-07-26,2025-07-26,32817,,OP
501104,500062,9202,2025-10-25,2025-10-25,32817,,OP
501105,500063,9202,2021-01-08,2021-01-08,32817,,OP
501106,500063,9202,2021-04-09,2021-04-09,32817,,OP
501107,500063,9202,2021-07-09,2021-07-09,32817,,OP
501108,500063,9202,2021-10-08,2021-10-08,32817,,OP
501109,500063,9202,2022-01-07,2022-01-07,32817,,OP
501110,500063,9202,2022-04-08,2022-04-08,32817,,OP
501111,500063,9202,2022-07-08,2022-07-08,32817,,OP
501112,500063,9202,2022-10-07,2022-10-07,32817,,OP
501113,500063,9202,2023-01-06,2023-01-06,32817,,OP
501114,500063,9202,2023-04-07,2023-04-07,32817,,OP
501115,500063,9202,2023-07-07,2023-07-07,32817,,OP
501116,500063,9202,2023-10-06,2023-10-06,32817,,OP
501117,500063,9202,2024-01-05,2024-01-05,32817,,OP
501118,500063,9202,2024-04-05,2024-04-05,32817,,OP
501119,500063,9202,2024-07-05,2024-07-05,32817,,OP
501120,500063,9202,2024-10-04,2024-10-04,32817,,OP
501121,500063,9202,2025-01-03,2025-01-03,32817,,OP
501122,500064,9202,2020-07-13,2020-07-13,32817,,OP
501123,500064,9202,2020-10-12,2020-10-12,32817,,OP
501124,500064,9202,2021-01-11,2021-01-11,32817,,OP
501125,500064,9202,2021-04-12,2021-04-12,32817,,OP
501126,500064,9202,2021-07-12,2021-07-12,32817,,OP
501127,500064,9202,2021-10-11,2021-10-11,32817,,OP
501128,500064,9202,2022-01-10,2022-01-10,32817,,OP
501129,500064,9202,2022-04-11,2022-04-11,32817,,OP
501130,500064,9202,2022-07-11,2022-07-11,32817,,OP
501131,500064,9202,2022-10-10,2022-10-10,32817,,OP
501132,500064,9202,2023-01-09,2023-01-09,32817,,OP
501133,500064,9202,2023-04-10,2023-04-10,32817,,OP
501134,500064,9202,2023-07-10,2023-07-10,32817,,OP
501135,500064,9202,2023-10-09,2023-10-09,32817,,OP
501136,500064,9202,2024-01-08,2024-01-08,32817,,OP
501137,500064,9202,2024-04-08,2024-04-08,32817,,OP
501138,500064,9202,2024-07-08,2024-07-08,32817,,OP
501139,500064,9202,2024-10-07,2024-10-07,32817,,OP
501140,500064,9202,2025-01-06,2025-01-06,32817,,OP
501141,500064,9202,2025-04-07,2025-04-07,32817,,OP
501142,500064,9202,2025-07-07,2025-07-07,32817,,OP
501143,500064,9202,2025-10-06,2025-10-06,32817,,OP
501144,500064,9202,2026-01-05,2026-01-05,32817,,OP
501145,500064,9202,2026-04-06,2026-04-06,32817,,OP
501146,500064,9202,2026-07-06,2026-07-06,32817,,OP
501147,500065,9202,2020-05-29,2020-05-29,32817,,OP
501148,500065,9202,2020-08-28,2020-08-28,32817,,OP
501149,500065,9202,2020-11-27,2020-11-27,32817,,OP
501150,500065,9202,2021-02-26,2021-02-26,32817,,OP
501151,500065,9202,2021-05-28,2021-05-28,32817,,OP
501152,500065,9202,2021-08-27,2021-08-27,32817,,OP
501153,500065,9202,2021-11-26,2021-11-26,32817,,OP
501154,500065,9202,2022-02-25,2022-02-25,32817,,OP
501155,500065,9202,2022-05-27,2022-05-27,32817,,OP
501156,500065,9202,2022-08-26,2022-08-26,32817,,OP
501157,500065,9202,2022-11-25,2022-11-25,32817,,OP
501158,500065,9202,2023-02-24,2023-02-24,32817,,OP
501159,500065,9202,2023-05-26,2023-05-26,32817,,OP
501160,500065,9202,2023-08-25,2023-08-25,32817,,OP
501161,500065,9202,2023-11-24,2023-11-24,32817,,OP
501162,500065,9202,2024-02-23,2024-02-23,32817,,OP
501163,500065,9202,2024-05-24,2024-05-24,32817,,OP
501164,500066,9202,2021-08-16,2021-08-16,32817,,OP
501165,500066,9202,2021-11-15,2021-11-15,32817,,OP
501166,500066,9202,2022-02-14,2022-02-14,32817,,OP
501167,500066,9202,2022-05-16,2022-05-16,32817,,OP
501168,500066,9202,2022-08-15,2022-08-15,32817,,OP
501169,500066,9202,2022-11-14,2022-11-14,32817,,OP
501170,500066,9202,2023-02-13,2023-02-13,32817,,OP
501171,500066,9202,2023-05-15,2023-05-15,32817,,OP
501172,500066,9202,2023-08-14,2023-08-14,32817,,OP
501173,500066,9202,2023-11-13,2023-11-13,32817,,OP
501174,500066,9202,2024-02-12,2024-02-12,32817,,OP
501175,500066,9202,2024-05-13,2024-05-13,32817,,OP
501176,500066,9202,2024-08-12,2024-08-12,32817,,OP
501177,500067,9202,2020-12-28,2020-12-28,32817,,OP
501178,500067,9202,2021-03-29,2021-03-29,32817,,OP
501179,500067,9202,2021-06-28,2021-06-28,32817,,OP
501180,500067,9202,2021-09-27,2021-09-27,32817,,OP
501181,500067,9202,2021-12-27,2021-12-27,32817,,OP
501182,500067,9202,2022-03-28,2022-03-28,32817,,OP
501183,500067,9202,2022-06-27,2022-06-27,32817,,OP
501184,500067,9202,2022-09-26,2022-09-26,32817,,OP
501185,500067,9202,2022-12-26,2022-12-26,32817,,OP
501186,500067,9202,2023-03-27,2023-03-27,32817,,OP
501187,500067,9202,2023-06-26,2023-06-26,32817,,OP
501188,500067,9202,2023-09-25,2023-09-25,32817,,OP
501189,500067,9202,2023-12-25,2023-12-25,32817,,OP
501190,500067,9202,2024-03-25,2024-03-25,32817,,OP
501191,500067,9202,2024-06-24,2024-06-24,32817,,OP
501192,500067,9202,2024-09-23,2024-09-23,32817,,OP
501193,500067,9202,2024-12-23,2024-12-23,32817,,OP
501194,500067,9202,2025-03-24,2025-03-24,32817,,OP
501195,500067,9202,2025-06-23,2025-06-23,32817,,OP
501196,500067,9202,2025-09-22,2025-09-22,32817,,OP
501197,500067,9202,2025-12-22,2025-12-22,32817,,OP
501198,500067,9202,2026-03-23,2026-03-23,32817,,OP
501199,500067,9202,2026-06-22,2026-06-22,32817,,OP
501200,500068,9202,2021-04-09,2021-04-09,32817,,OP
501201,500068,9202,2021-07-09,2021-07-09,32817,,OP
501202,500068,9202,2021-10-08,2021-10-08,32817,,OP
501203,500068,9202,2022-01-07,2022-01-07,32817,,OP
501204,500068,9202,2022-04-08,2022-04-08,32817,,OP
501205,500068,9202,2022-07-08,2022-07-08,32817,,OP
501206,500068,9202,2022-10-07,2022-10-07,32817,,OP
501207,500068,9202,2023-01-06,2023-01-06,32817,,OP
501208,500068,9202,2023-04-07,2023-04-07,32817,,OP
501209,500068,9202,2023-07-07,2023-07-07,32817,,OP
501210,500068,9202,2023-10-06,2023-10-06,32817,,OP
501211,500068,9202,2024-01-05,2024-01-05,32817,,OP
501212,500068,9202,2024-04-05,2024-04-05,32817,,OP
501213,500069,9202,2020-07-03,2020-07-03,32817,,OP
501214,500069,9202,2020-10-02,2020-10-02,32817,,OP
501215,500069,9202,2021-01-01,2021-01-01,32817,,OP
501216,500069,9202,2021-04-02,2021-04-02,32817,,OP
501217,500069,9202,2021-07-02,2021-07-02,32817,,OP
501218,500069,9202,2021-10-01,2021-10-01,32817,,OP
501219,500069,9202,2021-12-31,2021-12-31,32817,,OP
501220,500069,9202,2022-04-01,2022-04-01,32817,,OP
501221,500069,9202,2022-07-01,2022-07-01,32817,,OP
501222,500069,9202,2022-09-30,2022-09-30,32817,,OP
501223,500069,9202,2022-12-30,2022-12-30,32817,,OP
501224,500069,9202,2023-03-31,2023-03-31,32817,,OP
501225,500069,9202,2023-06-30,2023-06-30,32817,,OP
501226,500070,9202,2022-10-19,2022-10-19,32817,,OP
501227,500070,9202,2023-01-18,2023-01-18,32817,,OP
501228,500070,9202,2023-04-19,2023-04-19,32817,,OP
501229,500070,9202,2023-07-19,2023-07-19,32817,,OP
501230,500070,9202,2023-10-18,2023-10-18,32817,,OP
501231,500070,9202,2024-01-17,2024-01-17,32817,,OP
501232,500070,9202,2024-04-17,2024-04-17,32817,,OP
501233,500070,9202,2024-07-17,2024-07-17,32817,,OP
501234,500070,9202,2024-10-16,2024-10-16,32817,,OP
501235,500070,9202,2025-01-15,2025-01-15,32817,,OP
501236,500070,9202,2025-04-16,2025-04-16,32817,,OP
501237,500070,9202,2025-07-16,2025-07-16,32817,,OP
501238,500070,9202,2025-10-15,2025-10-15,32817,,OP
501239,500070,9202,2026-01-14,2026-01-14,32817,,OP
501240,500070,9202,2026-04-15,2026-04-15,32817,,OP
501241,500070,9202,2026-07-15,2026-07-15,32817,,OP
501242,500071,9202,2022-02-23,2022-02-23,32817,,OP
501243,500071,9202,2022-05-25,2022-05-25,32817,,OP
501244,500071,9202,2022-08-24,2022-08-24,32817,,OP
501245,500071,9202,2022-11-23,2022-11-23,32817,,OP
501246,500071,9202,2023-02-22,2023-02-22,32817,,OP
501247,500071,9202,2023-05-24,2023-05-24,32817,,OP
501248,500071,9202,2023-08-23,2023-08-23,32817,,OP
501249,500071,9202,2023-11-22,2023-11-22,32817,,OP
501250,500071,9202,2024-02-21,2024-02-21,32817,,OP
501251,500071,9202,2024-05-22,2024-05-22,32817,,OP
501252,500071,9202,2024-08-21,2024-08-21,32817,,OP
501253,500071,9202,2024-11-20,2024-11-20,32817,,OP
501254,500071,9202,2025-02-19,2025-02-19,32817,,OP
501255,500071,9202,2025-05-21,2025-05-21,32817,,OP
501256,500071,9202,2025-08-20,2025-08-20,32817,,OP
501257,500071,9202,2025-11-19,2025-11-19,32817,,OP
501258,500071,9202,2026-02-18,2026-02-18,32817,,OP
501259,500072,9202,2019-07-25,2019-07-25,32817,,OP
501260,500072,9202,2019-10-24,2019-10-24,32817,,OP
501261,500072,9202,2020-01-23,2020-01-23,32817,,OP
501262,500072,9202,2020-04-23,2020-04-23,32817,,OP
501263,500072,9202,2020-07-23,2020-07-23,32817,,OP
501264,500072,9202,2020-10-22,2020-10-22,32817,,OP
501265,500072,9202,2021-01-21,2021-01-21,32817,,OP
501266,500072,9202,2021-04-22,2021-04-22,32817,,OP
501267,500072,9202,2021-07-22,2021-07-22,32817,,OP
501268,500072,9202,2021-10-21,2021-10-21,32817,,OP
501269,500072,9202,2022-01-20,2022-01-20,32817,,OP
501270,500072,9202,2022-04-21,2022-04-21,32817,,OP
501271,500072,9202,2022-07-21,2022-07-21,32817,,OP
501272,500072,9202,2022-10-20,2022-10-20,32817,,OP
501273,500072,9202,2023-01-19,2023-01-19,32817,,OP
501274,500072,9202,2023-04-20,2023-04-20,32817,,OP
501275,500072,9202,2023-07-20,2023-07-20,32817,,OP
501276,500072,9202,2023-10-19,2023-10-19,32817,,OP
501277,500072,9202,2024-01-18,2024-01-18,32817,,OP
501278,500072,9202,2024-04-18,2024-04-18,32817,,OP
501279,500072,9202,2024-07-18,2024-07-18,32817,,OP
501280,500073,9202,2021-07-29,2021-07-29,32817,,OP
501281,500073,9202,2021-10-28,2021-10-28,32817,,OP
501282,500073,9202,2022-01-27,2022-01-27,32817,,OP
501283,500073,9202,2022-04-28,2022-04-28,32817,,OP
501284,500073,9202,2022-07-28,2022-07-28,32817,,OP
501285,500073,9202,2022-10-27,2022-10-27,32817,,OP
501286,500073,9202,2023-01-26,2023-01-26,32817,,OP
501287,500073,9202,2023-04-27,2023-04-27,32817,,OP
501288,500073,9202,2023-07-27,2023-07-27,32817,,OP
501289,500073,9202,2023-10-26,2023-10-26,32817,,OP
501290,500073,9202,2024-01-25,2024-01-25,32817,,OP
501291,500073,9202,2024-04-25,2024-04-25,32817,,OP
501292,500073,9202,2024-07-25,2024-07-25,32817,,OP
501293,500073,9202,2024-10-24,2024-10-24,32817,,OP
501294,500073,9202,2025-01-23,2025-01-23,32817,,OP
501295,500073,9202,2025-04-24,2025-04-24,32817,,OP
501296,500073,9202,2025-07-24,2025-07-24,32817,,OP
501297,500074,9202,2019-05-31,2019-05-31,32817,,OP
501298,500074,9202,2019-08-30,2019-08-30,32817,,OP
501299,500074,9202,2019-11-29,2019-11-29,32817,,OP
501300,500074,9202,2020-02-28,2020-02-28,32817,,OP
501301,500074,9202,2020-05-29,2020-05-29,32817,,OP
501302,500074,9202,2020-08-28,2020-08-28,32817,,OP
501303,500074,9202,2020-11-27,2020-11-27,32817,,OP
501304,500074,9202,2021-02-26,2021-02-26,32817,,OP
501305,500074,9202,2021-05-28,2021-05-28,32817,,OP
501306,500074,9202,2021-08-27,2021-08-27,32817,,OP
501307,500074,9202,2021-11-26,2021-11-26,32817,,OP
501308,500074,9202,2022-02-25,2022-02-25,32817,,OP
501309,500074,9202,2022-05-27,2022-05-27,32817,,OP
501310,500074,9202,2022-08-26,2022-08-26,32817,,OP
501311,500074,9202,2022-11-25,2022-11-25,32817,,OP
501312,500074,9202,2023-02-24,2023-02-24,32817,,OP
501313,500074,9202,2023-05-26,2023-05-26,32817,,OP
501314,500075,9202,2020-12-19,2020-12-19,32817,,OP
501315,500075,9202,2021-03-20,2021-03-20,32817,,OP
501316,500075,9202,2021-06-19,2021-06-19,32817,,OP
501317,500075,9202,2021-09-18,2021-09-18,32817,,OP
501318,500075,9202,2021-12-18,2021-12-18,32817,,OP
501319,500075,9202,2022-03-19,2022-03-19,32817,,OP
501320,500075,9202,2022-06-18,2022-06-18,32817,,OP
501321,500075,9202,2022-09-17,2022-09-17,32817,,OP
501322,500075,9202,2022-11-02,2022-11-02,32817,,OP
501323,500075,9202,2022-12-17,2022-12-17,32817,,OP
501324,500075,9202,2023-03-18,2023-03-18,32817,,OP
501325,500075,9202,2023-06-17,2023-06-17,32817,,OP
501326,500075,9202,2023-09-16,2023-09-16,32817,,OP
501327,500075,9202,2023-12-16,2023-12-16,32817,,OP
501328,500076,9202,2019-03-22,2019-03-22,32817,,OP
501329,500076,9202,2019-06-21,2019-06-21,32817,,OP
501330,500076,9202,2019-09-20,2019-09-20,32817,,OP
501331,500076,9202,2019-12-20,2019-12-20,32817,,OP
501332,500076,9202,2020-03-20,2020-03-20,32817,,OP
501333,500076,9202,2020-06-19,2020-06-19,32817,,OP
501334,500076,9202,2020-09-18,2020-09-18,32817,,OP
501335,500076,9202,2020-12-18,2020-12-18,32817,,OP
501336,500076,9202,2021-03-19,2021-03-19,32817,,OP
501337,500076,9202,2021-06-18,2021-06-18,32817,,OP
501338,500076,9202,2021-09-17,2021-09-17,32817,,OP
501339,500076,9202,2021-12-17,2021-12-17,32817,,OP
501340,500076,9202,2022-03-18,2022-03-18,32817,,OP
501341,500077,9202,2019-09-26,2019-09-26,32817,,OP
501342,500077,9202,2019-12-26,2019-12-26,32817,,OP
501343,500077,9202,2020-03-26,2020-03-26,32817,,OP
501344,500077,9202,2020-06-25,2020-06-25,32817,,OP
501345,500077,9202,2020-09-24,2020-09-24,32817,,OP
501346,500077,9202,2020-12-24,2020-12-24,32817,,OP
501347,500077,9202,2021-03-25,2021-03-25,32817,,OP
501348,500077,9202,2021-06-24,2021-06-24,32817,,OP
501349,500077,9202,2021-09-23,2021-09-23,32817,,OP
501350,500077,9202,2021-12-23,2021-12-23,32817,,OP
501351,500077,9202,2022-03-24,2022-03-24,32817,,OP
501352,500077,9202,2022-06-23,2022-06-23,32817,,OP
501353,500077,9202,2022-09-22,2022-09-22,32817,,OP
501354,500077,9202,2022-12-22,2022-12-22,32817,,OP
501355,500077,9202,2023-03-23,2023-03-23,32817,,OP
501356,500077,9202,2023-06-22,2023-06-22,32817,,OP
501357,500077,9202,2023-09-21,2023-09-21,32817,,OP
501358,500078,9202,2019-07-13,2019-07-13,32817,,OP
501359,500078,9202,2019-10-12,2019-10-12,32817,,OP
501360,500078,9202,2020-01-11,2020-01-11,32817,,OP
501361,500078,9202,2020-04-11,2020-04-11,32817,,OP
501362,500078,9202,2020-07-11,2020-07-11,32817,,OP
501363,500078,9202,2020-10-10,2020-10-10,32817,,OP
501364,500078,9202,2021-01-09,2021-01-09,32817,,OP
501365,500078,9202,2021-04-10,2021-04-10,32817,,OP
501366,500078,9202,2021-07-10,2021-07-10,32817,,OP
501367,500078,9202,2021-10-09,2021-10-09,32817,,OP
501368,500078,9202,2022-01-08,2022-01-08,32817,,OP
501369,500078,9202,2022-04-09,2022-04-09,32817,,OP
501370,500078,9202,2022-07-09,2022-07-09,32817,,OP
501371,500078,9202,2022-10-08,2022-10-08,32817,,OP
501372,500078,9202,2023-01-07,2023-01-07,32817,,OP
501373,500078,9202,2023-04-08,2023-04-08,32817,,OP
501374,500078,9202,2023-07-08,2023-07-08,32817,,OP
501375,500079,9202,2021-05-22,2021-05-22,32817,,OP
501376,500079,9202,2021-08-21,2021-08-21,32817,,OP
501377,500079,9202,2021-11-20,2021-11-20,32817,,OP
501378,500079,9202,2022-02-19,2022-02-19,32817,,OP
501379,500079,9202,2022-05-21,2022-05-21,32817,,OP
501380,500079,9202,2022-08-20,2022-08-20,32817,,OP
501381,500079,9202,2022-11-19,2022-11-19,32817,,OP
501382,500079,9202,2023-02-18,2023-02-18,32817,,OP
501383,500079,9202,2023-05-20,2023-05-20,32817,,OP
501384,500079,9202,2023-08-19,2023-08-19,32817,,OP
501385,500079,9202,2023-11-18,2023-11-18,32817,,OP
501386,500079,9202,2024-02-17,2024-02-17,32817,,OP
501387,500079,9202,2024-05-18,2024-05-18,32817,,OP
501388,500080,9202,2021-10-01,2021-10-01,32817,,OP
501389,500080,9202,2021-12-31,2021-12-31,32817,,OP
501390,500080,9202,2022-04-01,2022-04-01,32817,,OP
501391,500080,9202,2022-07-01,2022-07-01,32817,,OP
501392,500080,9202,2022-09-30,2022-09-30,32817,,OP
501393,500080,9202,2022-12-30,2022-12-30,32817,,OP
501394,500080,9202,2023-03-31,2023-03-31,32817,,OP
501395,500080,9202,2023-06-30,2023-06-30,32817,,OP
501396,500080,9202,2023-09-29,2023-09-29,32817,,OP
501397,500080,9202,2023-12-29,2023-12-29,32817,,OP
501398,500080,9202,2024-02-24,2024-02-24,32817,,OP
501399,500080,9202,2024-03-29,2024-03-29,32817,,OP
501400,500080,9202,2024-06-28,2024-06-28,32817,,OP
501401,500080,9202,2024-09-27,2024-09-27,32817,,OP
501402,500080,9202,2024-12-27,2024-12-27,32817,,OP
501403,500080,9202,2025-03-28,2025-03-28,32817,,OP
501404,500080,9202,2025-06-27,2025-06-27,32817,,OP
501405,500080,9202,2025-09-26,2025-09-26,32817,,OP
501406,500080,9202,2025-12-26,2025-12-26,32817,,OP
501407,500080,9202,2026-03-27,2026-03-27,32817,,OP
501408,500080,9202,2026-06-26,2026-06-26,32817,,OP
501409,500081,9202,2019-10-27,2019-10-27,32817,,OP
501410,500081,9202,2020-01-26,2020-01-26,32817,,OP
501411,500081,9202,2020-04-26,2020-04-26,32817,,OP
501412,500081,9202,2020-07-26,2020-07-26,32817,,OP
501413,500081,9202,2020-10-25,2020-10-25,32817,,OP
501414,500081,9202,2021-01-24,2021-01-24,32817,,OP
501415,500081,9202,2021-04-25,2021-04-25,32817,,OP
501416,500081,9202,2021-07-25,2021-07-25,32817,,OP
501417,500081,9202,2021-10-24,2021-10-24,32817,,OP
501418,500081,9202,2022-01-23,2022-01-23,32817,,OP
501419,500081,9202,2022-04-24,2022-04-24,32817,,OP
501420,500081,9202,2022-07-24,2022-07-24,32817,,OP
501421,500081,9202,2022-10-23,2022-10-23,32817,,OP
501422,500081,9202,2023-01-22,2023-01-22,32817,,OP
501423,500081,9202,2023-04-23,2023-04-23,32817,,OP
501424,500081,9202,2023-07-23,2023-07-23,32817,,OP
501425,500081,9202,2023-10-22,2023-10-22,32817,,OP
501426,500082,9202,2019-10-20,2019-10-20,32817,,OP
501427,500082,9202,2020-01-19,2020-01-19,32817,,OP
501428,500082,9202,2020-04-19,2020-04-19,32817,,OP
501429,500082,9202,2020-07-19,2020-07-19,32817,,OP
501430,500082,9202,2020-10-18,2020-10-18,32817,,OP
501431,500082,9202,2021-01-17,2021-01-17,32817,,OP
501432,500082,9202,2021-04-18,2021-04-18,32817,,OP
501433,500082,9202,2021-07-18,2021-07-18,32817,,OP
501434,500082,9202,2021-10-17,2021-10-17,32817,,OP
501435,500082,9202,2022-01-16,2022-01-16,32817,,OP
501436,500082,9202,2022-04-17,2022-04-17,32817,,OP
501437,500082,9202,2022-07-17,2022-07-17,32817,,OP
501438,500082,9202,2022-10-16,2022-10-16,32817,,OP
501439,500082,9202,2023-01-15,2023-01-15,32817,,OP
501440,500082,9202,2023-04-16,2023-04-16,32817,,OP
501441,500082,9202,2023-07-16,2023-07-16,32817,,OP
501442,500082,9202,2023-10-15,2023-10-15,32817,,OP
501443,500082,9202,2024-01-14,2024-01-14,32817,,OP
501444,500082,9202,2024-04-14,2024-04-14,32817,,OP
501445,500082,9202,2024-07-14,2024-07-14,32817,,OP
501446,500082,9202,2024-10-13,2024-10-13,32817,,OP
501447,500082,9202,2025-01-12,2025-01-12,32817,,OP
501448,500082,9202,2025-04-13,2025-04-13,32817,,OP
501449,500082,9202,2025-07-13,2025-07-13,32817,,OP
501450,500082,9202,2025-10-12,2025-10-12,32817,,OP
501451,500083,9202,2020-12-13,2020-12-13,32817,,OP
501452,500083,9202,2021-03-14,2021-03-14,32817,,OP
501453,500083,9202,2021-06-13,2021-06-13,32817,,OP
501454,500083,9202,2021-09-12,2021-09-12,32817,,OP
501455,500083,9202,2021-12-12,2021-12-12,32817,,OP
501456,500083,9202,2022-03-13,2022-03-13,32817,,OP
501457,500083,9202,2022-06-12,2022-06-12,32817,,OP
501458,500083,9202,2022-09-11,2022-09-11,32817,,OP
501459,500083,9202,2022-12-11,2022-12-11,32817,,OP
501460,500083,9202,2023-03-12,2023-03-12,32817,,OP
501461,500083,9202,2023-06-11,2023-06-11,32817,,OP
501462,500083,9202,2023-09-10,2023-09-10,32817,,OP
501463,500083,9202,2023-10-25,2023-10-25,32817,,OP
501464,500083,9202,2023-12-10,2023-12-10,32817,,OP
501465,500083,9202,2024-03-10,2024-03-10,32817,,OP
501466,500083,9202,2024-06-09,2024-06-09,32817,,OP
501467,500083,9202,2024-09-08,2024-09-08,32817,,OP
501468,500083,9202,2024-12-08,2024-12-08,32817,,OP
501469,500084,9202,2021-02-26,2021-02-26,32817,,OP
501470,500084,9202,2021-05-28,2021-05-28,32817,,OP
501471,500084,9202,2021-08-27,2021-08-27,32817,,OP
501472,500084,9202,2021-11-26,2021-11-26,32817,,OP
501473,500084,9202,2022-02-25,2022-02-25,32817,,OP
501474,500084,9202,2022-05-27,2022-05-27,32817,,OP
501475,500084,9202,2022-08-26,2022-08-26,32817,,OP
501476,500084,9202,2022-11-25,2022-11-25,32817,,OP
501477,500084,9202,2023-02-24,2023-02-24,32817,,OP
501478,500084,9202,2023-05-26,2023-05-26,32817,,OP
501479,500084,9202,2023-08-25,2023-08-25,32817,,OP
501480,500084,9202,2023-11-24,2023-11-24,32817,,OP
501481,500084,9202,2024-02-23,2024-02-23,32817,,OP
501482,500085,9202,2020-06-22,2020-06-22,32817,,OP
501483,500085,9202,2020-09-21,2020-09-21,32817,,OP
501484,500085,9202,2020-12-21,2020-12-21,32817,,OP
501485,500085,9202,2021-03-22,2021-03-22,32817,,OP
501486,500085,9202,2021-06-21,2021-06-21,32817,,OP
501487,500085,9202,2021-09-20,2021-09-20,32817,,OP
501488,500085,9202,2021-12-20,2021-12-20,32817,,OP
501489,500085,9202,2022-03-21,2022-03-21,32817,,OP
501490,500085,9202,2022-06-20,2022-06-20,32817,,OP
501491,500085,9202,2022-09-19,2022-09-19,32817,,OP
501492,500085,9202,2022-12-19,2022-12-19,32817,,OP
501493,500085,9202,2023-03-20,2023-03-20,32817,,OP
501494,500085,9202,2023-06-19,2023-06-19,32817,,OP
501495,500085,9202,2023-09-18,2023-09-18,32817,,OP
501496,500085,9202,2023-12-18,2023-12-18,32817,,OP
501497,500085,9202,2024-03-18,2024-03-18,32817,,OP
501498,500085,9202,2024-06-17,2024-06-17,32817,,OP
501499,500085,9202,2024-09-16,2024-09-16,32817,,OP
501500,500085,9202,2024-12-16,2024-12-16,32817,,OP
501501,500085,9202,2025-03-17,2025-03-17,32817,,OP
501502,500085,9202,2025-06-16,2025-06-16,32817,,OP
501503,500086,9202,2020-11-17,2020-11-17,32817,,OP
501504,500086,9202,2021-02-16,2021-02-16,32817,,OP
501505,500086,9202,2021-05-18,2021-05-18,32817,,OP
501506,500086,9202,2021-08-17,2021-08-17,32817,,OP
501507,500086,9202,2021-11-16,2021-11-16,32817,,OP
501508,500086,9202,2022-02-15,2022-02-15,32817,,OP
501509,500086,9202,2022-05-17,2022-05-17,32817,,OP
501510,500086,9202,2022-08-16,2022-08-16,32817,,OP
501511,500086,9202,2022-11-15,2022-11-15,32817,,OP
501512,500086,9202,2023-02-14,2023-02-14,32817,,OP
501513,500086,9202,2023-05-16,2023-05-16,32817,,OP
501514,500086,9202,2023-08-15,2023-08-15,32817,,OP
501515,500086,9202,2023-11-14,2023-11-14,32817,,OP
501516,500086,9202,2024-02-13,2024-02-13,32817,,OP
501517,500086,9202,2024-05-14,2024-05-14,32817,,OP
501518,500086,9202,2024-08-13,2024-08-13,32817,,OP
501519,500086,9202,2024-11-12,2024-11-12,32817,,OP
501520,500086,9202,2025-02-11,2025-02-11,32817,,OP
501521,500086,9202,2025-05-13,2025-05-13,32817,,OP
501522,500086,9202,2025-08-12,2025-08-12,32817,,OP
501523,500086,9202,2025-11-11,2025-11-11,32817,,OP
501524,500087,9202,2022-12-03,2022-12-03,32817,,OP
501525,500087,9202,2023-03-04,2023-03-04,32817,,OP
501526,500087,9202,2023-06-03,2023-06-03,32817,,OP
501527,500087,9202,2023-09-02,2023-09-02,32817,,OP
501528,500087,9202,2023-12-02,2023-12-02,32817,,OP
501529,500087,9202,2024-03-02,2024-03-02,32817,,OP
501530,500087,9202,2024-06-01,2024-06-01,32817,,OP
501531,500087,9202,2024-08-31,2024-08-31,32817,,OP
501532,500087,9202,2024-11-30,2024-11-30,32817,,OP
501533,500087,9202,2025-03-01,2025-03-01,32817,,OP
501534,500087,9202,2025-05-31,2025-05-31,32817,,OP
501535,500087,9202,2025-08-30,2025-08-30,32817,,OP
501536,500087,9202,2025-11-29,2025-11-29,32817,,OP
501537,500088,9202,2019-12-25,2019-12-25,32817,,OP
501538,500088,9202,2020-03-25,2020-03-25,32817,,OP
501539,500088,9202,2020-06-24,2020-06-24,32817,,OP
501540,500088,9202,2020-09-23,2020-09-23,32817,,OP
501541,500088,9202,2020-12-23,2020-12-23,32817,,OP
501542,500088,9202,2021-03-24,2021-03-24,32817,,OP
501543,500088,9202,2021-06-23,2021-06-23,32817,,OP
501544,500088,9202,2021-09-22,2021-09-22,32817,,OP
501545,500088,9202,2021-12-22,2021-12-22,32817,,OP
501546,500088,9202,2022-03-23,2022-03-23,32817,,OP
501547,500088,9202,2022-06-22,2022-06-22,32817,,OP
501548,500088,9202,2022-09-21,2022-09-21,32817,,OP
501549,500088,9202,2022-12-21,2022-12-21,32817,,OP
501550,500088,9202,2023-03-22,2023-03-22,32817,,OP
501551,500088,9202,2023-06-21,2023-06-21,32817,,OP
501552,500088,9202,2023-09-20,2023-09-20,32817,,OP
501553,500088,9202,2023-12-20,2023-12-20,32817,,OP
501554,500089,9202,2019-09-14,2019-09-14,32817,,OP
501555,500089,9202,2019-12-14,2019-12-14,32817,,OP
501556,500089,9202,2020-01-12,2020-01-12,32817,,OP
501557,500089,9202,2020-03-14,2020-03-14,32817,,OP
501558,500089,9202,2020-06-13,2020-06-13,32817,,OP
501559,500089,9202,2020-09-12,2020-09-12,32817,,OP
501560,500089,9202,2020-12-12,2020-12-12,32817,,OP
501561,500089,9202,2021-03-13,2021-03-13,32817,,OP
501562,500089,9202,2021-06-12,2021-06-12,32817,,OP
501563,500089,9202,2021-09-11,2021-09-11,32817,,OP
501564,500089,9202,2021-12-11,2021-12-11,32817,,OP
501565,500089,9202,2022-03-12,2022-03-12,32817,,OP
501566,500089,9202,2022-06-11,2022-06-11,32817,,OP
501567,500089,9202,2022-09-10,2022-09-10,32817,,OP
501568,500089,9202,2022-12-10,2022-12-10,32817,,OP
501569,500089,9202,2023-03-11,2023-03-11,32817,,OP
501570,500089,9202,2023-06-10,2023-06-10,32817,,OP
501571,500089,9202,2023-09-09,2023-09-09,32817,,OP
501572,500089,9202,2023-12-09,2023-12-09,32817,,OP
501573,500089,9202,2024-03-09,2024-03-09,32817,,OP
501574,500089,9202,2024-06-08,2024-06-08,32817,,OP
501575,500089,9202,2024-09-07,2024-09-07,32817,,OP
501576,500089,9202,2024-12-07,2024-12-07,32817,,OP
501577,500089,9202,2025-03-08,2025-03-08,32817,,OP
501578,500089,9202,2025-06-07,2025-06-07,32817,,OP
501579,500089,9202,2025-09-06,2025-09-06,32817,,OP
501580,500090,9202,2020-07-03,2020-07-03,32817,,OP
501581,500090,9202,2020-10-02,2020-10-02,32817,,OP
501582,500090,9202,2021-01-01,2021-01-01,32817,,OP
501583,500090,9202,2021-04-02,2021-04-02,32817,,OP
501584,500090,9202,2021-07-02,2021-07-02,32817,,OP
501585,500090,9202,2021-10-01,2021-10-01,32817,,OP
501586,500090,9202,2021-12-31,2021-12-31,32817,,OP
501587,500090,9202,2022-04-01,2022-04-01,32817,,OP
501588,500090,9202,2022-07-01,2022-07-01,32817,,OP
501589,500090,9202,2022-09-30,2022-09-30,32817,,OP
501590,500090,9202,2022-12-30,2022-12-30,32817,,OP
501591,500090,9202,2023-03-31,2023-03-31,32817,,OP
501592,500090,9202,2023-06-30,2023-06-30,32817,,OP
501593,500090,9202,2023-09-29,2023-09-29,32817,,OP
501594,500090,9202,2023-12-29,2023-12-29,32817,,OP
501595,500090,9202,2024-03-29,2024-03-29,32817,,OP
501596,500090,9202,2024-06-28,2024-06-28,32817,,OP
501597,500091,9202,2021-11-01,2021-11-01,32817,,OP
501598,500091,9202,2022-01-31,2022-01-31,32817,,OP
501599,500091,9202,2022-05-02,2022-05-02,32817,,OP
501600,500091,9202,2022-08-01,2022-08-01,32817,,OP
501601,500091,9202,2022-10-31,2022-10-31,32817,,OP
501602,500091,9202,2023-01-30,2023-01-30,32817,,OP
501603,500091,9202,2023-05-01,2023-05-01,32817,,OP
501604,500091,9202,2023-07-31,2023-07-31,32817,,OP
501605,500091,9202,2023-10-30,2023-10-30,32817,,OP
501606,500091,9202,2024-01-29,2024-01-29,32817,,OP
501607,500091,9202,2024-04-29,2024-04-29,32817,,OP
501608,500091,9202,2024-07-29,2024-07-29,32817,,OP
501609,500091,9202,2024-10-28,2024-10-28,32817,,OP
501610,500091,9202,2025-01-27,2025-01-27,32817,,OP
501611,500091,9202,2025-04-28,2025-04-28,32817,,OP
501612,500091,9202,2025-07-28,2025-07-28,32817,,OP
501613,500091,9202,2025-10-27,2025-10-27,32817,,OP
501614,500091,9202,2026-01-26,2026-01-26,32817,,OP
501615,500091,9202,2026-04-27,2026-04-27,32817,,OP
501616,500091,9202,2026-07-27,2026-07-27,32817,,OP
501617,500092,9202,2020-06-25,2020-06-25,32817,,OP
501618,500092,9202,2020-09-24,2020-09-24,32817,,OP
501619,500092,9202,2020-12-24,2020-12-24,32817,,OP
501620,500092,9202,2021-03-25,2021-03-25,32817,,OP
501621,500092,9202,2021-06-24,2021-06-24,32817,,OP
501622,500092,9202,2021-09-23,2021-09-23,32817,,OP
501623,500092,9202,2021-12-23,2021-12-23,32817,,OP
501624,500092,9202,2022-03-24,2022-03-24,32817,,OP
501625,500092,9202,2022-06-23,2022-06-23,32817,,OP
501626,500092,9202,2022-09-22,2022-09-22,32817,,OP
501627,500092,9202,2022-12-22,2022-12-22,32817,,OP
501628,500092,9202,2023-03-23,2023-03-23,32817,,OP
501629,500092,9202,2023-06-22,2023-06-22,32817,,OP
501630,500093,9202,2022-01-08,2022-01-08,32817,,OP
501631,500093,9202,2022-04-09,2022-04-09,32817,,OP
501632,500093,9202,2022-07-09,2022-07-09,32817,,OP
501633,500093,9202,2022-10-08,2022-10-08,32817,,OP
501634,500093,9202,2023-01-07,2023-01-07,32817,,OP
501635,500093,9202,2023-04-08,2023-04-08,32817,,OP
501636,500093,9202,2023-07-08,2023-07-08,32817,,OP
501637,500093,9202,2023-10-07,2023-10-07,32817,,OP
501638,500093,9202,2024-01-06,2024-01-06,32817,,OP
501639,500093,9202,2024-04-06,2024-04-06,32817,,OP
501640,500093,9202,2024-07-06,2024-07-06,32817,,OP
501641,500093,9202,2024-10-05,2024-10-05,32817,,OP
501642,500093,9202,2025-01-04,2025-01-04,32817,,OP
501643,500094,9202,2019-12-06,2019-12-06,32817,,OP
501644,500094,9202,2020-03-06,2020-03-06,32817,,OP
501645,500094,9202,2020-06-05,2020-06-05,32817,,OP
501646,500094,9202,2020-09-04,2020-09-04,32817,,OP
501647,500094,9202,2020-12-04,2020-12-04,32817,,OP
501648,500094,9202,2021-03-05,2021-03-05,32817,,OP
501649,500094,9202,2021-06-04,2021-06-04,32817,,OP
501650,500094,9202,2021-09-03,2021-09-03,32817,,OP
501651,500094,9202,2021-12-03,2021-12-03,32817,,OP
501652,500094,9202,2022-03-04,2022-03-04,32817,,OP
501653,500094,9202,2022-06-03,2022-06-03,32817,,OP
501654,500094,9202,2022-09-02,2022-09-02,32817,,OP
501655,500094,9202,2022-12-02,2022-12-02,32817,,OP
501656,500094,9202,2023-03-03,2023-03-03,32817,,OP
501657,500094,9202,2023-06-02,2023-06-02,32817,,OP
501658,500094,9202,2023-09-01,2023-09-01,32817,,OP
501659,500094,9202,2023-12-01,2023-12-01,32817,,OP
501660,500095,9202,2020-05-22,2020-05-22,32817,,OP
501661,500095,9202,2020-08-21,2020-08-21,32817,,OP
501662,500095,9202,2020-11-20,2020-11-20,32817,,OP
501663,500095,9202,2021-02-19,2021-02-19,32817,,OP
501664,500095,9202,2021-05-21,2021-05-21,32817,,OP
501665,500095,9202,2021-08-20,2021-08-20,32817,,OP
501666,500095,9202,2021-11-19,2021-11-19,32817,,OP
501667,500095,9202,2022-02-18,2022-02-18,32817,,OP
501668,500095,9202,2022-05-20,2022-05-20,32817,,OP
501669,500095,9202,2022-08-19,2022-08-19,32817,,OP
501670,500095,9202,2022-11-18,2022-11-18,32817,,OP
501671,500095,9202,2023-02-17,2023-02-17,32817,,OP
501672,500095,9202,2023-05-19,2023-05-19,32817,,OP
501673,500096,9202,2022-01-20,2022-01-20,32817,,OP
501674,500096,9202,2022-04-21,2022-04-21,32817,,OP
501675,500096,9202,2022-07-21,2022-07-21,32817,,OP
501676,500096,9202,2022-10-20,2022-10-20,32817,,OP
501677,500096,9202,2023-01-19,2023-01-19,32817,,OP
501678,500096,9202,2023-04-20,2023-04-20,32817,,OP
501679,500096,9202,2023-07-20,2023-07-20,32817,,OP
501680,500096,9202,2023-10-19,2023-10-19,32817,,OP
501681,500096,9202,2024-01-18,2024-01-18,32817,,OP
501682,500096,9202,2024-04-18,2024-04-18,32817,,OP
501683,500096,9202,2024-07-18,2024-07-18,32817,,OP
501684,500096,9202,2024-10-17,2024-10-17,32817,,OP
501685,500096,9202,2025-01-16,2025-01-16,32817,,OP
501686,500096,9202,2025-04-17,2025-04-17,32817,,OP
501687,500096,9202,2025-07-17,2025-07-17,32817,,OP
501688,500096,9202,2025-10-16,2025-10-16,32817,,OP
501689,500096,9202,2026-01-15,2026-01-15,32817,,OP
501690,500097,9202,2021-03-14,2021-03-14,32817,,OP
501691,500097,9202,2021-06-13,2021-06-13,32817,,OP
501692,500097,9202,2021-09-12,2021-09-12,32817,,OP
501693,500097,9202,2021-12-12,2021-12-12,32817,,OP
501694,500097,9202,2022-03-13,2022-03-13,32817,,OP
501695,500097,9202,2022-06-12,2022-06-12,32817,,OP
501696,500097,9202,2022-09-11,2022-09-11,32817,,OP
501697,500097,9202,2022-12-11,2022-12-11,32817,,OP
501698,500097,9202,2023-03-12,2023-03-12,32817,,OP
501699,500097,9202,2023-06-11,2023-06-11,32817,,OP
501700,500097,9202,2023-09-10,2023-09-10,32817,,OP
501701,500097,9202,2023-12-10,2023-12-10,32817,,OP
501702,500097,9202,2024-03-10,2024-03-10,32817,,OP
501703,500097,9202,2024-06-09,2024-06-09,32817,,OP
501704,500097,9202,2024-09-08,2024-09-08,32817,,OP
501705,500097,9202,2024-12-08,2024-12-08,32817,,OP
501706,500097,9202,2025-03-09,2025-03-09,32817,,OP
501707,500098,9202,2022-06-13,2022-06-13,32817,,OP
501708,500098,9202,2022-09-12,2022-09-12,32817,,OP
501709,500098,9202,2022-12-12,2022-12-12,32817,,OP
501710,500098,9202,2023-03-13,2023-03-13,32817,,OP
501711,500098,9202,2023-06-12,2023-06-12,32817,,OP
501712,500098,9202,2023-09-11,2023-09-11,32817,,OP
501713,500098,9202,2023-11-05,2023-11-05,32817,,OP
501714,500098,9202,2023-12-11,2023-12-11,32817,,OP
501715,500098,9202,2024-03-11,2024-03-11,32817,,OP
501716,500098,9202,2024-06-10,2024-06-10,32817,,OP
501717,500098,9202,2024-09-09,2024-09-09,32817,,OP
501718,500098,9202,2024-12-09,2024-12-09,32817,,OP
501719,500098,9202,2025-03-10,2025-03-10,32817,,OP
501720,500098,9202,2025-06-09,2025-06-09,32817,,OP
501721,500098,9202,2025-09-08,2025-09-08,32817,,OP
501722,500098,9202,2025-12-08,2025-12-08,32817,,OP
501723,500098,9202,2026-03-09,2026-03-09,32817,,OP
501724,500098,9202,2026-06-08,2026-06-08,32817,,OP
501725,500099,9202,2022-09-26,2022-09-26,32817,,OP
501726,500099,9202,2022-12-26,2022-12-26,32817,,OP
501727,500099,9202,2023-03-27,2023-03-27,32817,,OP
501728,500099,9202,2023-06-26,2023-06-26,32817,,OP
501729,500099,9202,2023-09-25,2023-09-25,32817,,OP
501730,500099,9202,2023-12-25,2023-12-25,32817,,OP
501731,500099,9202,2024-03-25,2024-03-25,32817,,OP
501732,500099,9202,2024-06-24,2024-06-24,32817,,OP
501733,500099,9202,2024-09-23,2024-09-23,32817,,OP
501734,500099,9202,2024-12-08,2024-12-08,32817,,OP
501735,500099,9202,2024-12-23,2024-12-23,32817,,OP
501736,500099,9202,2025-03-24,2025-03-24,32817,,OP
501737,500099,9202,2025-06-23,2025-06-23,32817,,OP
501738,500099,9202,2025-09-22,2025-09-22,32817,,OP
501739,500099,9202,2025-12-22,2025-12-22,32817,,OP
501740,500099,9202,2026-03-23,2026-03-23,32817,,OP
501741,500099,9202,2026-06-22,2026-06-22,32817,,OP
501742,500100,9202,2019-01-03,2019-01-03,32817,,OP
501743,500100,9202,2019-04-04,2019-04-04,32817,,OP
501744,500100,9202,2019-07-04,2019-07-04,32817,,OP
501745,500100,9202,2019-10-03,2019-10-03,32817,,OP
501746,500100,9202,2020-01-02,2020-01-02,32817,,OP
501747,500100,9202,2020-04-02,2020-04-02,32817,,OP
501748,500100,9202,2020-07-02,2020-07-02,32817,,OP
501749,500100,9202,2020-10-01,2020-10-01,32817,,OP
501750,500100,9202,2020-12-31,2020-12-31,32817,,OP
501751,500100,9202,2021-04-01,2021-04-01,32817,,OP
501752,500100,9202,2021-07-01,2021-07-01,32817,,OP
501753,500100,9202,2021-09-30,2021-09-30,32817,,OP
501754,500100,9202,2021-12-30,2021-12-30,32817,,OP
501755,500100,9202,2022-03-31,2022-03-31,32817,,OP
501756,500100,9202,2022-06-30,2022-06-30,32817,,OP
501757,500100,9202,2022-09-29,2022-09-29,32817,,OP
501758,500100,9202,2022-12-29,2022-12-29,32817,,OP
501759,500100,9202,2023-03-30,2023-03-30,32817,,OP
501760,500100,9202,2023-06-29,2023-06-29,32817,,OP
501761,500100,9202,2023-09-28,2023-09-28,32817,,OP
501762,500100,9202,2023-12-28,2023-12-28,32817,,OP
501763,500100,9202,2024-03-28,2024-03-28,32817,,OP
501764,500100,9202,2024-06-27,2024-06-27,32817,,OP
501765,500100,9202,2024-09-26,2024-09-26,32817,,OP
501766,500100,9202,2024-12-26,2024-12-26,32817,,OP
