masld_id,person_id,visit_occurrence_id,fib4_score,apri_score,bard_score,safe_score,liverrisk_score
400001,400001,400001,1.77,0.58,3,98.13,7.81
400002,400002,400014,3.42,1.26,3,220.26,17.45
400003,400003,400025,2.52,0.64,3,100.35,11.42
400004,400004,400038,4.25,1.92,3,228.32,19.02
400005,400005,400044,1.78,0.7,0,40.54,8.81
400006,400006,400050,0.76,0.27,0,-45,5.8
400007,400007,400057,0.83,0.38,2,64.77,7.17
400008,400008,400077,1.59,0.48,0,38.93,8.85
,400009,400096,4.9,1.78,3,251.85,20.51
400010,400010,400110,1.54,0.65,0,29.41,8.9
400011,400011,400117,1.52,0.49,1,-21.49,8.36
400012,400012,400133,0.89,0.26,0,15.52,6.38
400013,400013,400143,0.54,0.34,2,-21.19,5.04
400014,400014,400153,1.73,0.55,3,126.74,8.32
400015,400015,400168,2.65,0.7,4,193.63,13.07
400016,400016,400185,1.06,0.44,1040,-45,5.99
400017,400017,400195,0.98,0.34,1,18.45,6.87
400018,400018,400216,4.08,1.16,3,247.34,17.26
400019,400019,400228,4.37,1.87,4,285.23,20.93
400020,400020,400242,3.03,0.98,1,170.83,13.75
400021,400021,400253,0.83,0.38,0,4000,5.69
400022,400022,400267,3.26,1.08,4,228.66,16.59
400023,400023,400287,1.03,0.27,0,-45,6.48
400025,400025,400317,6.44,2.25,2,232.92,26.16
400026,400026,400335,1.89,1.07,0,101.34,9.55
400027,400027,400348,1.42,0.46,0,-45,8.03
400028,NOT_A_NUMBER,400359,1.81,0.61,3,162.37,10.79
400029,400029,400370,0.78,0.5,NOT_A_NUMBER,14.79,7.13
400030,400030,400385,1.86,0.68,3,78.76,9.89
400031,400031,400393,1.15,0.36,0,13.94,7.66
400032,400032,400410,1.33,0.45,0,13.47,7.83
400033,400033,400435,0.79,0.48,2,61.51,6.49
400034,400034,999999999,3.38,1.8,2,175.8,15.98
400035,400035,400463,4.92,1.31,4,287.56,21.69
400036,400036,400474,1500,1.43,2,174.97,15.91
400037,400037,400492,1.39,0.35,1,65.13,8.03
400038,400038,400499,0.8,0.27,2,-45,4.73
400039,400039,400508,0.82,0.25,0,-35.17,5.54
400040,400040,400531,1.54,0.4,2,49.18,7.95
400041,400041,400544,1.11,0.3,0,-27.78,6.46
400042,400042,,0.85,0.27,1,-30.77,7.33
400043,400043,400578,3.82,1.64,3,177.44,17.36
400044,400044,400583,0.71,0.4,1,-35.12,6.29
400045,400045,400600,0.81,0.24,0,-45,5.49
400046,400046,400611,1.79,0.98,3,108.07,10.64
400047,400047,400626,1.23,0.44,0,-27.5,7.08
400048,400048,400632,0.93,0.35,2,-45,5.7
400049,400049,400646,0.64,0.35,2,8.96,6.47
400050,400050,400657,2.98,1.14,3,166.69,15.09
400100,400051,400671,1.15,0.55,1,48.3,6.94
400052,400052,400694,1.53,0.34,1,135.9,10.79
400053,400053,400711,0.9,0.32,3,45,7
400054,400054,400724,1.4,1300,3,40.48,7.06
400055,400055,400735,3.48,1.28,4,256.77,18.72
400056,400056,400750,1.03,0.54,1,3.27,7.99
400057,400057,400771,0.91,0.21,2,-45,4.77
400058,400058,400787,0.89,0.31,0,-38.19,6.09
400059,400059,400796,2.19,0.59,2,65.09,10.23
400060,,400802,1.79,0.51,4,72.84,10.55
400061,400061,400813,0.88,0.37,1,20.48,5.95
400062,400062,400830,0.66,0.31,1,-42.32,4.6
400063,400063,400840,0.84,0.46,0,-40.11,5.26
400064,400064,400855,2.14,1.13,3,169.13,11.96
400065,400065,400868,1.84,0.85,3,62.47,10.48
400066,400066,400881,2.6,1.09,3,173.84,11.89
400067,400067,400903,1.1,0.3,1,-10.68,7.97
400068,400068,400920,1.23,0.43,4,59.13,8.94
400069,400069,400180,1.28,0.43,3,51.89,7.62
400070,400070,400946,6.54,2.74,3,NOT_A_NUMBER,28.9
400071,400071,400956,3.49,1.5,3,185.98,15.26
400072,400072,400971,1.56,0.63,3,88.83,8.12
400073,400073,400986,0.86,0.32,1,-45,5.05
400074,400074,401003,2.91,0.66,2,107.38,13.14
400075,400075,401022,3.29,1.22,3,224.11,15.06
400076,400076,401042,1.97,0.9,1,60.75,9.25
400077,400077,401052,1.37,0.35,0,4.84,8.25
400078,400078,NOT_A_NUMBER,1.53,0.69,3,67.51,8.35
400079,400079,401081,NOT_A_NUMBER,0.16,1,-45,5.58
400080,400080,401094,1.28,0.36,0,31.82,8.34
NOT_A_NUMBER,400081,401105,1.24,0.46,1,69.77,8.4
400082,400082,401126,2.54,1.18,1,152.35,NOT_A_NUMBER
400083,400083,401143,2.47,0.64,1,113.95,11.6
400084,400084,401167,0.72,0.19,0,-45,5.63
400085,400085,401176,0.91,0.41,1,24.94,6.83
400086,400086,401193,1.37,0.53,4,134.22,8
400087,999999999,401212,0.5,0.31,1,-45,4.88
400088,400088,401226,0.9,0.27,0,-25.79,5.75
400089,400089,401233,2.54,0.68,1,173.91,11.83
400090,400090,401256,3.1,1.09,3,179.72,14.3
400091,400091,401273,2.8,NOT_A_NUMBER,0,91.72,13.45
400092,400092,401288,1.45,0.51,3,107.87,8.29
400093,400093,401300,0.86,0.43,0,-41.22,5.3
400094,400094,401310,0.79,0.29,1,-10.22,5.4
400095,400095,401316,0.44,0.27,1,-45,3.57
400096,400096,401328,3.32,1.24,2,165.29,14.68
400097,400097,401342,3.46,1.05,3,159.28,14.97
400098,400098,401354,0.99,0.36,1,42.58,7.67
400099,400099,401364,1.86,0.77,1,133.36,11.07
400100,400100,401381,0.87,0.38,1,-2.09,5.27
